91 14 79 1 8 38 59 43 0 34 73 47 83 % 83 47 73 34 0 43 59 38 8 1 79 14 91
7 83 50 10 28 71 41 84 5 24 92 80 36 % 36 80 92 24 5 84 41 71 28 10 50 83 7
49 23 84 0 14 69 57 34 8 69 5 73 67 % 67 73 5 69 8 34 57 69 14 0 84 23 49
91 72 46 11 78 69 28 % 28 69 78 11 46 72 91
91 98 90 73 23 24 65 93 22 53 73 8 49 % 49 8 73 53 22 93 65 24 23 73 90 98 91
94 2 73 44 76 64 76 % 76 64 76 44 73 2 94
31 82 89 34 13 78 0 % 0 78 13 34 89 82 31
80 40 7 3 28 51 98 % 98 51 28 3 7 40 80
41 83 67 95 71 66 76 % 76 66 71 95 67 83 41
63 43 24 91 78 67 47 82 94 44 17 53 30 % 30 53 17 44 94 82 47 67 78 91 24 43 63
7 22 39 68 80 65 42 77 94 58 91 1 62 % 62 1 91 58 94 77 42 65 80 68 39 22 7
22 29 71 32 24 31 14 % 14 31 24 32 71 29 22
4 90 19 28 72 95 17 50 48 69 39 83 44 % 44 83 39 69 48 50 17 95 72 28 19 90 4
40 0 4 34 53 86 10 60 93 32 27 61 51 % 51 61 27 32 93 60 10 86 53 34 4 0 40
4 69 65 64 75 15 6 % 6 15 75 64 65 69 4
29 0 12 78 54 24 81 2 49 28 11 38 4 % 4 38 11 28 49 2 81 24 54 78 12 0 29
87 51 0 55 52 50 30 87 7 58 41 52 42 % 42 52 41 58 7 87 30 50 52 55 0 51 87
52 41 13 10 18 51 54 66 24 38 67 35 26 % 26 35 67 38 24 66 54 51 18 10 13 41 52
10 96 72 94 32 3 48 % 48 3 32 94 72 96 10
61 39 77 87 8 79 97 19 18 27 5 77 48 % 48 77 5 27 18 19 97 79 8 87 77 39 61
59 49 56 69 61 0 78 91 9 34 18 84 89 % 89 84 18 34 9 91 78 0 61 69 56 49 59
37 25 51 25 25 72 40 6 27 79 83 71 20 % 20 71 83 79 27 6 40 72 25 25 51 25 37
7 63 76 7 89 81 6 % 6 81 89 7 76 63 7
88 60 16 70 62 48 90 93 51 1 33 93 37 % 37 93 33 1 51 93 90 48 62 70 16 60 88
5 36 25 70 46 12 74 % 74 12 46 70 25 36 5
15 42 31 37 99 26 66 79 59 71 49 10 78 % 78 10 49 71 59 79 66 26 99 37 31 42 15
9 17 33 55 77 28 87 % 87 28 77 55 33 17 9
56 98 81 1 44 5 71 22 29 55 67 81 34 % 34 81 67 55 29 22 71 5 44 1 81 98 56
98 6 78 52 58 32 31 % 31 32 58 52 78 6 98
86 57 21 88 98 17 45 70 94 27 96 77 42 % 42 77 96 27 94 70 45 17 98 88 21 57 86
99 30 92 16 7 54 7 59 58 23 53 54 45 % 45 54 53 23 58 59 7 54 7 16 92 30 99
66 2 8 10 97 69 6 % 6 69 97 10 8 2 66
12 50 27 39 11 80 37 5 82 33 15 47 48 % 48 47 15 33 82 5 37 80 11 39 27 50 12
82 42 72 99 46 22 53 % 53 22 46 99 72 42 82
43 4 27 18 86 80 46 31 81 94 23 87 44 % 44 87 23 94 81 31 46 80 86 18 27 4 43
6 6 21 44 30 69 27 % 27 69 30 44 21 6 6
37 2 25 76 81 18 72 % 72 18 81 76 25 2 37
30 64 9 84 45 89 37 % 37 89 45 84 9 64 30
39 91 50 48 32 0 55 79 29 27 35 97 84 % 84 97 35 27 29 79 55 0 32 48 50 91 39
24 39 10 16 28 9 4 % 4 9 28 16 10 39 24
32 64 87 48 93 92 85 % 85 92 93 48 87 64 32
60 45 88 13 36 86 20 % 20 86 36 13 88 45 60
70 87 77 73 39 65 99 78 33 22 66 28 90 % 90 28 66 22 33 78 99 65 39 73 77 87 70
9 28 81 29 85 19 79 81 87 93 60 24 29 % 29 24 60 93 87 81 79 19 85 29 81 28 9
19 48 76 23 74 17 98 % 98 17 74 23 76 48 19
77 60 85 77 10 54 59 17 80 78 94 84 47 % 47 84 94 78 80 17 59 54 10 77 85 60 77
17 88 33 53 51 65 1 % 1 65 51 53 33 88 17
10 86 28 48 85 74 63 75 71 23 9 81 78 % 78 81 9 23 71 75 63 74 85 48 28 86 10
20 33 85 20 54 92 26 % 26 92 54 20 85 33 20
43 54 5 9 65 46 66 48 72 93 49 9 33 % 33 9 49 93 72 48 66 46 65 9 5 54 43
6 64 88 12 66 72 96 15 67 75 43 85 90 % 90 85 43 75 67 15 96 72 66 12 88 64 6
6 1 64 95 81 34 12 14 78 60 78 40 62 % 62 40 78 60 78 14 12 34 81 95 64 1 6
62 56 62 88 49 33 71 % 71 33 49 88 62 56 62
37 26 91 3 42 33 84 % 84 33 42 3 91 26 37
47 58 3 0 32 15 95 % 95 15 32 0 3 58 47
63 12 25 90 59 13 86 17 28 6 30 11 51 % 51 11 30 6 28 17 86 13 59 90 25 12 63
19 79 50 76 97 84 55 81 84 95 32 80 54 % 54 80 32 95 84 81 55 84 97 76 50 79 19
25 58 40 90 82 46 36 31 92 14 51 0 90 % 90 0 51 14 92 31 36 46 82 90 40 58 25
54 53 61 23 54 1 73 90 81 48 78 75 27 % 27 75 78 48 81 90 73 1 54 23 61 53 54
34 51 87 11 42 38 61 % 61 38 42 11 87 51 34
15 58 50 80 96 28 57 12 93 55 37 74 34 % 34 74 37 55 93 12 57 28 96 80 50 58 15
0 74 61 76 72 51 60 11 3 4 9 59 28 % 28 59 9 4 3 11 60 51 72 76 61 74 0
40 25 67 11 19 29 79 49 0 98 39 16 26 % 26 16 39 98 0 49 79 29 19 11 67 25 40
25 25 84 85 74 97 51 58 80 60 23 47 35 % 35 47 23 60 80 58 51 97 74 85 84 25 25
77 86 5 62 50 97 98 64 13 78 7 9 59 % 59 9 7 78 13 64 98 97 50 62 5 86 77
78 61 53 64 56 4 5 % 5 4 56 64 53 61 78
88 8 76 40 42 4 57 % 57 4 42 40 76 8 88
71 0 13 61 12 94 95 9 29 65 93 17 17 % 17 17 93 65 29 9 95 94 12 61 13 0 71
4 17 14 99 19 45 91 % 91 45 19 99 14 17 4
23 48 2 16 92 28 62 % 62 28 92 16 2 48 23
55 23 82 96 77 80 90 % 90 80 77 96 82 23 55
76 68 27 0 83 64 84 31 28 45 95 26 37 % 37 26 95 45 28 31 84 64 83 0 27 68 76
80 20 29 37 68 1 51 44 4 32 70 20 56 % 56 20 70 32 4 44 51 1 68 37 29 20 80
67 42 51 81 69 77 65 % 65 77 69 81 51 42 67
61 17 76 36 48 48 53 % 53 48 48 36 76 17 61
89 24 55 79 22 39 40 54 22 58 81 27 84 % 84 27 81 58 22 54 40 39 22 79 55 24 89
95 67 28 61 19 8 12 79 34 25 68 16 2 % 2 16 68 25 34 79 12 8 19 61 28 67 95
46 75 34 9 45 93 10 % 10 93 45 9 34 75 46
49 77 84 33 64 86 75 35 9 76 16 0 6 % 6 0 16 76 9 35 75 86 64 33 84 77 49
68 71 90 6 76 3 40 % 40 3 76 6 90 71 68
25 88 27 9 55 17 96 62 24 25 87 96 50 % 50 96 87 25 24 62 96 17 55 9 27 88 25
11 58 89 33 34 43 20 88 54 12 71 27 46 % 46 27 71 12 54 88 20 43 34 33 89 58 11
54 32 89 25 41 77 93 % 93 77 41 25 89 32 54
42 29 67 80 93 62 22 97 78 36 27 72 12 % 12 72 27 36 78 97 22 62 93 80 67 29 42
76 59 17 58 24 63 91 % 91 63 24 58 17 59 76
48 75 92 55 53 62 64 25 92 56 48 98 80 % 80 98 48 56 92 25 64 62 53 55 92 75 48
56 51 24 59 68 49 54 % 54 49 68 59 24 51 56
41 57 77 6 59 89 4 % 4 89 59 6 77 57 41
70 24 87 8 92 17 66 % 66 17 92 8 87 24 70
74 63 77 7 55 17 47 10 72 6 28 81 70 % 70 81 28 6 72 10 47 17 55 7 77 63 74
54 1 11 75 85 36 32 49 89 69 6 48 1 % 1 48 6 69 89 49 32 36 85 75 11 1 54
6 28 54 49 4 32 15 % 15 32 4 49 54 28 6
50 67 30 94 5 65 86 % 86 65 5 94 30 67 50
78 4 97 52 49 6 80 36 83 58 56 86 43 % 43 86 56 58 83 36 80 6 49 52 97 4 78
11 99 15 71 98 12 79 72 82 15 34 45 35 % 35 45 34 15 82 72 79 12 98 71 15 99 11
3 2 4 6 7 13 3 13 93 69 73 92 7 % 7 92 73 69 93 13 3 13 7 6 4 2 3
5 48 90 35 26 56 28 17 3 46 61 88 22 % 22 88 61 46 3 17 28 56 26 35 90 48 5
55 48 44 42 91 6 64 39 40 65 60 18 22 % 22 18 60 65 40 39 64 6 91 42 44 48 55
50 25 95 2 49 64 70 58 3 87 49 79 65 % 65 79 49 87 3 58 70 64 49 2 95 25 50
18 91 41 10 69 71 10 % 10 71 69 10 41 91 18
85 15 41 2 47 80 70 69 70 68 67 77 78 % 78 77 67 68 70 69 70 80 47 2 41 15 85
76 89 62 47 98 5 59 62 49 53 51 71 35 % 35 71 51 53 49 62 59 5 98 47 62 89 76
18 80 38 25 55 31 47 % 47 31 55 25 38 80 18
90 95 20 26 2 99 18 % 18 99 2 26 20 95 90
31 3 23 8 25 12 79 59 88 78 36 98 16 % 16 98 36 78 88 59 79 12 25 8 23 3 31
5 74 74 27 71 11 5 % 5 11 71 27 74 74 5
60 18 76 98 14 85 38 % 38 85 14 98 76 18 60
12 16 71 89 78 90 76 30 63 6 0 70 91 % 91 70 0 6 63 30 76 90 78 89 71 16 12
35 61 3 66 29 64 76 77 17 85 19 69 90 % 90 69 19 85 17 77 76 64 29 66 3 61 35
63 28 51 12 44 67 67 22 1 99 71 42 77 % 77 42 71 99 1 22 67 67 44 12 51 28 63
89 18 89 9 17 74 42 % 42 74 17 9 89 18 89
55 1 78 6 70 73 89 % 89 73 70 6 78 1 55
55 98 77 53 66 20 35 % 35 20 66 53 77 98 55
58 85 0 8 44 78 8 % 8 78 44 8 0 85 58
87 47 41 70 18 91 31 56 28 36 49 92 72 % 72 92 49 36 28 56 31 91 18 70 41 47 87
15 2 25 8 44 31 9 9 29 15 96 80 76 % 76 80 96 15 29 9 9 31 44 8 25 2 15
84 22 22 45 56 47 29 38 64 81 45 74 18 % 18 74 45 81 64 38 29 47 56 45 22 22 84
58 38 64 71 91 86 4 34 11 37 95 24 78 % 78 24 95 37 11 34 4 86 91 71 64 38 58
20 95 20 0 48 62 88 % 88 62 48 0 20 95 20
96 18 13 95 46 9 83 % 83 9 46 95 13 18 96
10 41 67 24 42 13 73 % 73 13 42 24 67 41 10
18 80 67 4 11 53 95 34 87 66 71 43 31 % 31 43 71 66 87 34 95 53 11 4 67 80 18
4 36 83 14 87 19 54 61 36 40 56 66 65 % 65 66 56 40 36 61 54 19 87 14 83 36 4
16 82 49 29 33 40 66 % 66 40 33 29 49 82 16
94 67 62 41 54 27 99 % 99 27 54 41 62 67 94
94 92 16 73 33 91 27 84 9 21 48 63 8 % 8 63 48 21 9 84 27 91 33 73 16 92 94
85 83 17 50 49 55 4 8 67 37 97 77 88 % 88 77 97 37 67 8 4 55 49 50 17 83 85
55 86 86 92 47 83 84 15 38 42 58 76 3 % 3 76 58 42 38 15 84 83 47 92 86 86 55
50 76 68 11 25 48 69 % 69 48 25 11 68 76 50
30 26 69 94 82 33 61 35 65 71 1 7 44 % 44 7 1 71 65 35 61 33 82 94 69 26 30
60 97 66 45 52 42 74 20 40 90 97 53 52 % 52 53 97 90 40 20 74 42 52 45 66 97 60
35 75 80 25 77 16 64 % 64 16 77 25 80 75 35
57 16 98 24 36 59 57 82 50 25 95 31 26 % 26 31 95 25 50 82 57 59 36 24 98 16 57
13 96 14 24 21 1 33 % 33 1 21 24 14 96 13
85 37 41 70 45 1 52 48 34 34 42 94 92 % 92 94 42 34 34 48 52 1 45 70 41 37 85
4 46 36 32 67 17 91 22 38 80 51 1 62 % 62 1 51 80 38 22 91 17 67 32 36 46 4
24 93 82 12 9 83 68 87 99 42 88 28 66 % 66 28 88 42 99 87 68 83 9 12 82 93 24
66 76 63 64 26 62 97 91 31 19 95 59 64 % 64 59 95 19 31 91 97 62 26 64 63 76 66
37 6 82 66 92 24 30 % 30 24 92 66 82 6 37
1 8 42 57 49 33 12 % 12 33 49 57 42 8 1
88 31 26 16 67 16 85 19 32 59 94 19 17 % 17 19 94 59 32 19 85 16 67 16 26 31 88
54 24 41 74 21 66 95 33 0 82 58 30 51 % 51 30 58 82 0 33 95 66 21 74 41 24 54
87 70 11 70 91 2 84 32 48 56 0 65 51 % 51 65 0 56 48 32 84 2 91 70 11 70 87
8 35 27 31 45 4 11 80 75 51 14 79 48 % 48 79 14 51 75 80 11 4 45 31 27 35 8
24 38 7 54 32 51 0 % 0 51 32 54 7 38 24
68 64 52 76 32 6 33 % 33 6 32 76 52 64 68
39 61 70 75 73 35 53 34 78 44 26 27 0 % 0 27 26 44 78 34 53 35 73 75 70 61 39
11 16 1 57 67 68 3 % 3 68 67 57 1 16 11
37 93 66 46 85 89 54 96 26 19 20 8 95 % 95 8 20 19 26 96 54 89 85 46 66 93 37
92 43 3 49 11 52 74 54 36 83 14 30 33 % 33 30 14 83 36 54 74 52 11 49 3 43 92
20 80 65 38 42 6 92 % 92 6 42 38 65 80 20
80 53 30 4 62 28 67 % 67 28 62 4 30 53 80
0 51 61 62 51 99 70 50 18 68 94 85 0 % 0 85 94 68 18 50 70 99 51 62 61 51 0
86 93 92 89 74 49 58 % 58 49 74 89 92 93 86
10 28 83 18 41 20 48 44 59 28 56 40 73 % 73 40 56 28 59 44 48 20 41 18 83 28 10
26 53 29 53 39 24 73 97 40 80 53 13 35 % 35 13 53 80 40 97 73 24 39 53 29 53 26
83 20 60 59 33 26 11 % 11 26 33 59 60 20 83
7 48 31 61 52 66 39 % 39 66 52 61 31 48 7
39 53 66 9 95 33 92 % 92 33 95 9 66 53 39
31 35 54 65 46 37 95 85 28 46 49 42 17 % 17 42 49 46 28 85 95 37 46 65 54 35 31
99 96 25 2 78 95 18 78 89 59 92 49 32 % 32 49 92 59 89 78 18 95 78 2 25 96 99
93 30 93 36 80 9 22 53 86 48 53 83 58 % 58 83 53 48 86 53 22 9 80 36 93 30 93
81 70 56 72 51 96 8 % 8 96 51 72 56 70 81
76 2 26 54 44 10 10 99 63 36 56 97 67 % 67 97 56 36 63 99 10 10 44 54 26 2 76
33 66 78 2 86 54 6 % 6 54 86 2 78 66 33
71 4 37 88 31 96 85 0 58 3 93 26 22 % 22 26 93 3 58 0 85 96 31 88 37 4 71
27 96 15 4 2 25 48 70 27 80 50 53 55 % 55 53 50 80 27 70 48 25 2 4 15 96 27
58 95 29 65 74 71 57 55 63 66 29 65 93 % 93 65 29 66 63 55 57 71 74 65 29 95 58
60 3 31 23 33 93 98 % 98 93 33 23 31 3 60
24 88 18 28 91 62 50 81 61 95 25 78 17 % 17 78 25 95 61 81 50 62 91 28 18 88 24
63 73 23 62 38 61 40 % 40 61 38 62 23 73 63
11 91 53 52 68 5 30 5 16 95 34 64 87 % 87 64 34 95 16 5 30 5 68 52 53 91 11
64 26 58 27 35 20 3 % 3 20 35 27 58 26 64
79 67 47 64 7 69 8 % 8 69 7 64 47 67 79
33 43 58 66 95 68 19 % 19 68 95 66 58 43 33
10 4 18 36 69 21 37 % 37 21 69 36 18 4 10
96 31 74 54 4 30 24 27 76 78 79 23 27 % 27 23 79 78 76 27 24 30 4 54 74 31 96
33 79 6 4 32 30 8 27 55 69 0 99 46 % 46 99 0 69 55 27 8 30 32 4 6 79 33
45 56 14 12 60 97 34 % 34 97 60 12 14 56 45
18 15 42 20 73 43 79 6 50 96 6 32 52 % 52 32 6 96 50 6 79 43 73 20 42 15 18
38 43 61 51 5 38 56 8 50 46 34 65 96 % 96 65 34 46 50 8 56 38 5 51 61 43 38
27 1 50 94 90 62 52 65 39 62 27 81 12 % 12 81 27 62 39 65 52 62 90 94 50 1 27
45 7 81 10 50 37 83 % 83 37 50 10 81 7 45
25 85 32 80 89 77 86 93 10 38 31 50 96 % 96 50 31 38 10 93 86 77 89 80 32 85 25
91 46 70 18 92 5 96 39 79 64 73 26 48 % 48 26 73 64 79 39 96 5 92 18 70 46 91
65 46 44 3 29 92 50 53 94 15 24 71 34 % 34 71 24 15 94 53 50 92 29 3 44 46 65
15 81 3 41 21 52 83 % 83 52 21 41 3 81 15
59 30 91 62 4 75 70 48 92 10 68 19 80 % 80 19 68 10 92 48 70 75 4 62 91 30 59
49 5 27 57 72 62 38 % 38 62 72 57 27 5 49
82 15 81 5 54 12 44 51 2 43 20 38 26 % 26 38 20 43 2 51 44 12 54 5 81 15 82
6 48 54 5 6 36 8 % 8 36 6 5 54 48 6
16 67 5 70 44 54 52 77 87 72 78 91 33 % 33 91 78 72 87 77 52 54 44 70 5 67 16
60 61 94 67 32 63 8 % 8 63 32 67 94 61 60
46 90 13 19 48 24 25 75 86 41 58 40 36 % 36 40 58 41 86 75 25 24 48 19 13 90 46
21 26 87 9 18 4 14 % 14 4 18 9 87 26 21
30 50 3 25 40 17 58 % 58 17 40 25 3 50 30
40 76 76 49 45 82 12 64 18 87 87 70 36 % 36 70 87 87 18 64 12 82 45 49 76 76 40
28 31 49 27 72 54 78 % 78 54 72 27 49 31 28
11 59 56 81 39 31 20 % 20 31 39 81 56 59 11
89 20 25 15 34 28 1 55 31 37 45 61 41 % 41 61 45 37 31 55 1 28 34 15 25 20 89
36 45 25 24 80 44 21 % 21 44 80 24 25 45 36
99 60 58 57 29 51 25 10 50 44 77 68 39 % 39 68 77 44 50 10 25 51 29 57 58 60 99
8 14 29 41 14 67 39 65 89 50 58 2 84 % 84 2 58 50 89 65 39 67 14 41 29 14 8
32 30 58 92 66 88 6 % 6 88 66 92 58 30 32
33 58 58 87 17 6 41 % 41 6 17 87 58 58 33
81 9 26 95 99 69 28 96 53 19 57 5 51 % 51 5 57 19 53 96 28 69 99 95 26 9 81
21 50 28 99 69 59 98 % 98 59 69 99 28 50 21
76 81 32 74 51 28 15 29 51 23 45 37 9 % 9 37 45 23 51 29 15 28 51 74 32 81 76
91 6 52 31 16 66 70 35 68 63 89 92 2 % 2 92 89 63 68 35 70 66 16 31 52 6 91
50 91 31 19 59 64 78 % 78 64 59 19 31 91 50
27 96 70 64 40 44 47 % 47 44 40 64 70 96 27
82 7 65 36 44 99 51 0 25 28 35 88 65 % 65 88 35 28 25 0 51 99 44 36 65 7 82
29 20 41 83 66 51 10 58 2 31 85 55 78 % 78 55 85 31 2 58 10 51 66 83 41 20 29
12 52 78 99 25 52 70 31 57 48 66 24 40 % 40 24 66 48 57 31 70 52 25 99 78 52 12
98 42 7 96 63 81 84 % 84 81 63 96 7 42 98
74 70 12 11 34 43 22 68 91 52 57 22 55 % 55 22 57 52 91 68 22 43 34 11 12 70 74
60 58 17 45 83 71 66 16 34 81 59 64 24 % 24 64 59 81 34 16 66 71 83 45 17 58 60
13 38 71 58 15 44 90 % 90 44 15 58 71 38 13
6 9 7 7 19 54 79 % 79 54 19 7 7 9 6
50 70 17 30 22 67 61 17 78 43 37 17 48 % 48 17 37 43 78 17 61 67 22 30 17 70 50
8 29 57 20 25 26 26 90 19 52 79 22 53 % 53 22 79 52 19 90 26 26 25 20 57 29 8
60 14 49 36 32 99 61 % 61 99 32 36 49 14 60
58 29 6 87 63 96 41 81 66 52 2 96 17 % 17 96 2 52 66 81 41 96 63 87 6 29 58
32 55 86 60 52 44 4 % 4 44 52 60 86 55 32
30 85 55 64 50 5 99 % 99 5 50 64 55 85 30
99 5 51 53 51 93 87 % 87 93 51 53 51 5 99
24 24 38 79 20 24 20 29 82 70 0 17 4 % 4 17 0 70 82 29 20 24 20 79 38 24 24
14 12 39 82 29 54 79 1 91 29 96 83 17 % 17 83 96 29 91 1 79 54 29 82 39 12 14
27 21 33 48 96 85 95 40 4 85 41 81 91 % 91 81 41 85 4 40 95 85 96 48 33 21 27
15 67 43 23 44 69 94 % 94 69 44 23 43 67 15
57 43 58 7 4 36 97 13 8 58 48 14 68 % 68 14 48 58 8 13 97 36 4 7 58 43 57
36 33 83 1 13 39 9 4 14 38 45 1 70 % 70 1 45 38 14 4 9 39 13 1 83 33 36
53 5 81 5 84 30 3 41 25 28 47 44 36 % 36 44 47 28 25 41 3 30 84 5 81 5 53
58 42 14 82 73 22 86 69 10 1 11 74 74 % 74 74 11 1 10 69 86 22 73 82 14 42 58
71 48 45 50 92 2 71 % 71 2 92 50 45 48 71
38 53 12 8 31 65 18 % 18 65 31 8 12 53 38
10 97 86 64 76 89 21 % 21 89 76 64 86 97 10
7 50 77 48 24 91 43 % 43 91 24 48 77 50 7
93 41 9 31 23 24 74 57 53 29 19 27 15 % 15 27 19 29 53 57 74 24 23 31 9 41 93
88 39 60 31 17 4 62 82 38 24 83 21 66 % 66 21 83 24 38 82 62 4 17 31 60 39 88
10 13 39 31 42 70 77 92 60 60 45 6 41 % 41 6 45 60 60 92 77 70 42 31 39 13 10
24 34 95 25 42 1 70 54 11 79 81 84 52 % 52 84 81 79 11 54 70 1 42 25 95 34 24
71 58 14 80 70 37 92 36 67 25 87 63 29 % 29 63 87 25 67 36 92 37 70 80 14 58 71
8 64 78 4 35 17 37 % 37 17 35 4 78 64 8
92 69 86 37 51 51 33 96 71 18 39 44 35 % 35 44 39 18 71 96 33 51 51 37 86 69 92
56 21 93 5 27 32 45 9 32 79 79 25 90 % 90 25 79 79 32 9 45 32 27 5 93 21 56
38 74 83 28 92 4 32 % 32 4 92 28 83 74 38
3 93 47 73 1 87 61 83 7 38 43 30 77 % 77 30 43 38 7 83 61 87 1 73 47 93 3
7 36 94 4 50 0 44 % 44 0 50 4 94 36 7
31 61 10 45 70 55 90 % 90 55 70 45 10 61 31
61 99 57 38 86 33 12 77 22 97 53 6 80 % 80 6 53 97 22 77 12 33 86 38 57 99 61
26 95 54 44 23 39 71 % 71 39 23 44 54 95 26
18 64 90 28 17 17 72 74 53 87 52 6 59 % 59 6 52 87 53 74 72 17 17 28 90 64 18
73 54 83 48 86 83 87 % 87 83 86 48 83 54 73
37 0 33 54 7 28 44 11 91 33 14 7 42 % 42 7 14 33 91 11 44 28 7 54 33 0 37
20 68 58 15 44 22 11 3 50 55 93 48 77 % 77 48 93 55 50 3 11 22 44 15 58 68 20
7 88 78 24 19 52 58 62 79 13 23 79 2 % 2 79 23 13 79 62 58 52 19 24 78 88 7
79 38 96 25 13 97 40 % 40 97 13 25 96 38 79
84 56 96 34 32 82 25 3 54 61 67 55 66 % 66 55 67 61 54 3 25 82 32 34 96 56 84
18 10 18 66 15 27 92 90 60 31 33 48 44 % 44 48 33 31 60 90 92 27 15 66 18 10 18
78 16 55 28 29 50 35 38 27 30 45 32 59 % 59 32 45 30 27 38 35 50 29 28 55 16 78
75 32 48 97 41 68 25 53 75 47 1 12 83 % 83 12 1 47 75 53 25 68 41 97 48 32 75
86 45 59 43 53 24 85 0 99 61 83 31 55 % 55 31 83 61 99 0 85 24 53 43 59 45 86
80 75 47 31 31 86 80 55 98 20 27 59 61 % 61 59 27 20 98 55 80 86 31 31 47 75 80
54 81 84 48 44 78 80 45 83 23 16 80 92 % 92 80 16 23 83 45 80 78 44 48 84 81 54
58 4 0 41 82 66 18 % 18 66 82 41 0 4 58
15 22 36 51 17 65 99 94 25 45 79 82 80 % 80 82 79 45 25 94 99 65 17 51 36 22 15
84 62 17 55 43 87 45 % 45 87 43 55 17 62 84
64 92 44 94 58 57 76 69 3 92 38 55 78 % 78 55 38 92 3 69 76 57 58 94 44 92 64
80 50 64 26 99 58 61 % 61 58 99 26 64 50 80
44 67 97 79 36 80 56 % 56 80 36 79 97 67 44
79 45 67 62 7 8 8 % 8 8 7 62 67 45 79
64 76 33 80 10 84 45 % 45 84 10 80 33 76 64
89 58 26 0 74 90 46 31 5 4 3 80 10 % 10 80 3 4 5 31 46 90 74 0 26 58 89
89 30 77 56 25 4 76 % 76 4 25 56 77 30 89
39 10 44 91 93 61 45 88 4 26 72 30 49 % 49 30 72 26 4 88 45 61 93 91 44 10 39
65 74 24 30 62 85 34 % 34 85 62 30 24 74 65
79 42 77 77 37 52 44 68 19 81 17 89 79 % 79 89 17 81 19 68 44 52 37 77 77 42 79
11 1 55 95 43 88 91 70 78 47 54 94 28 % 28 94 54 47 78 70 91 88 43 95 55 1 11
55 69 33 73 62 44 91 71 30 33 8 87 47 % 47 87 8 33 30 71 91 44 62 73 33 69 55
22 18 20 23 69 91 82 % 82 91 69 23 20 18 22
6 93 27 3 8 59 29 55 1 35 27 70 62 % 62 70 27 35 1 55 29 59 8 3 27 93 6
51 47 58 65 75 77 90 % 90 77 75 65 58 47 51
65 85 17 44 56 36 83 33 2 1 39 89 79 % 79 89 39 1 2 33 83 36 56 44 17 85 65
44 5 57 42 16 42 81 % 81 42 16 42 57 5 44
56 5 64 19 86 45 41 % 41 45 86 19 64 5 56
27 18 11 61 48 36 78 % 78 36 48 61 11 18 27
53 9 37 65 87 33 37 % 37 33 87 65 37 9 53
7 44 28 43 25 5 8 % 8 5 25 43 28 44 7
52 4 9 45 17 36 96 71 71 5 56 94 6 % 6 94 56 5 71 71 96 36 17 45 9 4 52
43 9 27 73 75 24 40 73 28 93 91 67 70 % 70 67 91 93 28 73 40 24 75 73 27 9 43
38 3 65 28 45 8 51 % 51 8 45 28 65 3 38
36 25 24 85 27 65 57 % 57 65 27 85 24 25 36
78 51 25 94 21 99 99 % 99 99 21 94 25 51 78
3 32 33 62 95 21 8 % 8 21 95 62 33 32 3
56 53 88 18 41 45 77 % 77 45 41 18 88 53 56
11 56 21 81 57 81 39 % 39 81 57 81 21 56 11
71 70 19 90 19 35 28 % 28 35 19 90 19 70 71
67 70 2 51 36 45 23 % 23 45 36 51 2 70 67
54 64 53 52 61 89 2 76 15 89 82 15 83 % 83 15 82 89 15 76 2 89 61 52 53 64 54
5 76 86 91 98 71 90 % 90 71 98 91 86 76 5
80 27 25 54 96 37 30 94 78 50 81 93 80 % 80 93 81 50 78 94 30 37 96 54 25 27 80
60 26 67 96 65 18 75 91 13 47 99 11 48 % 48 11 99 47 13 91 75 18 65 96 67 26 60
77 71 47 68 42 92 19 11 38 25 53 53 58 % 58 53 53 25 38 11 19 92 42 68 47 71 77
40 17 53 16 28 50 27 % 27 50 28 16 53 17 40
28 18 83 92 21 8 87 82 34 69 82 2 57 % 57 2 82 69 34 82 87 8 21 92 83 18 28
4 11 3 28 50 69 5 % 5 69 50 28 3 11 4
62 51 80 77 98 11 36 77 22 16 45 88 21 % 21 88 45 16 22 77 36 11 98 77 80 51 62
73 73 59 90 48 28 62 % 62 28 48 90 59 73 73
69 88 24 68 14 26 5 % 5 26 14 68 24 88 69
33 61 85 48 41 78 92 61 91 69 44 57 76 % 76 57 44 69 91 61 92 78 41 48 85 61 33
67 83 42 64 62 43 65 % 65 43 62 64 42 83 67
76 21 79 89 49 98 41 74 15 20 54 91 91 % 91 91 54 20 15 74 41 98 49 89 79 21 76
99 35 79 67 84 31 91 79 28 56 25 85 68 % 68 85 25 56 28 79 91 31 84 67 79 35 99
49 1 76 12 67 74 43 30 3 69 21 21 15 % 15 21 21 69 3 30 43 74 67 12 76 1 49
45 9 52 79 46 63 91 85 85 74 7 25 47 % 47 25 7 74 85 85 91 63 46 79 52 9 45
86 98 64 71 44 18 91 30 85 52 20 4 40 % 40 4 20 52 85 30 91 18 44 71 64 98 86
17 77 69 98 77 72 88 48 71 52 9 19 46 % 46 19 9 52 71 48 88 72 77 98 69 77 17
39 93 46 7 48 29 7 % 7 29 48 7 46 93 39
60 46 82 47 46 53 3 % 3 53 46 47 82 46 60
52 78 3 23 76 3 39 96 18 44 38 58 39 % 39 58 38 44 18 96 39 3 76 23 3 78 52
70 51 53 82 99 34 5 % 5 34 99 82 53 51 70
5 85 35 21 20 6 31 57 85 55 9 14 19 % 19 14 9 55 85 57 31 6 20 21 35 85 5
81 10 59 25 85 85 76 % 76 85 85 25 59 10 81
10 15 57 9 50 90 93 % 93 90 50 9 57 15 10
39 70 18 1 91 21 88 88 95 46 25 72 42 % 42 72 25 46 95 88 88 21 91 1 18 70 39
28 42 95 60 65 19 54 23 74 1 33 75 64 % 64 75 33 1 74 23 54 19 65 60 95 42 28
69 98 18 57 48 19 91 % 91 19 48 57 18 98 69
59 39 12 33 82 95 45 % 45 95 82 33 12 39 59
10 33 90 37 54 0 97 % 97 0 54 37 90 33 10
20 6 72 77 55 84 89 68 25 38 51 90 44 % 44 90 51 38 25 68 89 84 55 77 72 6 20
75 37 47 78 36 27 7 % 7 27 36 78 47 37 75
29 31 51 59 25 88 41 64 99 7 92 6 74 % 74 6 92 7 99 64 41 88 25 59 51 31 29
13 2 18 17 74 11 20 % 20 11 74 17 18 2 13
38 51 57 37 57 43 12 % 12 43 57 37 57 51 38
59 19 82 24 46 1 98 29 46 98 89 71 19 % 19 71 89 98 46 29 98 1 46 24 82 19 59
93 90 18 51 81 92 77 97 45 4 23 57 68 % 68 57 23 4 45 97 77 92 81 51 18 90 93
11 78 24 57 54 10 76 % 76 10 54 57 24 78 11
68 22 23 68 6 88 27 % 27 88 6 68 23 22 68
20 83 24 66 35 47 3 % 3 47 35 66 24 83 20
53 83 52 6 25 92 64 66 51 76 62 65 96 % 96 65 62 76 51 66 64 92 25 6 52 83 53
52 75 93 40 16 5 58 11 41 32 47 75 48 % 48 75 47 32 41 11 58 5 16 40 93 75 52
29 73 87 30 48 22 97 92 54 20 34 43 82 % 82 43 34 20 54 92 97 22 48 30 87 73 29
83 59 72 82 46 70 42 95 76 8 29 17 36 % 36 17 29 8 76 95 42 70 46 82 72 59 83
74 76 76 82 86 33 8 % 8 33 86 82 76 76 74
40 97 46 91 47 9 43 43 45 19 48 3 54 % 54 3 48 19 45 43 43 9 47 91 46 97 40
70 26 46 52 50 96 39 94 2 87 71 67 25 % 25 67 71 87 2 94 39 96 50 52 46 26 70
48 84 67 97 30 4 87 % 87 4 30 97 67 84 48
69 20 99 55 78 40 88 31 3 15 18 96 78 % 78 96 18 15 3 31 88 40 78 55 99 20 69
12 36 71 82 31 49 88 19 9 70 18 73 49 % 49 73 18 70 9 19 88 49 31 82 71 36 12
15 15 55 68 49 7 58 41 47 10 0 19 84 % 84 19 0 10 47 41 58 7 49 68 55 15 15
22 72 36 63 94 2 30 81 14 96 17 65 15 % 15 65 17 96 14 81 30 2 94 63 36 72 22
27 39 24 53 33 84 98 % 98 84 33 53 24 39 27
78 73 48 68 96 45 31 % 31 45 96 68 48 73 78
43 47 82 29 77 10 84 59 19 60 10 67 55 % 55 67 10 60 19 59 84 10 77 29 82 47 43
21 21 23 42 75 87 83 87 87 47 12 74 72 % 72 74 12 47 87 87 83 87 75 42 23 21 21
92 36 94 34 81 51 20 21 25 56 38 53 7 % 7 53 38 56 25 21 20 51 81 34 94 36 92
71 55 81 83 91 35 23 0 4 63 7 95 44 % 44 95 7 63 4 0 23 35 91 83 81 55 71
37 63 79 46 17 9 96 % 96 9 17 46 79 63 37
30 21 70 15 17 9 0 24 57 69 7 91 39 % 39 91 7 69 57 24 0 9 17 15 70 21 30
75 68 85 94 44 24 22 % 22 24 44 94 85 68 75
27 62 5 51 84 10 66 % 66 10 84 51 5 62 27
69 12 80 24 38 71 59 % 59 71 38 24 80 12 69
62 23 63 72 20 41 54 % 54 41 20 72 63 23 62
77 76 83 65 89 18 9 % 9 18 89 65 83 76 77
66 64 3 44 44 55 24 18 90 65 57 78 11 % 11 78 57 65 90 18 24 55 44 44 3 64 66
8 37 53 51 41 79 87 6 81 9 71 35 69 % 69 35 71 9 81 6 87 79 41 51 53 37 8
59 87 51 57 16 57 13 24 93 7 52 84 29 % 29 84 52 7 93 24 13 57 16 57 51 87 59
40 29 84 57 26 22 63 % 63 22 26 57 84 29 40
56 24 96 47 11 69 62 9 42 87 14 85 43 % 43 85 14 87 42 9 62 69 11 47 96 24 56
3 14 5 48 7 82 62 44 51 26 36 95 66 % 66 95 36 26 51 44 62 82 7 48 5 14 3
44 18 71 24 10 69 39 % 39 69 10 24 71 18 44
7 83 23 65 2 8 17 % 17 8 2 65 23 83 7
14 2 91 48 30 20 37 83 73 46 92 26 9 % 9 26 92 46 73 83 37 20 30 48 91 2 14
72 88 51 63 22 78 40 % 40 78 22 63 51 88 72
95 94 76 95 5 26 19 16 14 73 81 35 62 % 62 35 81 73 14 16 19 26 5 95 76 94 95
88 68 70 60 35 87 69 77 90 65 4 65 95 % 95 65 4 65 90 77 69 87 35 60 70 68 88
10 44 16 38 45 87 17 % 17 87 45 38 16 44 10
98 82 48 3 68 54 34 88 35 99 98 36 85 % 85 36 98 99 35 88 34 54 68 3 48 82 98
33 56 69 62 73 62 19 53 85 59 18 15 75 % 75 15 18 59 85 53 19 62 73 62 69 56 33
57 93 73 23 13 31 24 % 24 31 13 23 73 93 57
77 48 89 33 2 72 44 % 44 72 2 33 89 48 77
41 82 24 37 18 49 2 72 94 89 58 93 67 % 67 93 58 89 94 72 2 49 18 37 24 82 41
65 16 10 21 25 46 46 % 46 46 25 21 10 16 65
14 17 55 98 87 16 75 % 75 16 87 98 55 17 14
29 69 42 32 96 21 33 96 16 17 1 48 27 % 27 48 1 17 16 96 33 21 96 32 42 69 29
19 13 26 32 37 96 83 0 3 83 33 23 66 % 66 23 33 83 3 0 83 96 37 32 26 13 19
11 25 83 95 19 23 92 % 92 23 19 95 83 25 11
69 81 12 33 91 56 59 53 44 38 61 1 22 % 22 1 61 38 44 53 59 56 91 33 12 81 69
58 45 97 1 72 50 38 6 9 21 50 38 53 % 53 38 50 21 9 6 38 50 72 1 97 45 58
26 94 61 74 36 90 99 45 13 15 55 38 50 % 50 38 55 15 13 45 99 90 36 74 61 94 26
54 54 71 99 55 64 64 % 64 64 55 99 71 54 54
61 48 82 32 38 98 95 37 79 96 55 16 77 % 77 16 55 96 79 37 95 98 38 32 82 48 61
54 66 8 43 15 0 91 38 7 75 67 81 74 % 74 81 67 75 7 38 91 0 15 43 8 66 54
82 25 50 64 90 35 53 45 0 13 99 74 38 % 38 74 99 13 0 45 53 35 90 64 50 25 82
41 36 85 55 85 79 49 % 49 79 85 55 85 36 41
58 61 34 82 21 71 21 % 21 71 21 82 34 61 58
62 77 64 56 5 28 35 93 78 4 1 49 60 % 60 49 1 4 78 93 35 28 5 56 64 77 62
21 79 87 0 76 22 17 98 60 50 42 50 98 % 98 50 42 50 60 98 17 22 76 0 87 79 21
82 86 20 26 98 98 48 99 48 36 50 76 49 % 49 76 50 36 48 99 48 98 98 26 20 86 82
59 9 90 75 97 16 77 72 52 32 68 28 59 % 59 28 68 32 52 72 77 16 97 75 90 9 59
59 22 70 25 43 88 30 % 30 88 43 25 70 22 59
97 94 82 36 81 13 36 % 36 13 81 36 82 94 97
61 14 94 30 26 39 38 9 1 62 11 16 84 % 84 16 11 62 1 9 38 39 26 30 94 14 61
69 66 46 21 83 29 84 22 96 88 46 0 35 % 35 0 46 88 96 22 84 29 83 21 46 66 69
71 48 6 19 21 39 68 % 68 39 21 19 6 48 71
7 20 57 88 98 21 85 62 46 62 65 71 61 % 61 71 65 62 46 62 85 21 98 88 57 20 7
4 46 9 31 53 32 70 % 70 32 53 31 9 46 4
12 20 24 94 50 68 55 60 41 47 57 10 42 % 42 10 57 47 41 60 55 68 50 94 24 20 12
38 1 37 74 0 93 41 % 41 93 0 74 37 1 38
74 2 50 16 14 87 24 % 24 87 14 16 50 2 74
24 2 6 42 40 80 53 4 61 29 83 96 96 % 96 96 83 29 61 4 53 80 40 42 6 2 24
27 40 25 3 69 88 58 96 75 39 71 29 31 % 31 29 71 39 75 96 58 88 69 3 25 40 27
46 51 72 28 17 37 83 % 83 37 17 28 72 51 46
19 36 53 45 13 50 96 89 76 97 26 35 67 % 67 35 26 97 76 89 96 50 13 45 53 36 19
55 40 66 67 86 60 69 % 69 60 86 67 66 40 55
32 48 99 93 97 82 89 % 89 82 97 93 99 48 32
8 8 44 15 44 34 42 % 42 34 44 15 44 8 8
28 47 83 11 82 14 17 54 4 73 77 8 8 % 8 8 77 73 4 54 17 14 82 11 83 47 28
13 68 13 13 92 30 77 % 77 30 92 13 13 68 13
2 3 79 27 35 21 19 % 19 21 35 27 79 3 2
19 20 86 42 77 21 24 49 39 22 45 82 84 % 84 82 45 22 39 49 24 21 77 42 86 20 19
14 9 30 19 44 18 69 % 69 18 44 19 30 9 14
0 52 99 52 77 33 96 92 91 32 70 25 72 % 72 25 70 32 91 92 96 33 77 52 99 52 0
83 80 60 97 73 98 93 93 72 27 85 13 10 % 10 13 85 27 72 93 93 98 73 97 60 80 83
3 90 39 90 15 84 49 % 49 84 15 90 39 90 3
71 24 21 18 79 40 2 57 10 51 40 82 37 % 37 82 40 51 10 57 2 40 79 18 21 24 71
93 63 72 96 78 0 92 % 92 0 78 96 72 63 93
36 91 63 61 59 72 91 % 91 72 59 61 63 91 36
37 85 60 51 65 67 29 % 29 67 65 51 60 85 37
98 61 85 41 20 38 23 % 23 38 20 41 85 61 98
21 82 23 56 68 12 46 % 46 12 68 56 23 82 21
59 48 40 88 66 87 4 39 28 32 96 89 76 % 76 89 96 32 28 39 4 87 66 88 40 48 59
47 51 2 27 76 48 30 % 30 48 76 27 2 51 47
62 28 51 41 35 40 23 41 93 70 25 17 25 % 25 17 25 70 93 41 23 40 35 41 51 28 62
63 98 91 82 97 57 45 % 45 57 97 82 91 98 63
43 59 70 35 4 54 57 0 75 49 52 62 36 % 36 62 52 49 75 0 57 54 4 35 70 59 43
89 63 0 59 27 82 4 % 4 82 27 59 0 63 89
11 10 10 64 27 16 46 75 80 86 10 5 22 % 22 5 10 86 80 75 46 16 27 64 10 10 11
87 43 18 95 40 80 20 86 5 0 67 68 67 % 67 68 67 0 5 86 20 80 40 95 18 43 87
4 15 27 26 30 99 55 % 55 99 30 26 27 15 4
43 43 31 24 83 70 33 % 33 70 83 24 31 43 43
28 94 75 36 18 96 75 % 75 96 18 36 75 94 28
63 11 81 15 33 75 90 % 90 75 33 15 81 11 63
41 39 38 92 9 40 24 % 24 40 9 92 38 39 41
51 26 95 79 88 84 82 % 82 84 88 79 95 26 51
44 88 72 10 35 78 60 % 60 78 35 10 72 88 44
41 44 63 4 60 97 90 25 38 26 64 41 78 % 78 41 64 26 38 25 90 97 60 4 63 44 41
39 26 15 30 13 22 86 % 86 22 13 30 15 26 39
16 48 84 81 24 53 16 52 30 87 80 45 55 % 55 45 80 87 30 52 16 53 24 81 84 48 16
99 21 55 33 76 44 77 37 8 95 98 62 19 % 19 62 98 95 8 37 77 44 76 33 55 21 99
65 49 59 66 57 90 66 % 66 90 57 66 59 49 65
80 47 57 46 86 37 30 67 54 6 47 68 65 % 65 68 47 6 54 67 30 37 86 46 57 47 80
17 14 60 64 18 64 68 26 40 48 8 30 96 % 96 30 8 48 40 26 68 64 18 64 60 14 17
23 13 37 29 75 61 45 % 45 61 75 29 37 13 23
33 24 45 10 72 7 74 97 39 47 87 61 53 % 53 61 87 47 39 97 74 7 72 10 45 24 33
74 4 44 56 91 10 34 15 76 23 69 58 58 % 58 58 69 23 76 15 34 10 91 56 44 4 74
76 95 85 89 90 25 29 % 29 25 90 89 85 95 76
72 98 29 86 60 49 57 % 57 49 60 86 29 98 72
85 90 75 55 68 42 39 35 20 41 23 93 24 % 24 93 23 41 20 35 39 42 68 55 75 90 85
23 28 34 14 82 63 65 76 90 44 4 76 8 % 8 76 4 44 90 76 65 63 82 14 34 28 23
75 86 47 83 56 49 14 61 92 88 78 46 11 % 11 46 78 88 92 61 14 49 56 83 47 86 75
42 28 3 57 18 6 25 0 72 87 43 26 62 % 62 26 43 87 72 0 25 6 18 57 3 28 42
91 94 85 68 66 3 37 % 37 3 66 68 85 94 91
12 36 86 20 99 11 49 % 49 11 99 20 86 36 12
81 10 14 42 38 40 76 0 22 27 56 36 91 % 91 36 56 27 22 0 76 40 38 42 14 10 81
37 72 85 12 62 7 61 33 73 3 60 10 43 % 43 10 60 3 73 33 61 7 62 12 85 72 37
70 35 57 22 53 85 41 % 41 85 53 22 57 35 70
71 54 83 38 0 49 19 % 19 49 0 38 83 54 71
40 69 90 69 84 56 50 25 94 27 38 20 99 % 99 20 38 27 94 25 50 56 84 69 90 69 40
88 28 7 1 13 13 6 % 6 13 13 1 7 28 88
79 45 82 35 42 66 83 % 83 66 42 35 82 45 79
27 50 55 20 52 41 23 51 7 60 46 42 62 % 62 42 46 60 7 51 23 41 52 20 55 50 27
60 13 82 48 77 33 12 62 78 89 15 49 60 % 60 49 15 89 78 62 12 33 77 48 82 13 60
38 26 18 48 66 33 83 % 83 33 66 48 18 26 38
1 23 73 31 8 90 51 45 89 38 32 77 22 % 22 77 32 38 89 45 51 90 8 31 73 23 1
4 93 61 7 24 7 82 % 82 7 24 7 61 93 4
88 3 43 41 55 27 2 % 2 27 55 41 43 3 88
3 59 25 46 72 83 77 % 77 83 72 46 25 59 3
50 4 10 15 60 14 92 48 54 30 0 37 34 % 34 37 0 30 54 48 92 14 60 15 10 4 50
6 82 35 79 34 22 50 68 16 37 51 3 1 % 1 3 51 37 16 68 50 22 34 79 35 82 6
61 92 73 52 53 93 43 % 43 93 53 52 73 92 61
48 25 34 35 74 93 64 27 10 86 71 57 9 % 9 57 71 86 10 27 64 93 74 35 34 25 48
95 91 42 70 21 76 29 % 29 76 21 70 42 91 95
21 88 53 32 97 64 96 % 96 64 97 32 53 88 21
5 22 37 97 91 50 33 42 90 23 76 41 16 % 16 41 76 23 90 42 33 50 91 97 37 22 5
67 25 94 28 60 23 52 % 52 23 60 28 94 25 67
78 94 51 28 61 80 73 % 73 80 61 28 51 94 78
10 6 61 17 67 96 23 7 90 63 31 25 42 % 42 25 31 63 90 7 23 96 67 17 61 6 10
20 32 29 55 6 95 79 % 79 95 6 55 29 32 20
25 91 99 89 92 29 79 % 79 29 92 89 99 91 25
91 58 82 86 5 24 7 55 9 74 7 89 74 % 74 89 7 74 9 55 7 24 5 86 82 58 91
93 45 7 86 76 22 33 28 34 20 31 28 69 % 69 28 31 20 34 28 33 22 76 86 7 45 93
53 38 0 68 83 70 66 % 66 70 83 68 0 38 53
97 68 94 25 27 21 18 % 18 21 27 25 94 68 97
54 0 5 41 55 92 65 % 65 92 55 41 5 0 54
5 57 35 28 98 78 63 % 63 78 98 28 35 57 5
54 0 20 18 22 42 22 94 38 55 28 65 98 % 98 65 28 55 38 94 22 42 22 18 20 0 54
93 10 5 96 69 36 8 56 81 14 80 69 69 % 69 69 80 14 81 56 8 36 69 96 5 10 93
34 13 34 38 6 27 24 % 24 27 6 38 34 13 34
19 69 52 51 60 50 11 % 11 50 60 51 52 69 19
59 86 97 49 56 19 7 67 6 5 69 2 67 % 67 2 69 5 6 67 7 19 56 49 97 86 59
41 66 92 40 94 36 92 38 28 6 33 0 58 % 58 0 33 6 28 38 92 36 94 40 92 66 41
89 6 49 19 41 53 87 16 40 21 44 28 95 % 95 28 44 21 40 16 87 53 41 19 49 6 89
59 62 83 16 9 84 68 84 14 61 2 61 24 % 24 61 2 61 14 84 68 84 9 16 83 62 59
39 24 47 4 11 35 27 % 27 35 11 4 47 24 39
71 54 45 17 35 35 51 88 2 43 52 68 30 % 30 68 52 43 2 88 51 35 35 17 45 54 71
83 96 63 91 10 30 90 36 98 2 9 6 78 % 78 6 9 2 98 36 90 30 10 91 63 96 83
21 72 4 99 78 35 66 % 66 35 78 99 4 72 21
86 17 70 57 21 15 35 % 35 15 21 57 70 17 86
31 82 16 58 21 28 18 40 82 74 5 94 41 % 41 94 5 74 82 40 18 28 21 58 16 82 31
18 47 79 6 96 69 1 % 1 69 96 6 79 47 18
67 13 81 52 72 16 33 % 33 16 72 52 81 13 67
84 1 98 89 96 93 80 54 53 55 39 76 34 % 34 76 39 55 53 54 80 93 96 89 98 1 84
1 13 76 96 0 78 98 86 90 54 0 1 8 % 8 1 0 54 90 86 98 78 0 96 76 13 1
15 35 81 61 39 6 56 3 85 53 37 71 68 % 68 71 37 53 85 3 56 6 39 61 81 35 15
27 90 15 54 66 47 51 % 51 47 66 54 15 90 27
56 67 46 86 52 2 75 22 73 39 43 21 75 % 75 21 43 39 73 22 75 2 52 86 46 67 56
80 45 66 51 76 24 69 % 69 24 76 51 66 45 80
2 79 42 94 60 61 11 45 16 77 24 11 73 % 73 11 24 77 16 45 11 61 60 94 42 79 2
84 44 22 80 40 25 93 % 93 25 40 80 22 44 84
86 27 17 77 65 11 7 % 7 11 65 77 17 27 86
84 88 26 70 35 50 21 33 49 30 45 20 55 % 55 20 45 30 49 33 21 50 35 70 26 88 84
78 41 55 91 56 11 7 % 7 11 56 91 55 41 78
60 68 15 47 44 99 63 56 26 80 5 25 42 % 42 25 5 80 26 56 63 99 44 47 15 68 60
30 9 43 2 6 74 70 % 70 74 6 2 43 9 30
81 53 62 10 24 81 70 % 70 81 24 10 62 53 81
86 65 6 42 30 81 49 % 49 81 30 42 6 65 86
57 50 23 71 19 79 77 96 20 86 55 24 14 % 14 24 55 86 20 96 77 79 19 71 23 50 57
58 14 63 60 94 67 7 % 7 67 94 60 63 14 58
71 65 10 70 79 76 0 22 94 95 90 62 28 % 28 62 90 95 94 22 0 76 79 70 10 65 71
70 44 52 61 81 77 86 % 86 77 81 61 52 44 70
1 31 49 81 19 85 24 % 24 85 19 81 49 31 1
9 18 34 43 79 68 2 36 88 2 36 62 73 % 73 62 36 2 88 36 2 68 79 43 34 18 9
22 31 25 73 75 81 26 16 67 55 62 87 61 % 61 87 62 55 67 16 26 81 75 73 25 31 22
68 18 18 52 65 5 65 16 69 40 99 90 32 % 32 90 99 40 69 16 65 5 65 52 18 18 68
69 75 41 87 27 21 39 % 39 21 27 87 41 75 69
21 92 75 16 81 92 0 % 0 92 81 16 75 92 21
2 93 20 19 15 26 56 82 17 51 31 6 93 % 93 6 31 51 17 82 56 26 15 19 20 93 2
96 58 24 83 73 18 26 89 63 73 30 80 39 % 39 80 30 73 63 89 26 18 73 83 24 58 96
84 33 19 88 59 32 61 % 61 32 59 88 19 33 84
65 72 38 64 17 38 41 36 83 31 88 24 13 % 13 24 88 31 83 36 41 38 17 64 38 72 65
6 42 41 76 21 3 6 % 6 3 21 76 41 42 6
36 87 67 10 40 38 7 3 86 82 24 14 45 % 45 14 24 82 86 3 7 38 40 10 67 87 36
33 48 16 59 12 3 11 % 11 3 12 59 16 48 33
7 83 17 60 90 51 7 % 7 51 90 60 17 83 7
12 63 61 43 13 65 47 71 34 29 9 93 38 % 38 93 9 29 34 71 47 65 13 43 61 63 12
2 37 18 91 29 69 20 % 20 69 29 91 18 37 2
17 77 63 77 20 24 88 % 88 24 20 77 63 77 17
79 30 91 4 57 88 90 0 46 98 43 75 44 % 44 75 43 98 46 0 90 88 57 4 91 30 79
81 56 43 27 28 12 81 % 81 12 28 27 43 56 81
31 81 18 41 29 80 81 75 22 53 33 63 66 % 66 63 33 53 22 75 81 80 29 41 18 81 31
9 46 73 13 86 39 70 % 70 39 86 13 73 46 9
84 20 33 98 22 44 20 % 20 44 22 98 33 20 84
31 40 78 84 8 12 90 90 18 46 33 29 49 % 49 29 33 46 18 90 90 12 8 84 78 40 31
19 76 63 92 30 18 57 3 74 53 78 30 63 % 63 30 78 53 74 3 57 18 30 92 63 76 19
62 10 17 44 9 74 94 58 87 95 99 36 37 % 37 36 99 95 87 58 94 74 9 44 17 10 62
38 18 26 81 68 28 30 % 30 28 68 81 26 18 38
73 3 58 24 11 30 48 % 48 30 11 24 58 3 73
35 85 78 35 87 52 43 47 38 53 19 13 48 % 48 13 19 53 38 47 43 52 87 35 78 85 35
89 42 26 26 45 30 32 % 32 30 45 26 26 42 89
54 88 58 71 6 29 7 % 7 29 6 71 58 88 54
53 8 1 98 91 57 6 % 6 57 91 98 1 8 53
15 78 30 38 97 11 61 % 61 11 97 38 30 78 15
97 31 23 88 76 76 85 39 86 65 76 98 98 % 98 98 76 65 86 39 85 76 76 88 23 31 97
12 54 51 72 10 86 32 88 38 64 55 10 48 % 48 10 55 64 38 88 32 86 10 72 51 54 12
5 79 72 79 4 68 48 % 48 68 4 79 72 79 5
26 97 80 28 0 26 23 % 23 26 0 28 80 97 26
79 56 91 0 54 2 19 % 19 2 54 0 91 56 79
69 96 21 14 18 30 5 % 5 30 18 14 21 96 69
22 66 22 49 10 95 72 6 74 22 88 86 64 % 64 86 88 22 74 6 72 95 10 49 22 66 22
80 52 1 59 97 87 68 83 70 26 48 48 67 % 67 48 48 26 70 83 68 87 97 59 1 52 80
36 48 74 30 17 27 3 19 30 24 28 44 28 % 28 44 28 24 30 19 3 27 17 30 74 48 36
48 53 88 59 14 85 94 45 96 65 52 78 40 % 40 78 52 65 96 45 94 85 14 59 88 53 48
97 73 17 69 94 91 29 % 29 91 94 69 17 73 97
87 88 71 8 81 66 79 % 79 66 81 8 71 88 87
90 40 92 52 13 73 56 % 56 73 13 52 92 40 90
31 98 38 0 20 54 14 % 14 54 20 0 38 98 31
28 4 26 58 27 72 38 75 21 49 53 67 94 % 94 67 53 49 21 75 38 72 27 58 26 4 28
76 51 10 55 93 12 73 66 59 50 69 3 5 % 5 3 69 50 59 66 73 12 93 55 10 51 76
56 86 22 20 70 39 77 % 77 39 70 20 22 86 56
95 91 66 69 83 39 60 % 60 39 83 69 66 91 95
9 77 25 16 72 9 83 % 83 9 72 16 25 77 9
87 51 93 60 66 26 87 % 87 26 66 60 93 51 87
65 99 64 45 22 75 15 % 15 75 22 45 64 99 65
30 53 60 26 95 8 62 99 14 63 83 42 25 % 25 42 83 63 14 99 62 8 95 26 60 53 30
94 91 99 36 47 9 41 97 79 53 26 99 20 % 20 99 26 53 79 97 41 9 47 36 99 91 94
71 83 29 38 44 42 1 57 32 2 94 64 23 % 23 64 94 2 32 57 1 42 44 38 29 83 71
17 47 19 94 52 32 42 % 42 32 52 94 19 47 17
19 60 37 74 9 48 70 27 20 79 6 57 71 % 71 57 6 79 20 27 70 48 9 74 37 60 19
0 37 55 50 53 60 47 75 58 39 16 67 33 % 33 67 16 39 58 75 47 60 53 50 55 37 0
43 73 4 79 45 77 25 % 25 77 45 79 4 73 43
95 92 2 43 74 9 45 % 45 9 74 43 2 92 95
95 66 35 62 32 77 26 95 66 25 66 22 38 % 38 22 66 25 66 95 26 77 32 62 35 66 95
77 30 8 86 94 74 37 22 46 50 50 51 97 % 97 51 50 50 46 22 37 74 94 86 8 30 77
29 46 47 50 34 98 88 % 88 98 34 50 47 46 29
32 49 16 7 19 6 94 % 94 6 19 7 16 49 32
51 82 40 30 38 38 8 68 97 71 12 45 43 % 43 45 12 71 97 68 8 38 38 30 40 82 51
42 22 90 36 84 43 62 % 62 43 84 36 90 22 42
29 9 55 35 17 28 81 % 81 28 17 35 55 9 29
51 99 95 28 0 91 84 36 93 7 43 31 1 % 1 31 43 7 93 36 84 91 0 28 95 99 51
16 46 47 10 57 95 93 % 93 95 57 10 47 46 16
98 84 17 17 44 76 35 % 35 76 44 17 17 84 98
5 93 99 81 38 54 91 % 91 54 38 81 99 93 5
9 99 23 65 31 9 55 44 80 93 70 93 67 % 67 93 70 93 80 44 55 9 31 65 23 99 9
62 7 22 74 27 93 75 % 75 93 27 74 22 7 62
43 20 31 30 69 32 18 20 65 46 89 77 92 % 92 77 89 46 65 20 18 32 69 30 31 20 43
15 42 42 74 99 46 21 77 69 52 95 4 15 % 15 4 95 52 69 77 21 46 99 74 42 42 15
89 36 44 74 22 3 63 25 36 42 11 23 24 % 24 23 11 42 36 25 63 3 22 74 44 36 89
74 32 22 14 48 10 77 63 36 91 9 72 42 % 42 72 9 91 36 63 77 10 48 14 22 32 74
8 55 0 60 32 53 80 49 25 65 43 75 76 % 76 75 43 65 25 49 80 53 32 60 0 55 8
20 38 77 47 7 90 78 12 55 7 22 20 58 % 58 20 22 7 55 12 78 90 7 47 77 38 20
60 6 79 50 7 17 51 23 72 74 90 96 34 % 34 96 90 74 72 23 51 17 7 50 79 6 60
91 49 27 85 62 88 39 46 32 98 9 0 5 % 5 0 9 98 32 46 39 88 62 85 27 49 91
16 43 44 41 59 85 51 % 51 85 59 41 44 43 16
99 88 90 86 63 90 69 14 46 2 69 71 97 % 97 71 69 2 46 14 69 90 63 86 90 88 99
55 63 80 58 2 93 37 11 21 72 59 96 66 % 66 96 59 72 21 11 37 93 2 58 80 63 55
79 4 37 75 27 12 33 8 68 61 42 23 4 % 4 23 42 61 68 8 33 12 27 75 37 4 79
75 7 99 91 98 2 31 % 31 2 98 91 99 7 75
34 53 51 30 44 24 1 % 1 24 44 30 51 53 34
13 55 46 93 92 79 23 % 23 79 92 93 46 55 13
19 96 2 51 14 4 57 21 7 87 51 97 29 % 29 97 51 87 7 21 57 4 14 51 2 96 19
36 73 90 4 70 91 93 89 4 48 65 55 5 % 5 55 65 48 4 89 93 91 70 4 90 73 36
53 2 2 85 11 12 37 94 41 13 37 72 96 % 96 72 37 13 41 94 37 12 11 85 2 2 53
25 48 59 62 97 53 43 % 43 53 97 62 59 48 25
68 72 35 86 19 2 64 % 64 2 19 86 35 72 68
68 80 30 63 96 15 57 94 69 46 50 66 93 % 93 66 50 46 69 94 57 15 96 63 30 80 68
2 40 37 54 35 77 57 48 39 75 4 23 59 % 59 23 4 75 39 48 57 77 35 54 37 40 2
12 8 22 16 50 81 25 31 18 44 57 1 45 % 45 1 57 44 18 31 25 81 50 16 22 8 12
97 96 11 90 10 26 38 7 30 28 53 32 21 % 21 32 53 28 30 7 38 26 10 90 11 96 97
64 42 61 4 54 36 76 % 76 36 54 4 61 42 64
45 10 4 89 42 24 9 % 9 24 42 89 4 10 45
79 38 86 53 13 93 98 % 98 93 13 53 86 38 79
97 6 72 43 36 83 10 % 10 83 36 43 72 6 97
40 43 54 15 71 58 74 % 74 58 71 15 54 43 40
66 37 61 79 43 66 11 43 37 77 14 83 5 % 5 83 14 77 37 43 11 66 43 79 61 37 66
29 0 55 61 29 6 21 % 21 6 29 61 55 0 29
95 56 58 25 29 15 24 % 24 15 29 25 58 56 95
1 75 12 47 94 46 97 % 97 46 94 47 12 75 1
75 69 3 95 73 47 58 51 51 38 82 93 85 % 85 93 82 38 51 51 58 47 73 95 3 69 75
29 73 52 64 75 71 34 9 55 11 76 13 19 % 19 13 76 11 55 9 34 71 75 64 52 73 29
79 93 62 58 99 12 93 45 28 86 14 13 36 % 36 13 14 86 28 45 93 12 99 58 62 93 79
9 35 29 72 78 47 6 10 29 81 91 14 96 % 96 14 91 81 29 10 6 47 78 72 29 35 9
13 38 89 78 94 15 30 12 88 23 0 70 95 % 95 70 0 23 88 12 30 15 94 78 89 38 13
29 8 24 41 34 55 25 57 32 6 98 34 61 % 61 34 98 6 32 57 25 55 34 41 24 8 29
24 21 73 36 18 86 19 % 19 86 18 36 73 21 24
92 75 30 40 83 46 54 33 36 51 8 19 82 % 82 19 8 51 36 33 54 46 83 40 30 75 92
53 26 93 56 43 71 36 % 36 71 43 56 93 26 53
39 64 81 34 44 27 93 % 93 27 44 34 81 64 39
66 8 52 51 95 17 43 14 80 45 96 82 95 % 95 82 96 45 80 14 43 17 95 51 52 8 66
80 47 38 8 6 68 73 19 76 0 68 3 63 % 63 3 68 0 76 19 73 68 6 8 38 47 80
27 30 93 20 17 62 48 % 48 62 17 20 93 30 27
78 49 31 88 9 69 78 49 9 31 72 45 95 % 95 45 72 31 9 49 78 69 9 88 31 49 78
64 10 3 11 6 27 25 % 25 27 6 11 3 10 64
35 17 32 37 93 56 4 % 4 56 93 37 32 17 35
2 51 45 2 60 47 26 % 26 47 60 2 45 51 2
87 30 12 20 27 53 81 % 81 53 27 20 12 30 87
44 26 36 38 97 91 78 72 89 6 6 49 22 % 22 49 6 6 89 72 78 91 97 38 36 26 44
96 21 36 51 51 6 12 90 34 58 81 89 68 % 68 89 81 58 34 90 12 6 51 51 36 21 96
20 59 89 89 82 52 41 % 41 52 82 89 89 59 20
72 28 8 87 65 60 49 22 26 39 70 34 96 % 96 34 70 39 26 22 49 60 65 87 8 28 72
83 85 80 88 14 37 83 % 83 37 14 88 80 85 83
80 12 10 46 67 25 58 63 26 59 23 28 34 % 34 28 23 59 26 63 58 25 67 46 10 12 80
65 46 28 39 89 14 72 76 14 39 84 95 92 % 92 95 84 39 14 76 72 14 89 39 28 46 65
90 69 96 11 88 9 41 82 47 98 62 45 17 % 17 45 62 98 47 82 41 9 88 11 96 69 90
73 38 86 30 31 18 80 6 68 92 4 51 26 % 26 51 4 92 68 6 80 18 31 30 86 38 73
53 68 26 74 97 39 39 31 88 75 21 95 79 % 79 95 21 75 88 31 39 39 97 74 26 68 53
19 61 62 77 45 49 84 % 84 49 45 77 62 61 19
32 51 41 59 79 59 59 9 33 17 1 40 53 % 53 40 1 17 33 9 59 59 79 59 41 51 32
34 45 9 27 74 24 35 % 35 24 74 27 9 45 34
78 88 43 86 32 78 60 58 48 75 56 26 99 % 99 26 56 75 48 58 60 78 32 86 43 88 78
21 98 28 29 61 73 31 % 31 73 61 29 28 98 21
36 84 2 66 78 17 89 % 89 17 78 66 2 84 36
21 27 10 52 96 1 74 % 74 1 96 52 10 27 21
49 3 47 31 12 65 54 % 54 65 12 31 47 3 49
72 72 64 16 59 73 67 84 86 2 34 82 8 % 8 82 34 2 86 84 67 73 59 16 64 72 72
60 6 39 98 68 65 81 % 81 65 68 98 39 6 60
14 59 63 75 46 83 17 4 73 76 61 9 53 % 53 9 61 76 73 4 17 83 46 75 63 59 14
80 59 14 68 79 4 95 79 54 23 74 20 96 % 96 20 74 23 54 79 95 4 79 68 14 59 80
52 90 94 15 18 69 53 67 92 95 11 54 72 % 72 54 11 95 92 67 53 69 18 15 94 90 52
91 52 30 44 59 16 44 % 44 16 59 44 30 52 91
44 71 65 70 78 66 33 % 33 66 78 70 65 71 44
88 63 97 19 58 1 41 85 36 29 80 4 91 % 91 4 80 29 36 85 41 1 58 19 97 63 88
56 61 93 51 42 84 44 35 59 36 15 29 65 % 65 29 15 36 59 35 44 84 42 51 93 61 56
3 43 79 77 26 50 47 % 47 50 26 77 79 43 3
65 40 92 40 65 41 54 24 1 23 68 67 96 % 96 67 68 23 1 24 54 41 65 40 92 40 65
45 63 99 78 62 36 89 % 89 36 62 78 99 63 45
23 47 86 20 56 60 31 % 31 60 56 20 86 47 23
52 61 73 73 46 46 46 69 4 13 74 4 16 % 16 4 74 13 4 69 46 46 46 73 73 61 52
86 93 21 24 32 19 83 % 83 19 32 24 21 93 86
55 93 91 80 99 2 43 % 43 2 99 80 91 93 55
31 5 95 65 67 52 32 % 32 52 67 65 95 5 31
3 2 40 58 19 59 69 % 69 59 19 58 40 2 3
80 41 86 80 58 50 21 % 21 50 58 80 86 41 80
20 41 21 22 41 93 57 % 57 93 41 22 21 41 20
36 13 7 83 86 35 76 9 42 96 39 39 96 % 96 39 39 96 42 9 76 35 86 83 7 13 36
35 0 88 76 21 51 85 53 45 92 74 15 99 % 99 15 74 92 45 53 85 51 21 76 88 0 35
91 12 32 79 42 74 86 % 86 74 42 79 32 12 91
86 79 88 84 51 28 73 80 35 40 89 7 92 % 92 7 89 40 35 80 73 28 51 84 88 79 86
84 29 91 31 25 18 70 22 45 31 57 75 46 % 46 75 57 31 45 22 70 18 25 31 91 29 84
30 15 95 33 96 53 75 % 75 53 96 33 95 15 30
6 18 33 93 19 22 84 % 84 22 19 93 33 18 6
45 30 65 60 69 28 19 98 33 0 99 31 11 % 11 31 99 0 33 98 19 28 69 60 65 30 45
87 90 27 96 54 86 88 % 88 86 54 96 27 90 87
38 56 37 30 76 31 89 62 77 95 52 78 25 % 25 78 52 95 77 62 89 31 76 30 37 56 38
10 27 0 68 4 7 22 31 94 58 23 65 8 % 8 65 23 58 94 31 22 7 4 68 0 27 10
99 4 48 36 17 14 38 10 13 8 19 18 33 % 33 18 19 8 13 10 38 14 17 36 48 4 99
15 18 19 27 9 11 66 61 37 77 3 57 38 % 38 57 3 77 37 61 66 11 9 27 19 18 15
54 55 27 54 33 85 41 46 43 42 15 58 95 % 95 58 15 42 43 46 41 85 33 54 27 55 54
38 69 18 71 36 59 35 68 4 45 65 55 32 % 32 55 65 45 4 68 35 59 36 71 18 69 38
26 30 79 86 72 27 16 9 93 29 91 56 42 % 42 56 91 29 93 9 16 27 72 86 79 30 26
5 27 57 78 87 45 26 % 26 45 87 78 57 27 5
93 1 35 66 64 52 98 % 98 52 64 66 35 1 93
29 37 47 20 5 94 44 % 44 94 5 20 47 37 29
66 12 90 10 32 21 25 91 92 10 24 15 93 % 93 15 24 10 92 91 25 21 32 10 90 12 66
54 71 54 40 66 20 36 % 36 20 66 40 54 71 54
63 32 15 86 99 32 51 % 51 32 99 86 15 32 63
87 46 63 24 99 80 11 76 2 29 74 64 45 % 45 64 74 29 2 76 11 80 99 24 63 46 87
88 69 24 53 22 50 88 % 88 50 22 53 24 69 88
35 27 72 82 75 36 99 70 49 54 24 4 14 % 14 4 24 54 49 70 99 36 75 82 72 27 35
2 23 3 20 26 75 65 75 60 14 43 13 27 % 27 13 43 14 60 75 65 75 26 20 3 23 2
79 10 92 45 0 28 55 44 35 0 92 34 28 % 28 34 92 0 35 44 55 28 0 45 92 10 79
19 84 64 61 28 56 62 % 62 56 28 61 64 84 19
70 30 65 93 32 9 47 % 47 9 32 93 65 30 70
17 37 8 3 58 47 60 % 60 47 58 3 8 37 17
36 66 12 66 98 25 29 84 80 55 10 69 54 % 54 69 10 55 80 84 29 25 98 66 12 66 36
77 81 26 15 17 38 63 % 63 38 17 15 26 81 77
53 64 80 11 72 62 98 % 98 62 72 11 80 64 53
25 8 8 22 53 57 66 % 66 57 53 22 8 8 25
86 48 54 96 85 33 61 59 68 34 94 70 47 % 47 70 94 34 68 59 61 33 85 96 54 48 86
91 3 65 23 31 69 63 % 63 69 31 23 65 3 91
50 28 11 78 70 24 6 % 6 24 70 78 11 28 50
68 67 34 73 32 36 27 28 10 51 9 89 18 % 18 89 9 51 10 28 27 36 32 73 34 67 68
94 22 73 12 77 69 5 % 5 69 77 12 73 22 94
46 50 51 97 70 94 90 88 60 17 36 58 69 % 69 58 36 17 60 88 90 94 70 97 51 50 46
32 79 11 8 84 30 51 % 51 30 84 8 11 79 32
75 94 59 32 5 59 66 18 26 44 59 32 84 % 84 32 59 44 26 18 66 59 5 32 59 94 75
33 22 30 19 56 50 73 0 54 11 43 94 66 % 66 94 43 11 54 0 73 50 56 19 30 22 33
19 1 50 71 6 46 62 44 83 15 97 73 41 % 41 73 97 15 83 44 62 46 6 71 50 1 19
11 13 6 74 30 75 22 % 22 75 30 74 6 13 11
70 27 83 7 94 32 81 % 81 32 94 7 83 27 70
74 52 89 36 58 56 62 % 62 56 58 36 89 52 74
43 79 25 39 95 1 96 82 69 36 95 38 69 % 69 38 95 36 69 82 96 1 95 39 25 79 43
10 50 92 44 95 26 85 30 12 48 60 63 32 % 32 63 60 48 12 30 85 26 95 44 92 50 10
15 72 79 71 84 24 48 % 48 24 84 71 79 72 15
38 38 5 93 41 65 70 % 70 65 41 93 5 38 38
30 97 16 21 80 1 10 % 10 1 80 21 16 97 30
46 96 4 46 5 37 59 % 59 37 5 46 4 96 46
82 41 84 73 88 63 38 % 38 63 88 73 84 41 82
41 91 62 45 60 13 38 13 45 44 90 61 98 % 98 61 90 44 45 13 38 13 60 45 62 91 41
90 11 96 73 23 24 14 44 22 54 93 96 91 % 91 96 93 54 22 44 14 24 23 73 96 11 90
80 33 89 36 25 54 60 78 23 76 87 98 95 % 95 98 87 76 23 78 60 54 25 36 89 33 80
11 83 12 17 23 11 2 % 2 11 23 17 12 83 11
44 30 10 2 22 84 42 10 26 22 46 46 85 % 85 46 46 22 26 10 42 84 22 2 10 30 44
93 15 80 72 14 41 97 2 38 47 11 2 52 % 52 2 11 47 38 2 97 41 14 72 80 15 93
21 59 74 73 43 92 61 % 61 92 43 73 74 59 21
58 73 83 30 10 60 76 % 76 60 10 30 83 73 58
23 91 37 17 58 63 62 % 62 63 58 17 37 91 23
53 76 83 56 67 39 56 0 19 80 93 51 98 % 98 51 93 80 19 0 56 39 67 56 83 76 53
13 14 45 73 68 36 73 44 17 69 84 98 10 % 10 98 84 69 17 44 73 36 68 73 45 14 13
53 54 49 11 77 80 60 % 60 80 77 11 49 54 53
90 85 57 34 60 75 30 % 30 75 60 34 57 85 90
52 19 7 12 75 54 96 90 9 56 90 92 91 % 91 92 90 56 9 90 96 54 75 12 7 19 52
53 97 62 28 83 54 0 76 9 15 54 91 64 % 64 91 54 15 9 76 0 54 83 28 62 97 53
15 56 58 26 49 9 66 84 35 10 68 71 69 % 69 71 68 10 35 84 66 9 49 26 58 56 15
92 2 28 6 39 92 9 26 56 34 37 45 79 % 79 45 37 34 56 26 9 92 39 6 28 2 92
2 51 83 92 47 46 37 % 37 46 47 92 83 51 2
34 15 23 65 36 86 60 92 12 2 38 3 28 % 28 3 38 2 12 92 60 86 36 65 23 15 34
70 63 24 33 77 88 21 % 21 88 77 33 24 63 70
82 89 88 15 65 88 30 % 30 88 65 15 88 89 82
2 15 71 61 52 15 3 % 3 15 52 61 71 15 2
51 97 83 47 30 35 73 % 73 35 30 47 83 97 51
92 53 52 17 46 1 88 42 95 55 49 10 46 % 46 10 49 55 95 42 88 1 46 17 52 53 92
80 48 48 1 99 4 80 66 22 95 80 9 83 % 83 9 80 95 22 66 80 4 99 1 48 48 80
45 63 33 3 23 90 67 9 33 36 80 84 94 % 94 84 80 36 33 9 67 90 23 3 33 63 45
94 61 60 14 50 42 44 % 44 42 50 14 60 61 94
87 17 8 84 19 41 68 87 69 77 93 86 0 % 0 86 93 77 69 87 68 41 19 84 8 17 87
2 94 1 53 11 22 18 65 8 20 5 10 16 % 16 10 5 20 8 65 18 22 11 53 1 94 2
91 24 28 34 13 31 69 % 69 31 13 34 28 24 91
26 25 41 1 47 71 85 % 85 71 47 1 41 25 26
56 24 68 44 74 39 82 10 44 40 66 74 75 % 75 74 66 40 44 10 82 39 74 44 68 24 56
3 6 77 4 16 38 84 75 7 95 32 14 0 % 0 14 32 95 7 75 84 38 16 4 77 6 3
86 35 69 21 7 42 68 67 87 49 26 91 70 % 70 91 26 49 87 67 68 42 7 21 69 35 86
54 99 58 96 26 6 31 68 6 92 77 27 4 % 4 27 77 92 6 68 31 6 26 96 58 99 54
60 75 16 17 57 54 40 % 40 54 57 17 16 75 60
68 29 33 8 46 84 39 % 39 84 46 8 33 29 68
12 52 76 13 73 53 31 % 31 53 73 13 76 52 12
49 52 33 79 42 58 20 % 20 58 42 79 33 52 49
29 79 46 51 78 19 27 81 6 70 23 99 48 % 48 99 23 70 6 81 27 19 78 51 46 79 29
95 73 35 50 50 51 95 33 66 96 55 37 74 % 74 37 55 96 66 33 95 51 50 50 35 73 95
97 15 77 79 95 76 17 % 17 76 95 79 77 15 97
87 23 84 48 50 2 57 % 57 2 50 48 84 23 87
23 14 61 96 70 95 50 % 50 95 70 96 61 14 23
6 26 31 65 8 7 60 96 34 63 8 14 31 % 31 14 8 63 34 96 60 7 8 65 31 26 6
68 40 62 26 89 89 52 26 77 11 43 47 7 % 7 47 43 11 77 26 52 89 89 26 62 40 68
32 56 16 35 36 11 91 % 91 11 36 35 16 56 32
49 88 36 3 85 3 42 70 71 27 21 73 85 % 85 73 21 27 71 70 42 3 85 3 36 88 49
17 90 45 83 18 28 61 % 61 28 18 83 45 90 17
24 54 46 7 96 80 0 90 18 92 64 81 23 % 23 81 64 92 18 90 0 80 96 7 46 54 24
70 47 36 9 29 84 82 % 82 84 29 9 36 47 70
32 33 28 41 29 44 46 % 46 44 29 41 28 33 32
15 53 67 48 51 81 81 % 81 81 51 48 67 53 15
36 73 68 29 72 91 48 % 48 91 72 29 68 73 36
4 65 49 22 0 88 27 % 27 88 0 22 49 65 4
19 94 76 49 24 30 34 32 97 69 57 59 36 % 36 59 57 69 97 32 34 30 24 49 76 94 19
51 67 97 66 51 70 64 84 2 28 39 96 41 % 41 96 39 28 2 84 64 70 51 66 97 67 51
48 91 64 67 56 53 60 % 60 53 56 67 64 91 48
38 79 83 37 67 95 51 % 51 95 67 37 83 79 38
53 7 58 96 12 18 21 % 21 18 12 96 58 7 53
97 8 7 20 78 76 0 2 57 62 72 45 12 % 12 45 72 62 57 2 0 76 78 20 7 8 97
20 23 18 29 11 39 11 21 80 92 81 75 28 % 28 75 81 92 80 21 11 39 11 29 18 23 20
15 67 23 57 32 7 90 % 90 7 32 57 23 67 15
97 96 72 84 20 31 98 16 65 7 83 84 78 % 78 84 83 7 65 16 98 31 20 84 72 96 97
93 5 5 68 11 64 56 65 69 1 54 98 66 % 66 98 54 1 69 65 56 64 11 68 5 5 93
38 98 56 99 22 86 78 46 38 47 2 53 44 % 44 53 2 47 38 46 78 86 22 99 56 98 38
51 73 16 99 72 22 23 % 23 22 72 99 16 73 51
50 97 84 35 37 33 65 34 3 95 91 16 96 % 96 16 91 95 3 34 65 33 37 35 84 97 50
13 13 99 90 66 30 21 34 28 22 37 94 25 % 25 94 37 22 28 34 21 30 66 90 99 13 13
78 20 3 80 24 95 4 84 1 28 44 42 48 % 48 42 44 28 1 84 4 95 24 80 3 20 78
12 57 22 74 8 46 77 69 50 96 70 43 7 % 7 43 70 96 50 69 77 46 8 74 22 57 12
30 36 30 6 71 57 95 % 95 57 71 6 30 36 30
37 79 24 2 16 57 96 % 96 57 16 2 24 79 37
67 96 18 48 22 19 82 19 67 68 68 88 75 % 75 88 68 68 67 19 82 19 22 48 18 96 67
80 51 91 10 50 62 9 67 28 67 38 99 52 % 52 99 38 67 28 67 9 62 50 10 91 51 80
24 98 57 68 54 33 88 91 88 68 21 26 92 % 92 26 21 68 88 91 88 33 54 68 57 98 24
57 60 53 38 38 77 3 % 3 77 38 38 53 60 57
49 9 68 51 67 62 75 % 75 62 67 51 68 9 49
94 56 96 63 22 31 68 24 95 96 75 78 37 % 37 78 75 96 95 24 68 31 22 63 96 56 94
94 23 88 29 68 55 68 0 4 36 70 6 50 % 50 6 70 36 4 0 68 55 68 29 88 23 94
76 20 99 31 31 13 83 43 37 33 68 61 96 % 96 61 68 33 37 43 83 13 31 31 99 20 76
94 95 62 67 14 53 3 % 3 53 14 67 62 95 94
46 28 68 77 69 26 74 43 56 84 41 76 74 % 74 76 41 84 56 43 74 26 69 77 68 28 46
7 77 14 30 70 74 32 % 32 74 70 30 14 77 7
71 20 28 92 60 74 9 % 9 74 60 92 28 20 71
24 85 76 54 84 87 34 75 70 93 74 30 2 % 2 30 74 93 70 75 34 87 84 54 76 85 24
78 8 1 61 38 92 53 % 53 92 38 61 1 8 78
35 14 49 95 20 48 74 % 74 48 20 95 49 14 35
15 31 4 22 96 30 88 97 8 61 55 94 34 % 34 94 55 61 8 97 88 30 96 22 4 31 15
54 39 35 12 53 51 1 % 1 51 53 12 35 39 54
88 85 47 89 12 59 23 80 0 45 57 98 84 % 84 98 57 45 0 80 23 59 12 89 47 85 88
12 34 59 19 15 84 75 83 2 62 40 16 42 % 42 16 40 62 2 83 75 84 15 19 59 34 12
9 43 48 92 54 40 7 96 59 59 65 71 29 % 29 71 65 59 59 96 7 40 54 92 48 43 9
89 22 34 25 32 87 87 16 54 20 5 89 62 % 62 89 5 20 54 16 87 87 32 25 34 22 89
0 44 4 98 9 57 21 % 21 57 9 98 4 44 0
39 91 53 39 35 35 71 % 71 35 35 39 53 91 39
14 83 40 4 82 84 62 % 62 84 82 4 40 83 14
28 42 1 5 5 5 26 95 59 91 87 71 59 % 59 71 87 91 59 95 26 5 5 5 1 42 28
14 61 26 68 38 79 37 77 42 90 45 65 34 % 34 65 45 90 42 77 37 79 38 68 26 61 14
76 14 28 49 29 47 80 % 80 47 29 49 28 14 76
91 34 61 46 34 9 72 % 72 9 34 46 61 34 91
90 73 14 38 69 34 5 75 6 71 87 64 3 % 3 64 87 71 6 75 5 34 69 38 14 73 90
26 39 93 91 77 30 57 44 62 75 44 61 6 % 6 61 44 75 62 44 57 30 77 91 93 39 26
16 27 89 74 89 12 38 26 65 68 1 61 22 % 22 61 1 68 65 26 38 12 89 74 89 27 16
81 37 4 37 70 86 90 81 94 74 12 24 86 % 86 24 12 74 94 81 90 86 70 37 4 37 81
89 15 80 94 32 73 35 52 26 60 0 71 33 % 33 71 0 60 26 52 35 73 32 94 80 15 89
25 73 91 27 91 40 55 % 55 40 91 27 91 73 25
73 29 78 88 90 29 25 16 96 88 87 30 9 % 9 30 87 88 96 16 25 29 90 88 78 29 73
31 25 5 6 80 77 97 % 97 77 80 6 5 25 31
60 71 12 11 83 97 96 % 96 97 83 11 12 71 60
29 73 30 57 9 58 96 57 21 94 74 50 88 % 88 50 74 94 21 57 96 58 9 57 30 73 29
99 91 84 12 56 56 78 % 78 56 56 12 84 91 99
41 66 38 80 42 14 41 44 87 56 89 89 95 % 95 89 89 56 87 44 41 14 42 80 38 66 41
68 79 88 86 8 22 58 99 65 46 27 45 95 % 95 45 27 46 65 99 58 22 8 86 88 79 68
70 48 93 6 81 43 52 % 52 43 81 6 93 48 70
29 31 38 88 73 45 98 % 98 45 73 88 38 31 29
47 92 89 16 49 45 0 % 0 45 49 16 89 92 47
42 74 95 38 9 31 61 % 61 31 9 38 95 74 42
69 35 49 10 37 94 63 25 35 39 7 35 26 % 26 35 7 39 35 25 63 94 37 10 49 35 69
82 82 9 96 55 20 73 % 73 20 55 96 9 82 82
69 7 74 30 69 92 21 % 21 92 69 30 74 7 69
70 88 39 67 31 72 15 % 15 72 31 67 39 88 70
70 13 51 35 73 51 73 % 73 51 73 35 51 13 70
76 90 45 40 43 61 36 % 36 61 43 40 45 90 76
56 81 62 6 28 12 25 43 40 61 3 12 20 % 20 12 3 61 40 43 25 12 28 6 62 81 56
88 59 44 47 42 94 26 % 26 94 42 47 44 59 88
31 41 15 18 76 27 99 76 11 64 3 88 44 % 44 88 3 64 11 76 99 27 76 18 15 41 31
99 95 77 65 48 90 47 % 47 90 48 65 77 95 99
36 16 18 96 43 39 93 % 93 39 43 96 18 16 36
89 8 41 51 63 38 81 % 81 38 63 51 41 8 89
14 50 47 92 85 11 21 95 91 34 90 8 2 % 2 8 90 34 91 95 21 11 85 92 47 50 14
60 81 54 90 70 80 71 6 77 66 80 4 14 % 14 4 80 66 77 6 71 80 70 90 54 81 60
77 27 72 41 5 6 9 % 9 6 5 41 72 27 77
27 23 22 44 62 44 60 % 60 44 62 44 22 23 27
79 15 80 57 3 69 99 66 10 63 19 10 10 % 10 10 19 63 10 66 99 69 3 57 80 15 79
0 25 38 39 19 22 84 % 84 22 19 39 38 25 0
52 14 11 64 31 86 13 4 55 36 62 42 39 % 39 42 62 36 55 4 13 86 31 64 11 14 52
90 18 45 85 10 28 2 % 2 28 10 85 45 18 90
46 33 58 11 77 0 77 % 77 0 77 11 58 33 46
0 41 75 88 31 59 24 84 0 23 74 69 42 % 42 69 74 23 0 84 24 59 31 88 75 41 0
55 50 30 84 34 32 74 65 10 22 68 61 80 % 80 61 68 22 10 65 74 32 34 84 30 50 55
18 49 58 40 15 30 45 90 24 43 87 95 48 % 48 95 87 43 24 90 45 30 15 40 58 49 18
47 74 30 62 68 89 40 % 40 89 68 62 30 74 47
50 3 8 35 84 54 30 % 30 54 84 35 8 3 50
24 86 23 74 65 26 30 % 30 26 65 74 23 86 24
82 34 28 53 46 98 81 7 96 11 38 78 86 % 86 78 38 11 96 7 81 98 46 53 28 34 82
42 33 81 15 76 93 15 23 18 45 23 11 29 % 29 11 23 45 18 23 15 93 76 15 81 33 42
70 36 68 73 79 89 28 38 60 29 26 97 84 % 84 97 26 29 60 38 28 89 79 73 68 36 70
53 38 60 20 95 80 82 % 82 80 95 20 60 38 53
58 3 93 15 75 38 43 96 49 33 45 37 65 % 65 37 45 33 49 96 43 38 75 15 93 3 58
65 52 15 41 50 14 22 % 22 14 50 41 15 52 65
2 6 59 98 18 32 70 29 35 59 46 5 86 % 86 5 46 59 35 29 70 32 18 98 59 6 2
71 36 92 45 42 69 56 24 53 44 15 4 58 % 58 4 15 44 53 24 56 69 42 45 92 36 71
84 59 92 74 27 97 75 % 75 97 27 74 92 59 84
80 7 31 67 30 27 37 % 37 27 30 67 31 7 80
58 37 82 15 67 48 10 2 76 30 22 25 40 % 40 25 22 30 76 2 10 48 67 15 82 37 58
28 97 11 61 25 17 69 % 69 17 25 61 11 97 28
12 4 21 65 37 43 84 90 18 30 60 21 73 % 73 21 60 30 18 90 84 43 37 65 21 4 12
0 50 52 25 0 74 4 % 4 74 0 25 52 50 0
46 26 25 57 83 68 27 % 27 68 83 57 25 26 46
49 1 77 43 75 4 51 4 9 9 31 85 81 % 81 85 31 9 9 4 51 4 75 43 77 1 49
74 58 70 0 45 75 88 29 41 97 76 93 28 % 28 93 76 97 41 29 88 75 45 0 70 58 74
24 81 57 85 56 15 46 % 46 15 56 85 57 81 24
84 77 72 19 23 38 72 86 11 16 3 4 60 % 60 4 3 16 11 86 72 38 23 19 72 77 84
64 98 68 94 50 28 24 17 83 77 28 41 45 % 45 41 28 77 83 17 24 28 50 94 68 98 64
65 60 7 78 80 67 89 0 26 85 4 76 53 % 53 76 4 85 26 0 89 67 80 78 7 60 65
6 99 83 59 1 42 2 33 76 73 92 33 62 % 62 33 92 73 76 33 2 42 1 59 83 99 6
30 69 27 47 33 3 2 % 2 3 33 47 27 69 30
41 0 4 50 31 63 88 % 88 63 31 50 4 0 41
49 55 32 85 63 93 74 % 74 93 63 85 32 55 49
0 94 11 86 39 83 46 68 39 66 74 40 87 % 87 40 74 66 39 68 46 83 39 86 11 94 0
44 15 9 66 51 19 45 25 5 49 71 51 46 % 46 51 71 49 5 25 45 19 51 66 9 15 44
81 78 15 17 52 41 85 90 48 24 51 68 20 % 20 68 51 24 48 90 85 41 52 17 15 78 81
82 51 23 85 16 90 45 % 45 90 16 85 23 51 82
55 13 81 39 36 14 22 83 36 34 31 83 78 % 78 83 31 34 36 83 22 14 36 39 81 13 55
85 21 75 75 9 58 78 8 15 91 23 52 10 % 10 52 23 91 15 8 78 58 9 75 75 21 85
89 94 29 34 52 52 55 % 55 52 52 34 29 94 89
50 88 13 10 30 50 63 % 63 50 30 10 13 88 50
81 61 26 74 69 44 80 % 80 44 69 74 26 61 81
2 55 31 47 17 35 63 91 28 11 12 80 11 % 11 80 12 11 28 91 63 35 17 47 31 55 2
94 1 83 49 4 71 41 % 41 71 4 49 83 1 94
71 1 56 95 30 38 85 % 85 38 30 95 56 1 71
22 74 41 98 91 46 95 % 95 46 91 98 41 74 22
18 2 48 6 96 58 93 24 43 93 96 36 57 % 57 36 96 93 43 24 93 58 96 6 48 2 18
29 93 37 54 6 9 16 46 5 73 76 40 22 % 22 40 76 73 5 46 16 9 6 54 37 93 29
98 15 49 65 42 49 95 % 95 49 42 65 49 15 98
70 17 97 61 92 8 20 % 20 8 92 61 97 17 70
89 91 52 65 13 82 3 % 3 82 13 65 52 91 89
90 63 34 31 92 67 42 % 42 67 92 31 34 63 90
40 43 17 70 76 57 3 70 69 58 23 50 90 % 90 50 23 58 69 70 3 57 76 70 17 43 40
56 1 90 90 73 56 14 % 14 56 73 90 90 1 56
5 59 91 93 63 46 50 % 50 46 63 93 91 59 5
88 9 1 98 16 85 56 73 68 6 96 38 88 % 88 38 96 6 68 73 56 85 16 98 1 9 88
43 25 1 81 73 57 62 0 15 75 38 97 86 % 86 97 38 75 15 0 62 57 73 81 1 25 43
4 83 77 14 38 86 92 56 50 97 22 29 69 % 69 29 22 97 50 56 92 86 38 14 77 83 4
74 79 53 39 23 64 56 % 56 64 23 39 53 79 74
54 36 30 56 19 56 1 20 76 60 50 2 90 % 90 2 50 60 76 20 1 56 19 56 30 36 54
62 68 32 85 86 12 5 % 5 12 86 85 32 68 62
19 9 46 81 71 5 70 63 18 46 17 59 43 % 43 59 17 46 18 63 70 5 71 81 46 9 19
58 40 26 68 54 98 78 8 8 57 78 6 76 % 76 6 78 57 8 8 78 98 54 68 26 40 58
44 32 59 1 21 94 68 98 16 47 59 1 37 % 37 1 59 47 16 98 68 94 21 1 59 32 44
94 93 40 66 41 54 10 83 98 44 91 72 97 % 97 72 91 44 98 83 10 54 41 66 40 93 94
25 69 99 89 44 17 27 % 27 17 44 89 99 69 25
38 57 97 42 63 46 94 24 48 95 60 48 81 % 81 48 60 95 48 24 94 46 63 42 97 57 38
93 8 24 55 11 9 3 49 71 1 87 2 10 % 10 2 87 1 71 49 3 9 11 55 24 8 93
77 7 44 27 25 82 11 % 11 82 25 27 44 7 77
49 44 46 62 29 25 76 84 16 67 8 86 32 % 32 86 8 67 16 84 76 25 29 62 46 44 49
12 93 75 14 37 59 10 46 60 83 37 85 34 % 34 85 37 83 60 46 10 59 37 14 75 93 12
61 96 97 75 89 43 28 26 15 64 30 57 9 % 9 57 30 64 15 26 28 43 89 75 97 96 61
1 21 17 21 70 0 41 % 41 0 70 21 17 21 1
74 22 71 76 64 86 42 % 42 86 64 76 71 22 74
2 85 91 36 4 27 79 38 90 92 2 71 62 % 62 71 2 92 90 38 79 27 4 36 91 85 2
65 7 51 70 64 68 67 % 67 68 64 70 51 7 65
54 15 81 0 79 8 69 70 75 32 29 4 13 % 13 4 29 32 75 70 69 8 79 0 81 15 54
93 79 82 82 4 77 23 % 23 77 4 82 82 79 93
46 9 48 66 27 91 13 15 81 36 13 3 76 % 76 3 13 36 81 15 13 91 27 66 48 9 46
81 73 44 46 59 8 74 % 74 8 59 46 44 73 81
41 90 87 70 94 68 87 1 59 28 32 41 38 % 38 41 32 28 59 1 87 68 94 70 87 90 41
77 74 21 43 57 2 3 % 3 2 57 43 21 74 77
80 54 90 84 62 13 26 43 87 7 11 34 2 % 2 34 11 7 87 43 26 13 62 84 90 54 80
11 62 42 10 74 74 45 44 55 32 47 76 1 % 1 76 47 32 55 44 45 74 74 10 42 62 11
86 60 69 50 38 64 26 64 9 30 10 24 68 % 68 24 10 30 9 64 26 64 38 50 69 60 86
35 58 90 29 53 28 20 % 20 28 53 29 90 58 35
36 49 24 36 22 42 10 93 7 14 80 62 71 % 71 62 80 14 7 93 10 42 22 36 24 49 36
43 57 7 12 15 3 96 % 96 3 15 12 7 57 43
32 55 70 92 26 35 29 % 29 35 26 92 70 55 32
82 20 33 31 5 66 8 60 77 51 4 0 67 % 67 0 4 51 77 60 8 66 5 31 33 20 82
58 79 59 86 34 85 71 % 71 85 34 86 59 79 58
8 39 39 98 21 11 39 1 9 20 44 71 13 % 13 71 44 20 9 1 39 11 21 98 39 39 8
86 49 33 37 76 47 61 76 30 91 26 15 88 % 88 15 26 91 30 76 61 47 76 37 33 49 86
0 98 97 90 59 13 98 13 26 39 59 71 49 % 49 71 59 39 26 13 98 13 59 90 97 98 0
59 33 93 37 10 56 88 93 69 84 40 93 58 % 58 93 40 84 69 93 88 56 10 37 93 33 59
50 68 29 6 53 56 36 % 36 56 53 6 29 68 50
33 80 55 10 52 29 89 % 89 29 52 10 55 80 33
13 85 79 65 1 7 64 45 74 46 6 77 49 % 49 77 6 46 74 45 64 7 1 65 79 85 13
85 28 7 83 60 98 92 63 38 46 28 21 4 % 4 21 28 46 38 63 92 98 60 83 7 28 85
56 74 10 75 71 45 53 % 53 45 71 75 10 74 56
96 48 86 83 43 82 10 % 10 82 43 83 86 48 96
40 27 34 38 21 7 65 76 57 64 68 49 13 % 13 49 68 64 57 76 65 7 21 38 34 27 40
63 31 15 31 74 80 91 65 37 59 91 81 50 % 50 81 91 59 37 65 91 80 74 31 15 31 63
80 63 74 97 93 61 91 % 91 61 93 97 74 63 80
82 25 97 10 78 6 11 % 11 6 78 10 97 25 82
35 67 71 63 56 96 97 % 97 96 56 63 71 67 35
46 91 51 68 63 28 66 % 66 28 63 68 51 91 46
47 34 95 38 33 74 96 % 96 74 33 38 95 34 47
72 50 61 46 65 0 49 % 49 0 65 46 61 50 72
32 1 77 4 55 36 60 2 46 77 58 11 99 % 99 11 58 77 46 2 60 36 55 4 77 1 32
25 19 58 56 78 51 36 % 36 51 78 56 58 19 25
74 95 78 7 63 93 3 % 3 93 63 7 78 95 74
12 79 33 1 35 91 17 % 17 91 35 1 33 79 12
7 92 98 33 48 87 2 % 2 87 48 33 98 92 7
61 49 81 68 31 2 24 % 24 2 31 68 81 49 61
44 78 82 13 58 92 91 % 91 92 58 13 82 78 44
49 40 24 97 67 4 28 24 70 31 91 28 90 % 90 28 91 31 70 24 28 4 67 97 24 40 49
69 32 27 86 63 97 41 % 41 97 63 86 27 32 69
1 43 62 55 3 49 55 33 36 19 86 26 9 % 9 26 86 19 36 33 55 49 3 55 62 43 1
2 52 97 25 12 39 44 16 70 2 76 74 58 % 58 74 76 2 70 16 44 39 12 25 97 52 2
28 72 56 55 80 26 75 19 9 85 36 12 94 % 94 12 36 85 9 19 75 26 80 55 56 72 28
95 71 99 4 46 83 74 % 74 83 46 4 99 71 95
87 38 56 27 84 28 94 % 94 28 84 27 56 38 87
75 90 6 86 36 31 52 91 17 8 62 7 41 % 41 7 62 8 17 91 52 31 36 86 6 90 75
57 98 97 32 89 41 89 % 89 41 89 32 97 98 57
53 84 94 27 66 46 84 59 49 51 90 15 63 % 63 15 90 51 49 59 84 46 66 27 94 84 53
2 84 29 66 67 2 30 64 84 51 37 32 48 % 48 32 37 51 84 64 30 2 67 66 29 84 2
18 94 56 7 76 80 63 22 40 72 4 14 80 % 80 14 4 72 40 22 63 80 76 7 56 94 18
18 3 2 73 36 29 20 2 87 15 21 56 49 % 49 56 21 15 87 2 20 29 36 73 2 3 18
43 39 65 24 62 44 2 9 89 36 65 83 1 % 1 83 65 36 89 9 2 44 62 24 65 39 43
89 2 60 86 13 19 62 65 0 59 53 82 2 % 2 82 53 59 0 65 62 19 13 86 60 2 89
82 63 80 29 18 24 18 % 18 24 18 29 80 63 82
70 22 46 86 14 87 18 28 24 3 31 4 91 % 91 4 31 3 24 28 18 87 14 86 46 22 70
16 52 36 35 44 98 81 85 65 41 80 31 42 % 42 31 80 41 65 85 81 98 44 35 36 52 16
56 64 39 22 98 89 77 34 95 14 70 48 3 % 3 48 70 14 95 34 77 89 98 22 39 64 56
10 27 53 36 75 44 46 % 46 44 75 36 53 27 10
4 45 45 9 58 3 77 % 77 3 58 9 45 45 4
50 44 51 54 2 42 71 48 38 58 25 20 9 % 9 20 25 58 38 48 71 42 2 54 51 44 50
86 17 81 96 77 23 59 % 59 23 77 96 81 17 86
72 42 51 9 83 25 26 % 26 25 83 9 51 42 72
42 29 17 0 60 16 95 % 95 16 60 0 17 29 42
61 46 51 74 86 64 67 % 67 64 86 74 51 46 61
84 36 86 85 75 50 73 21 65 29 74 9 60 % 60 9 74 29 65 21 73 50 75 85 86 36 84
61 33 54 7 25 72 91 % 91 72 25 7 54 33 61
94 17 82 99 1 35 81 % 81 35 1 99 82 17 94
45 28 28 30 74 20 52 93 11 68 63 90 7 % 7 90 63 68 11 93 52 20 74 30 28 28 45
92 7 66 26 70 24 75 % 75 24 70 26 66 7 92
54 92 73 52 7 61 2 11 10 34 5 68 55 % 55 68 5 34 10 11 2 61 7 52 73 92 54
40 92 98 45 69 63 57 8 36 6 90 40 44 % 44 40 90 6 36 8 57 63 69 45 98 92 40
59 41 72 46 78 75 29 % 29 75 78 46 72 41 59
40 25 12 39 52 88 31 5 85 10 16 80 64 % 64 80 16 10 85 5 31 88 52 39 12 25 40
28 55 33 43 5 3 8 19 52 41 33 99 72 % 72 99 33 41 52 19 8 3 5 43 33 55 28
55 93 92 33 32 79 78 % 78 79 32 33 92 93 55
42 25 94 74 40 27 29 90 90 7 70 7 77 % 77 7 70 7 90 90 29 27 40 74 94 25 42
26 30 3 19 72 4 64 40 29 74 46 54 89 % 89 54 46 74 29 40 64 4 72 19 3 30 26
32 15 68 22 8 84 36 2 59 71 83 35 76 % 76 35 83 71 59 2 36 84 8 22 68 15 32
95 4 73 76 87 63 71 7 14 6 44 77 0 % 0 77 44 6 14 7 71 63 87 76 73 4 95
45 42 51 63 42 68 33 9 33 47 82 31 76 % 76 31 82 47 33 9 33 68 42 63 51 42 45
19 11 83 46 14 66 54 % 54 66 14 46 83 11 19
62 19 33 29 4 53 5 % 5 53 4 29 33 19 62
86 80 43 97 9 72 52 89 51 44 9 26 61 % 61 26 9 44 51 89 52 72 9 97 43 80 86
85 25 38 81 5 78 16 34 5 41 91 33 38 % 38 33 91 41 5 34 16 78 5 81 38 25 85
56 56 8 66 26 24 15 77 12 70 47 73 89 % 89 73 47 70 12 77 15 24 26 66 8 56 56
69 3 68 61 25 36 25 % 25 36 25 61 68 3 69
41 81 20 35 2 67 16 9 32 99 61 1 5 % 5 1 61 99 32 9 16 67 2 35 20 81 41
63 20 58 99 4 66 6 % 6 66 4 99 58 20 63
23 54 81 72 60 82 43 % 43 82 60 72 81 54 23
39 97 76 55 76 27 75 % 75 27 76 55 76 97 39
82 30 89 24 80 78 56 % 56 78 80 24 89 30 82
80 59 53 79 51 20 65 98 95 43 99 6 52 % 52 6 99 43 95 98 65 20 51 79 53 59 80
52 23 37 54 13 89 66 41 41 48 73 51 68 % 68 51 73 48 41 41 66 89 13 54 37 23 52
32 88 92 9 83 31 63 % 63 31 83 9 92 88 32
99 35 59 48 20 71 42 6 73 90 96 48 74 % 74 48 96 90 73 6 42 71 20 48 59 35 99
63 58 15 18 84 71 4 % 4 71 84 18 15 58 63
26 86 49 39 20 85 89 31 88 45 5 62 23 % 23 62 5 45 88 31 89 85 20 39 49 86 26
74 62 70 99 25 52 95 % 95 52 25 99 70 62 74
58 18 58 3 51 66 92 % 92 66 51 3 58 18 58
42 13 8 0 38 61 11 39 62 60 77 21 82 % 82 21 77 60 62 39 11 61 38 0 8 13 42
3 71 11 94 2 6 38 % 38 6 2 94 11 71 3
55 95 26 34 66 57 55 % 55 57 66 34 26 95 55
25 69 53 92 19 11 31 % 31 11 19 92 53 69 25
48 23 23 98 46 34 10 % 10 34 46 98 23 23 48
70 5 32 69 88 88 34 47 33 69 89 62 27 % 27 62 89 69 33 47 34 88 88 69 32 5 70
26 26 66 34 35 59 81 14 94 41 41 10 77 % 77 10 41 41 94 14 81 59 35 34 66 26 26
14 54 57 86 15 60 46 % 46 60 15 86 57 54 14
43 88 88 0 17 84 74 62 53 57 82 49 84 % 84 49 82 57 53 62 74 84 17 0 88 88 43
60 94 55 63 44 89 62 % 62 89 44 63 55 94 60
85 43 86 97 17 89 64 % 64 89 17 97 86 43 85
96 21 58 43 8 14 60 45 42 1 25 0 55 % 55 0 25 1 42 45 60 14 8 43 58 21 96
58 96 22 77 1 34 51 38 65 12 14 20 72 % 72 20 14 12 65 38 51 34 1 77 22 96 58
60 42 52 78 59 2 71 % 71 2 59 78 52 42 60
75 17 77 67 77 47 39 % 39 47 77 67 77 17 75
80 82 54 93 10 55 67 48 72 30 67 54 5 % 5 54 67 30 72 48 67 55 10 93 54 82 80
73 91 74 31 9 17 56 94 87 4 60 64 12 % 12 64 60 4 87 94 56 17 9 31 74 91 73
72 60 59 32 99 87 37 % 37 87 99 32 59 60 72
60 68 89 45 15 35 20 68 55 65 57 38 98 % 98 38 57 65 55 68 20 35 15 45 89 68 60
23 34 4 81 11 4 2 % 2 4 11 81 4 34 23
35 13 96 3 23 98 19 97 58 96 99 21 27 % 27 21 99 96 58 97 19 98 23 3 96 13 35
13 28 20 16 5 22 8 % 8 22 5 16 20 28 13
31 1 70 33 89 44 67 % 67 44 89 33 70 1 31
42 98 22 97 27 60 72 33 13 31 45 59 29 % 29 59 45 31 13 33 72 60 27 97 22 98 42
41 52 75 5 16 89 27 15 32 3 52 5 94 % 94 5 52 3 32 15 27 89 16 5 75 52 41
40 36 34 64 82 63 98 94 81 28 45 45 2 % 2 45 45 28 81 94 98 63 82 64 34 36 40
5 78 22 28 53 0 45 65 64 37 67 19 46 % 46 19 67 37 64 65 45 0 53 28 22 78 5
79 0 16 84 24 48 17 42 77 24 71 61 12 % 12 61 71 24 77 42 17 48 24 84 16 0 79
62 21 19 77 69 87 49 % 49 87 69 77 19 21 62
49 39 12 90 14 29 98 % 98 29 14 90 12 39 49
57 80 43 50 33 10 19 49 84 83 27 79 96 % 96 79 27 83 84 49 19 10 33 50 43 80 57
20 68 77 67 75 94 55 55 32 4 15 20 71 % 71 20 15 4 32 55 55 94 75 67 77 68 20
42 59 4 67 41 8 95 21 57 2 96 95 92 % 92 95 96 2 57 21 95 8 41 67 4 59 42
98 18 72 72 55 82 36 40 33 12 11 76 75 % 75 76 11 12 33 40 36 82 55 72 72 18 98
75 65 45 16 95 64 10 72 65 57 30 76 77 % 77 76 30 57 65 72 10 64 95 16 45 65 75
66 66 9 66 78 95 5 % 5 95 78 66 9 66 66
29 89 10 19 53 99 14 % 14 99 53 19 10 89 29
67 76 9 62 39 51 58 % 58 51 39 62 9 76 67
11 33 58 30 17 82 12 % 12 82 17 30 58 33 11
55 60 87 62 70 32 0 15 34 34 72 66 54 % 54 66 72 34 34 15 0 32 70 62 87 60 55
87 17 9 51 49 38 60 % 60 38 49 51 9 17 87
61 91 4 80 42 13 44 6 93 76 50 38 22 % 22 38 50 76 93 6 44 13 42 80 4 91 61
63 76 46 35 18 38 55 20 68 87 9 59 10 % 10 59 9 87 68 20 55 38 18 35 46 76 63
97 25 28 51 37 11 94 % 94 11 37 51 28 25 97
85 1 45 61 21 30 10 % 10 30 21 61 45 1 85
90 62 58 75 54 50 12 15 53 72 98 78 69 % 69 78 98 72 53 15 12 50 54 75 58 62 90
22 39 12 62 69 30 19 72 18 55 54 60 74 % 74 60 54 55 18 72 19 30 69 62 12 39 22
81 12 58 87 73 99 13 % 13 99 73 87 58 12 81
3 16 75 63 32 24 59 % 59 24 32 63 75 16 3
95 60 30 70 72 48 77 % 77 48 72 70 30 60 95
75 6 67 31 60 85 46 % 46 85 60 31 67 6 75
83 14 92 20 13 85 48 % 48 85 13 20 92 14 83
56 83 13 16 23 46 51 94 74 64 96 91 96 % 96 91 96 64 74 94 51 46 23 16 13 83 56
7 17 88 78 65 10 9 35 61 37 79 81 15 % 15 81 79 37 61 35 9 10 65 78 88 17 7
82 53 91 23 73 74 97 32 68 83 58 7 34 % 34 7 58 83 68 32 97 74 73 23 91 53 82
20 84 26 57 32 32 90 80 72 15 66 42 58 % 58 42 66 15 72 80 90 32 32 57 26 84 20
38 6 55 15 30 14 82 % 82 14 30 15 55 6 38
17 55 28 42 93 36 87 21 76 92 28 57 63 % 63 57 28 92 76 21 87 36 93 42 28 55 17
16 47 86 39 68 25 8 2 88 51 91 83 89 % 89 83 91 51 88 2 8 25 68 39 86 47 16
1 61 15 36 87 39 43 90 80 66 73 47 1 % 1 47 73 66 80 90 43 39 87 36 15 61 1
32 88 4 13 1 9 47 80 80 41 41 19 44 % 44 19 41 41 80 80 47 9 1 13 4 88 32
74 48 34 33 67 25 43 % 43 25 67 33 34 48 74
87 91 86 21 65 12 76 46 62 90 46 4 32 % 32 4 46 90 62 46 76 12 65 21 86 91 87
31 59 12 39 74 60 25 % 25 60 74 39 12 59 31
81 35 29 49 97 77 79 69 52 15 40 71 52 % 52 71 40 15 52 69 79 77 97 49 29 35 81
75 29 40 64 40 57 11 8 93 57 87 6 69 % 69 6 87 57 93 8 11 57 40 64 40 29 75
12 77 59 9 47 86 25 71 93 84 93 10 91 % 91 10 93 84 93 71 25 86 47 9 59 77 12
41 30 62 26 62 13 38 31 64 47 30 4 10 % 10 4 30 47 64 31 38 13 62 26 62 30 41
82 26 86 32 27 19 79 19 53 1 80 39 85 % 85 39 80 1 53 19 79 19 27 32 86 26 82
35 54 58 80 5 94 83 % 83 94 5 80 58 54 35
19 81 50 73 49 57 73 55 85 8 74 13 44 % 44 13 74 8 85 55 73 57 49 73 50 81 19
31 41 28 96 18 2 2 % 2 2 18 96 28 41 31
9 93 60 20 5 33 19 54 14 55 36 20 0 % 0 20 36 55 14 54 19 33 5 20 60 93 9
13 22 54 76 17 93 95 % 95 93 17 76 54 22 13
14 77 45 96 15 95 92 % 92 95 15 96 45 77 14
39 26 86 48 35 88 91 % 91 88 35 48 86 26 39
50 25 73 31 34 18 5 47 21 34 71 82 14 % 14 82 71 34 21 47 5 18 34 31 73 25 50
78 20 85 88 46 6 36 10 49 98 74 28 71 % 71 28 74 98 49 10 36 6 46 88 85 20 78
78 64 43 51 64 72 59 98 2 23 1 47 39 % 39 47 1 23 2 98 59 72 64 51 43 64 78
41 23 96 58 23 2 24 % 24 2 23 58 96 23 41
63 57 24 3 28 79 50 87 75 57 50 7 33 % 33 7 50 57 75 87 50 79 28 3 24 57 63
51 83 54 62 15 52 62 % 62 52 15 62 54 83 51
10 13 98 61 8 32 88 15 48 65 27 96 41 % 41 96 27 65 48 15 88 32 8 61 98 13 10
72 75 51 9 86 75 5 41 62 57 12 20 63 % 63 20 12 57 62 41 5 75 86 9 51 75 72
73 63 85 4 12 75 65 % 65 75 12 4 85 63 73
46 75 39 84 12 53 45 % 45 53 12 84 39 75 46
52 31 12 14 10 7 30 % 30 7 10 14 12 31 52
39 14 90 84 61 95 52 26 3 74 69 88 10 % 10 88 69 74 3 26 52 95 61 84 90 14 39
46 28 42 51 88 2 20 96 19 84 78 40 7 % 7 40 78 84 19 96 20 2 88 51 42 28 46
93 44 76 29 98 19 72 3 80 68 31 33 29 % 29 33 31 68 80 3 72 19 98 29 76 44 93
49 34 81 42 17 28 67 7 84 38 49 63 85 % 85 63 49 38 84 7 67 28 17 42 81 34 49
8 39 96 74 31 21 49 % 49 21 31 74 96 39 8
67 15 86 31 71 95 84 % 84 95 71 31 86 15 67
94 1 26 37 12 6 97 14 56 46 93 20 37 % 37 20 93 46 56 14 97 6 12 37 26 1 94
82 96 23 60 69 1 17 11 91 31 14 88 64 % 64 88 14 31 91 11 17 1 69 60 23 96 82
28 20 54 50 1 63 72 % 72 63 1 50 54 20 28
83 34 9 66 7 48 98 % 98 48 7 66 9 34 83
40 47 20 27 55 67 74 10 26 18 14 8 96 % 96 8 14 18 26 10 74 67 55 27 20 47 40
70 13 47 74 95 1 15 89 70 34 83 65 49 % 49 65 83 34 70 89 15 1 95 74 47 13 70
38 63 89 68 48 17 7 93 73 91 8 99 35 % 35 99 8 91 73 93 7 17 48 68 89 63 38
52 7 58 54 83 8 0 % 0 8 83 54 58 7 52
52 4 9 6 39 98 24 % 24 98 39 6 9 4 52
60 65 90 41 11 16 47 45 82 93 72 24 80 % 80 24 72 93 82 45 47 16 11 41 90 65 60
61 69 92 97 3 82 81 % 81 82 3 97 92 69 61
14 2 17 17 85 89 14 % 14 89 85 17 17 2 14
97 55 15 67 36 75 49 % 49 75 36 67 15 55 97
31 79 13 76 29 53 77 % 77 53 29 76 13 79 31
72 48 45 16 4 81 3 76 83 75 59 45 49 % 49 45 59 75 83 76 3 81 4 16 45 48 72
70 24 35 31 54 42 12 % 12 42 54 31 35 24 70
73 68 55 85 35 72 38 59 96 49 55 12 41 % 41 12 55 49 96 59 38 72 35 85 55 68 73
88 17 56 96 89 11 3 % 3 11 89 96 56 17 88
55 23 30 2 50 40 75 65 35 77 9 79 12 % 12 79 9 77 35 65 75 40 50 2 30 23 55
96 24 20 44 23 97 45 % 45 97 23 44 20 24 96
38 34 22 91 0 75 96 62 32 65 52 4 94 % 94 4 52 65 32 62 96 75 0 91 22 34 38
67 22 77 50 76 53 99 % 99 53 76 50 77 22 67
92 60 98 33 40 40 11 % 11 40 40 33 98 60 92
54 19 98 23 53 23 37 % 37 23 53 23 98 19 54
32 24 68 17 24 84 85 2 59 59 4 24 51 % 51 24 4 59 59 2 85 84 24 17 68 24 32
80 20 66 63 71 46 54 14 85 63 37 9 11 % 11 9 37 63 85 14 54 46 71 63 66 20 80
63 60 2 31 59 51 93 94 48 53 63 71 97 % 97 71 63 53 48 94 93 51 59 31 2 60 63
95 51 40 47 97 44 71 % 71 44 97 47 40 51 95
59 73 74 9 19 63 70 67 87 5 13 87 28 % 28 87 13 5 87 67 70 63 19 9 74 73 59
53 7 98 11 50 96 18 16 44 76 21 3 81 % 81 3 21 76 44 16 18 96 50 11 98 7 53
53 93 83 86 68 3 84 % 84 3 68 86 83 93 53
36 81 59 32 21 82 55 87 76 92 82 88 31 % 31 88 82 92 76 87 55 82 21 32 59 81 36
71 30 57 48 40 67 93 62 5 41 71 38 76 % 76 38 71 41 5 62 93 67 40 48 57 30 71
69 0 30 73 56 14 54 89 17 99 85 71 28 % 28 71 85 99 17 89 54 14 56 73 30 0 69
45 19 92 76 14 77 4 % 4 77 14 76 92 19 45
73 64 34 62 77 30 9 % 9 30 77 62 34 64 73
5 69 29 90 92 59 31 % 31 59 92 90 29 69 5
72 57 21 30 44 54 55 68 29 51 24 4 68 % 68 4 24 51 29 68 55 54 44 30 21 57 72
84 36 2 33 40 99 48 91 47 84 75 64 45 % 45 64 75 84 47 91 48 99 40 33 2 36 84
32 29 65 99 53 6 11 30 75 4 27 23 55 % 55 23 27 4 75 30 11 6 53 99 65 29 32
46 74 20 56 12 26 85 33 69 71 46 79 71 % 71 79 46 71 69 33 85 26 12 56 20 74 46
91 9 8 59 72 41 44 15 52 42 10 31 26 % 26 31 10 42 52 15 44 41 72 59 8 9 91
38 13 29 49 55 3 63 % 63 3 55 49 29 13 38
73 11 54 23 73 24 26 54 90 32 45 15 57 % 57 15 45 32 90 54 26 24 73 23 54 11 73
76 37 55 76 37 63 21 34 55 18 6 79 15 % 15 79 6 18 55 34 21 63 37 76 55 37 76
74 44 52 71 36 50 85 92 92 12 97 77 50 % 50 77 97 12 92 92 85 50 36 71 52 44 74
20 71 48 33 60 20 76 75 29 18 47 9 44 % 44 9 47 18 29 75 76 20 60 33 48 71 20
56 1 4 22 24 68 60 71 85 18 83 25 13 % 13 25 83 18 85 71 60 68 24 22 4 1 56
82 61 69 92 57 69 37 36 52 78 69 2 2 % 2 2 69 78 52 36 37 69 57 92 69 61 82
49 68 61 12 81 45 41 35 11 87 0 17 87 % 87 17 0 87 11 35 41 45 81 12 61 68 49
99 97 17 30 13 45 66 36 92 34 15 76 96 % 96 76 15 34 92 36 66 45 13 30 17 97 99
80 61 29 34 37 19 98 % 98 19 37 34 29 61 80
98 83 70 30 9 96 79 % 79 96 9 30 70 83 98
95 78 10 76 57 35 21 79 17 29 95 79 54 % 54 79 95 29 17 79 21 35 57 76 10 78 95
85 60 22 57 89 70 2 20 21 9 47 0 36 % 36 0 47 9 21 20 2 70 89 57 22 60 85
93 0 81 77 9 16 18 93 21 32 33 17 0 % 0 17 33 32 21 93 18 16 9 77 81 0 93
52 95 22 4 90 38 62 % 62 38 90 4 22 95 52
44 50 86 42 56 15 18 67 92 81 12 10 86 % 86 10 12 81 92 67 18 15 56 42 86 50 44
60 49 45 2 74 23 84 % 84 23 74 2 45 49 60
45 7 32 29 82 8 44 15 58 35 73 30 62 % 62 30 73 35 58 15 44 8 82 29 32 7 45
93 7 53 14 53 75 22 % 22 75 53 14 53 7 93
41 6 90 76 79 18 94 % 94 18 79 76 90 6 41
84 51 67 58 74 76 46 67 57 46 4 60 4 % 4 60 4 46 57 67 46 76 74 58 67 51 84
33 76 21 30 56 53 83 % 83 53 56 30 21 76 33
5 90 10 76 74 64 93 75 20 37 46 14 80 % 80 14 46 37 20 75 93 64 74 76 10 90 5
22 81 89 6 32 76 1 67 76 38 25 64 32 % 32 64 25 38 76 67 1 76 32 6 89 81 22
15 14 76 21 51 70 91 % 91 70 51 21 76 14 15
8 47 80 87 58 88 99 68 95 0 84 40 16 % 16 40 84 0 95 68 99 88 58 87 80 47 8
90 53 73 3 9 58 3 19 80 28 82 35 86 % 86 35 82 28 80 19 3 58 9 3 73 53 90
64 87 83 82 28 38 91 % 91 38 28 82 83 87 64
15 7 42 22 84 48 82 21 15 42 9 96 21 % 21 96 9 42 15 21 82 48 84 22 42 7 15
81 3 49 44 89 79 80 94 8 86 26 93 23 % 23 93 26 86 8 94 80 79 89 44 49 3 81
96 35 18 6 24 37 99 % 99 37 24 6 18 35 96
83 30 2 25 90 59 18 % 18 59 90 25 2 30 83
38 80 60 95 72 12 3 73 90 48 51 48 72 % 72 48 51 48 90 73 3 12 72 95 60 80 38
41 7 97 90 9 90 14 73 60 72 49 27 53 % 53 27 49 72 60 73 14 90 9 90 97 7 41
27 54 64 11 84 26 27 71 89 7 56 81 19 % 19 81 56 7 89 71 27 26 84 11 64 54 27
15 15 97 46 92 63 11 % 11 63 92 46 97 15 15
55 9 44 42 21 12 87 18 36 28 6 87 32 % 32 87 6 28 36 18 87 12 21 42 44 9 55
64 64 82 5 19 66 83 % 83 66 19 5 82 64 64
49 85 54 13 80 34 87 % 87 34 80 13 54 85 49
38 98 41 84 37 75 12 26 83 64 81 44 26 % 26 44 81 64 83 26 12 75 37 84 41 98 38
78 49 58 91 9 82 68 % 68 82 9 91 58 49 78
95 3 40 2 51 76 0 % 0 76 51 2 40 3 95
90 84 18 53 51 68 81 31 95 46 75 87 63 % 63 87 75 46 95 31 81 68 51 53 18 84 90
8 60 78 2 95 63 13 % 13 63 95 2 78 60 8
5 76 62 87 44 39 78 36 47 76 90 78 64 % 64 78 90 76 47 36 78 39 44 87 62 76 5
29 65 38 13 27 35 40 7 6 98 51 22 12 % 12 22 51 98 6 7 40 35 27 13 38 65 29
4 21 12 30 9 60 93 % 93 60 9 30 12 21 4
40 18 58 55 89 79 0 % 0 79 89 55 58 18 40
42 19 43 89 98 22 60 84 51 88 63 28 14 % 14 28 63 88 51 84 60 22 98 89 43 19 42
38 92 55 53 93 58 9 51 77 23 78 35 91 % 91 35 78 23 77 51 9 58 93 53 55 92 38
22 41 30 45 97 16 49 % 49 16 97 45 30 41 22
21 19 9 2 12 86 7 65 53 57 72 67 1 % 1 67 72 57 53 65 7 86 12 2 9 19 21
59 70 49 61 48 25 35 % 35 25 48 61 49 70 59
55 54 73 92 65 65 94 77 60 28 87 59 28 % 28 59 87 28 60 77 94 65 65 92 73 54 55
48 14 16 28 21 1 20 3 78 93 83 62 49 % 49 62 83 93 78 3 20 1 21 28 16 14 48
45 63 60 67 16 36 75 % 75 36 16 67 60 63 45
88 16 50 29 24 30 65 20 98 45 77 28 40 % 40 28 77 45 98 20 65 30 24 29 50 16 88
99 18 73 45 95 49 82 36 81 51 6 23 0 % 0 23 6 51 81 36 82 49 95 45 73 18 99
31 3 4 98 68 31 62 % 62 31 68 98 4 3 31
94 41 66 89 14 30 7 65 56 41 28 57 15 % 15 57 28 41 56 65 7 30 14 89 66 41 94
6 40 65 24 10 93 56 8 67 85 41 46 47 % 47 46 41 85 67 8 56 93 10 24 65 40 6
34 82 72 98 26 64 81 56 9 19 57 64 12 % 12 64 57 19 9 56 81 64 26 98 72 82 34
20 20 9 52 10 63 90 97 81 14 88 66 8 % 8 66 88 14 81 97 90 63 10 52 9 20 20
3 21 76 34 27 17 99 67 91 93 0 2 23 % 23 2 0 93 91 67 99 17 27 34 76 21 3
71 62 90 55 33 68 69 % 69 68 33 55 90 62 71
52 80 41 36 12 41 7 34 2 57 9 28 28 % 28 28 9 57 2 34 7 41 12 36 41 80 52
19 92 56 56 26 4 10 % 10 4 26 56 56 92 19
81 85 13 17 20 27 93 6 90 50 36 72 52 % 52 72 36 50 90 6 93 27 20 17 13 85 81
47 5 93 43 57 70 69 97 92 34 39 4 22 % 22 4 39 34 92 97 69 70 57 43 93 5 47
87 71 64 59 92 89 45 11 46 77 58 11 69 % 69 11 58 77 46 11 45 89 92 59 64 71 87
23 14 71 83 4 71 91 % 91 71 4 83 71 14 23
61 23 81 61 53 28 75 72 57 73 67 1 0 % 0 1 67 73 57 72 75 28 53 61 81 23 61
83 25 94 5 22 67 57 79 16 77 18 70 3 % 3 70 18 77 16 79 57 67 22 5 94 25 83
96 64 42 3 18 12 14 29 13 55 0 28 46 % 46 28 0 55 13 29 14 12 18 3 42 64 96
75 7 51 44 56 65 7 % 7 65 56 44 51 7 75
64 32 91 4 24 14 97 % 97 14 24 4 91 32 64
6 91 23 12 42 36 24 % 24 36 42 12 23 91 6
87 71 76 50 14 69 55 43 44 93 95 74 54 % 54 74 95 93 44 43 55 69 14 50 76 71 87
29 33 32 24 77 48 51 90 87 14 32 72 89 % 89 72 32 14 87 90 51 48 77 24 32 33 29
92 46 74 10 89 5 24 % 24 5 89 10 74 46 92
11 14 74 59 38 20 97 % 97 20 38 59 74 14 11
78 19 16 61 23 42 20 % 20 42 23 61 16 19 78
7 55 30 63 5 22 12 % 12 22 5 63 30 55 7
82 35 26 24 96 9 79 52 57 48 85 42 70 % 70 42 85 48 57 52 79 9 96 24 26 35 82
15 94 66 91 83 92 13 69 56 62 68 86 67 % 67 86 68 62 56 69 13 92 83 91 66 94 15
62 53 16 67 45 26 92 % 92 26 45 67 16 53 62
32 30 56 76 19 30 77 % 77 30 19 76 56 30 32
1 14 47 39 60 92 29 % 29 92 60 39 47 14 1
3 98 65 55 22 47 65 % 65 47 22 55 65 98 3
46 57 97 82 15 43 94 13 26 37 28 83 4 % 4 83 28 37 26 13 94 43 15 82 97 57 46
90 51 17 48 97 99 86 % 86 99 97 48 17 51 90
65 13 58 65 93 46 60 % 60 46 93 65 58 13 65
14 13 2 52 83 47 6 77 33 9 66 10 67 % 67 10 66 9 33 77 6 47 83 52 2 13 14
9 64 39 85 30 53 94 % 94 53 30 85 39 64 9
35 53 87 19 60 70 38 51 98 35 22 99 72 % 72 99 22 35 98 51 38 70 60 19 87 53 35
39 28 58 84 41 8 18 79 13 84 56 30 46 % 46 30 56 84 13 79 18 8 41 84 58 28 39
82 17 15 26 73 79 99 24 59 80 67 49 95 % 95 49 67 80 59 24 99 79 73 26 15 17 82
69 97 98 67 29 59 10 30 8 34 56 75 91 % 91 75 56 34 8 30 10 59 29 67 98 97 69
3 99 28 64 56 63 40 % 40 63 56 64 28 99 3
26 8 90 10 45 74 78 73 71 59 15 29 43 % 43 29 15 59 71 73 78 74 45 10 90 8 26
92 1 31 84 4 82 67 95 46 14 46 32 98 % 98 32 46 14 46 95 67 82 4 84 31 1 92
88 21 74 38 2 21 79 68 18 18 77 44 5 % 5 44 77 18 18 68 79 21 2 38 74 21 88
49 11 25 72 68 35 87 80 43 70 60 11 75 % 75 11 60 70 43 80 87 35 68 72 25 11 49
67 18 44 46 17 62 20 % 20 62 17 46 44 18 67
27 46 2 3 92 85 46 % 46 85 92 3 2 46 27
87 88 25 64 34 55 24 44 59 9 55 10 78 % 78 10 55 9 59 44 24 55 34 64 25 88 87
11 28 3 5 45 5 8 84 75 78 15 67 66 % 66 67 15 78 75 84 8 5 45 5 3 28 11
8 90 55 62 76 84 26 79 37 8 71 92 52 % 52 92 71 8 37 79 26 84 76 62 55 90 8
69 74 68 92 24 40 64 2 98 80 89 64 7 % 7 64 89 80 98 2 64 40 24 92 68 74 69
77 42 61 95 78 71 69 % 69 71 78 95 61 42 77
51 31 35 50 93 98 95 29 55 53 95 23 33 % 33 23 95 53 55 29 95 98 93 50 35 31 51
75 91 44 24 98 27 1 % 1 27 98 24 44 91 75
80 39 51 24 67 78 65 % 65 78 67 24 51 39 80
1 59 4 26 76 22 86 42 63 10 86 6 89 % 89 6 86 10 63 42 86 22 76 26 4 59 1
70 3 72 42 67 1 42 % 42 1 67 42 72 3 70
98 10 67 73 93 6 17 % 17 6 93 73 67 10 98
91 23 55 52 37 23 8 % 8 23 37 52 55 23 91
90 78 10 27 72 96 65 % 65 96 72 27 10 78 90
90 44 9 83 5 97 64 % 64 97 5 83 9 44 90
73 77 13 50 28 73 1 % 1 73 28 50 13 77 73
30 89 67 82 96 19 52 94 77 60 9 68 27 % 27 68 9 60 77 94 52 19 96 82 67 89 30
89 2 43 22 84 45 11 % 11 45 84 22 43 2 89
29 47 75 31 85 26 36 % 36 26 85 31 75 47 29
72 31 87 88 17 70 45 % 45 70 17 88 87 31 72
85 89 4 2 59 73 33 % 33 73 59 2 4 89 85
13 85 95 78 15 50 56 % 56 50 15 78 95 85 13
10 60 72 50 75 11 95 % 95 11 75 50 72 60 10
43 76 4 69 55 75 73 % 73 75 55 69 4 76 43
54 16 19 75 69 60 71 41 85 92 18 38 41 % 41 38 18 92 85 41 71 60 69 75 19 16 54
0 96 73 30 7 0 35 25 38 95 86 3 30 % 30 3 86 95 38 25 35 0 7 30 73 96 0
58 92 23 56 37 80 2 46 41 56 28 40 98 % 98 40 28 56 41 46 2 80 37 56 23 92 58
94 73 81 62 70 2 3 49 81 24 31 87 80 % 80 87 31 24 81 49 3 2 70 62 81 73 94
78 63 86 37 3 77 12 6 71 7 96 12 40 % 40 12 96 7 71 6 12 77 3 37 86 63 78
18 60 37 56 38 90 68 % 68 90 38 56 37 60 18
0 68 28 46 93 26 42 % 42 26 93 46 28 68 0
95 65 20 31 24 90 57 36 92 12 30 91 86 % 86 91 30 12 92 36 57 90 24 31 20 65 95
76 13 95 65 58 95 59 96 40 43 92 27 5 % 5 27 92 43 40 96 59 95 58 65 95 13 76
3 44 68 33 79 7 21 10 41 30 48 88 19 % 19 88 48 30 41 10 21 7 79 33 68 44 3
96 47 52 26 69 91 62 % 62 91 69 26 52 47 96
93 92 35 61 19 37 11 % 11 37 19 61 35 92 93
42 81 88 96 17 79 23 7 84 92 21 86 73 % 73 86 21 92 84 7 23 79 17 96 88 81 42
86 6 88 30 66 27 70 46 10 0 26 2 47 % 47 2 26 0 10 46 70 27 66 30 88 6 86
8 84 97 70 94 95 31 46 88 47 82 70 25 % 25 70 82 47 88 46 31 95 94 70 97 84 8
63 32 42 20 99 17 22 % 22 17 99 20 42 32 63
25 36 22 51 56 97 34 30 13 20 24 59 48 % 48 59 24 20 13 30 34 97 56 51 22 36 25
7 89 83 0 84 76 16 % 16 76 84 0 83 89 7
71 24 42 17 33 62 21 % 21 62 33 17 42 24 71
89 91 55 36 76 72 93 85 0 41 99 75 58 % 58 75 99 41 0 85 93 72 76 36 55 91 89
3 43 86 60 93 47 60 % 60 47 93 60 86 43 3
68 66 71 90 71 66 99 22 17 63 26 1 36 % 36 1 26 63 17 22 99 66 71 90 71 66 68
1 79 5 3 9 8 74 58 64 51 64 32 44 % 44 32 64 51 64 58 74 8 9 3 5 79 1
9 0 28 67 25 91 37 % 37 91 25 67 28 0 9
32 89 84 19 8 29 33 46 37 99 8 87 32 % 32 87 8 99 37 46 33 29 8 19 84 89 32
50 25 70 35 15 41 45 59 84 45 99 60 36 % 36 60 99 45 84 59 45 41 15 35 70 25 50
18 47 13 45 70 49 16 % 16 49 70 45 13 47 18
85 20 61 6 3 76 16 % 16 76 3 6 61 20 85
35 65 83 89 66 36 37 % 37 36 66 89 83 65 35
2 15 86 61 30 48 93 % 93 48 30 61 86 15 2
23 25 95 39 57 29 73 % 73 29 57 39 95 25 23
82 99 3 86 73 65 73 66 65 78 34 56 59 % 59 56 34 78 65 66 73 65 73 86 3 99 82
51 24 91 51 9 91 84 56 87 84 32 64 68 % 68 64 32 84 87 56 84 91 9 51 91 24 51
58 87 67 2 73 63 53 80 33 74 21 80 22 % 22 80 21 74 33 80 53 63 73 2 67 87 58
81 27 57 26 48 26 15 % 15 26 48 26 57 27 81
7 0 83 53 46 16 4 15 26 48 83 52 16 % 16 52 83 48 26 15 4 16 46 53 83 0 7
62 8 64 30 91 72 78 39 4 52 41 9 10 % 10 9 41 52 4 39 78 72 91 30 64 8 62
33 25 10 63 56 53 63 47 35 52 10 1 56 % 56 1 10 52 35 47 63 53 56 63 10 25 33
11 94 0 80 70 10 85 5 49 0 31 99 53 % 53 99 31 0 49 5 85 10 70 80 0 94 11
7 32 61 3 59 7 23 % 23 7 59 3 61 32 7
45 24 31 11 96 71 4 % 4 71 96 11 31 24 45
99 19 92 70 91 44 12 41 49 0 85 76 40 % 40 76 85 0 49 41 12 44 91 70 92 19 99
80 34 22 17 60 73 0 75 12 97 17 38 84 % 84 38 17 97 12 75 0 73 60 17 22 34 80
52 55 86 97 66 52 61 28 93 9 55 92 84 % 84 92 55 9 93 28 61 52 66 97 86 55 52
16 89 60 19 94 94 5 % 5 94 94 19 60 89 16
57 69 83 72 85 73 6 66 55 44 38 70 78 % 78 70 38 44 55 66 6 73 85 72 83 69 57
57 11 14 18 87 34 39 17 17 76 59 60 26 % 26 60 59 76 17 17 39 34 87 18 14 11 57
60 13 31 39 3 59 88 % 88 59 3 39 31 13 60
52 43 41 80 89 28 31 % 31 28 89 80 41 43 52
56 50 63 16 95 2 9 % 9 2 95 16 63 50 56
53 52 50 31 63 64 86 45 31 17 1 36 85 % 85 36 1 17 31 45 86 64 63 31 50 52 53
14 33 44 62 8 18 17 % 17 18 8 62 44 33 14
16 36 62 56 75 68 11 % 11 68 75 56 62 36 16
53 86 54 27 86 8 80 % 80 8 86 27 54 86 53
44 26 11 49 38 50 72 27 37 48 88 30 87 % 87 30 88 48 37 27 72 50 38 49 11 26 44
29 74 70 48 38 27 50 96 68 56 7 91 50 % 50 91 7 56 68 96 50 27 38 48 70 74 29
76 99 32 63 20 99 62 44 72 42 13 63 88 % 88 63 13 42 72 44 62 99 20 63 32 99 76
18 76 71 72 91 23 91 % 91 23 91 72 71 76 18
0 4 88 42 76 0 41 % 41 0 76 42 88 4 0
43 25 33 16 5 40 91 % 91 40 5 16 33 25 43
67 22 23 68 45 3 74 % 74 3 45 68 23 22 67
94 96 29 38 90 92 48 35 13 92 30 54 51 % 51 54 30 92 13 35 48 92 90 38 29 96 94
27 65 37 90 72 50 23 5 87 6 55 68 98 % 98 68 55 6 87 5 23 50 72 90 37 65 27
17 32 20 75 60 83 51 % 51 83 60 75 20 32 17
67 60 97 72 79 6 90 3 44 63 9 17 99 % 99 17 9 63 44 3 90 6 79 72 97 60 67
18 0 39 44 87 32 38 % 38 32 87 44 39 0 18
89 51 79 6 25 67 94 % 94 67 25 6 79 51 89
87 84 30 59 32 42 12 62 31 76 4 95 63 % 63 95 4 76 31 62 12 42 32 59 30 84 87
6 89 9 11 41 2 27 32 85 24 86 69 19 % 19 69 86 24 85 32 27 2 41 11 9 89 6
79 30 15 51 56 94 46 % 46 94 56 51 15 30 79
59 81 94 40 44 79 29 88 53 15 64 68 34 % 34 68 64 15 53 88 29 79 44 40 94 81 59
96 41 34 10 67 46 7 24 66 70 73 7 86 % 86 7 73 70 66 24 7 46 67 10 34 41 96
93 87 28 96 74 34 20 23 88 98 4 2 2 % 2 2 4 98 88 23 20 34 74 96 28 87 93
61 85 71 93 46 74 35 % 35 74 46 93 71 85 61
18 31 31 26 92 36 36 53 99 5 13 72 64 % 64 72 13 5 99 53 36 36 92 26 31 31 18
70 49 38 64 40 18 80 % 80 18 40 64 38 49 70
13 95 56 31 20 91 18 48 82 89 5 9 86 % 86 9 5 89 82 48 18 91 20 31 56 95 13
80 48 60 81 19 6 2 0 17 16 52 76 46 % 46 76 52 16 17 0 2 6 19 81 60 48 80
7 46 67 60 23 64 91 56 91 37 38 81 52 % 52 81 38 37 91 56 91 64 23 60 67 46 7
8 6 45 52 95 10 46 % 46 10 95 52 45 6 8
82 93 91 16 33 96 89 74 90 42 11 80 4 % 4 80 11 42 90 74 89 96 33 16 91 93 82
80 50 32 88 69 12 46 % 46 12 69 88 32 50 80
54 68 79 37 35 7 61 70 10 77 88 39 18 % 18 39 88 77 10 70 61 7 35 37 79 68 54
78 43 63 52 45 50 8 % 8 50 45 52 63 43 78
59 96 94 67 47 4 29 76 2 20 81 24 57 % 57 24 81 20 2 76 29 4 47 67 94 96 59
24 43 99 49 27 94 39 % 39 94 27 49 99 43 24
27 48 96 56 91 83 55 29 0 9 81 84 54 % 54 84 81 9 0 29 55 83 91 56 96 48 27
54 57 21 64 46 52 10 81 85 13 92 9 35 % 35 9 92 13 85 81 10 52 46 64 21 57 54
39 5 31 76 54 77 82 21 7 45 31 22 38 % 38 22 31 45 7 21 82 77 54 76 31 5 39
50 37 51 95 80 60 10 % 10 60 80 95 51 37 50
38 57 31 99 19 56 66 83 23 17 32 8 28 % 28 8 32 17 23 83 66 56 19 99 31 57 38
47 46 50 12 91 27 91 % 91 27 91 12 50 46 47
43 3 18 23 98 12 31 % 31 12 98 23 18 3 43
4 14 43 11 16 86 47 49 48 11 62 33 84 % 84 33 62 11 48 49 47 86 16 11 43 14 4
43 38 87 67 22 29 73 41 4 25 32 99 42 % 42 99 32 25 4 41 73 29 22 67 87 38 43
28 52 19 79 69 26 15 84 1 61 82 6 86 % 86 6 82 61 1 84 15 26 69 79 19 52 28
3 21 32 65 29 31 70 21 97 82 63 5 56 % 56 5 63 82 97 21 70 31 29 65 32 21 3
93 5 67 16 83 28 20 4 76 66 49 50 52 % 52 50 49 66 76 4 20 28 83 16 67 5 93
52 76 41 32 67 93 45 % 45 93 67 32 41 76 52
67 41 47 37 75 2 46 99 93 82 92 9 48 % 48 9 92 82 93 99 46 2 75 37 47 41 67
41 55 41 41 73 3 3 % 3 3 73 41 41 55 41
10 68 16 24 52 39 7 % 7 39 52 24 16 68 10
77 96 92 49 16 80 22 17 37 22 8 50 84 % 84 50 8 22 37 17 22 80 16 49 92 96 77
10 77 58 96 52 72 99 42 4 57 88 61 89 % 89 61 88 57 4 42 99 72 52 96 58 77 10
55 87 22 88 56 24 57 % 57 24 56 88 22 87 55
99 84 76 82 79 57 78 66 19 31 42 13 64 % 64 13 42 31 19 66 78 57 79 82 76 84 99
80 85 72 2 23 23 76 43 86 57 46 69 26 % 26 69 46 57 86 43 76 23 23 2 72 85 80
55 19 44 80 47 81 33 % 33 81 47 80 44 19 55
39 61 51 74 63 25 90 % 90 25 63 74 51 61 39
41 10 98 48 36 79 31 45 25 11 27 57 95 % 95 57 27 11 25 45 31 79 36 48 98 10 41
15 39 41 26 47 32 8 % 8 32 47 26 41 39 15
97 20 19 80 26 64 95 44 10 90 38 71 73 % 73 71 38 90 10 44 95 64 26 80 19 20 97
57 15 9 31 75 38 10 % 10 38 75 31 9 15 57
25 81 52 59 5 70 15 58 92 39 19 16 81 % 81 16 19 39 92 58 15 70 5 59 52 81 25
8 87 33 47 15 86 92 23 92 41 51 85 62 % 62 85 51 41 92 23 92 86 15 47 33 87 8
29 97 12 10 93 74 30 86 91 94 67 66 35 % 35 66 67 94 91 86 30 74 93 10 12 97 29
74 9 22 26 70 81 43 7 57 28 25 97 39 % 39 97 25 28 57 7 43 81 70 26 22 9 74
87 95 15 83 27 59 18 % 18 59 27 83 15 95 87
37 28 98 52 28 71 53 20 40 78 68 50 39 % 39 50 68 78 40 20 53 71 28 52 98 28 37
62 11 7 97 49 24 69 32 34 89 12 21 0 % 0 21 12 89 34 32 69 24 49 97 7 11 62
16 84 97 18 81 6 14 % 14 6 81 18 97 84 16
48 34 2 98 73 86 18 46 82 25 71 46 0 % 0 46 71 25 82 46 18 86 73 98 2 34 48
43 1 3 31 66 24 54 66 78 74 24 69 10 % 10 69 24 74 78 66 54 24 66 31 3 1 43
61 48 9 85 62 43 80 64 6 33 27 50 73 % 73 50 27 33 6 64 80 43 62 85 9 48 61
38 30 87 33 78 78 90 % 90 78 78 33 87 30 38
3 88 9 47 3 93 54 % 54 93 3 47 9 88 3
39 88 41 41 25 81 52 98 89 42 25 53 28 % 28 53 25 42 89 98 52 81 25 41 41 88 39
58 35 38 69 22 38 47 54 87 74 34 53 63 % 63 53 34 74 87 54 47 38 22 69 38 35 58
8 56 80 58 19 45 98 37 57 11 12 36 12 % 12 36 12 11 57 37 98 45 19 58 80 56 8
74 55 39 58 5 19 14 % 14 19 5 58 39 55 74
51 95 10 61 78 91 59 82 70 61 27 27 99 % 99 27 27 61 70 82 59 91 78 61 10 95 51
4 42 53 18 16 4 93 % 93 4 16 18 53 42 4
55 92 17 19 14 67 38 % 38 67 14 19 17 92 55
5 2 95 56 84 17 33 69 15 69 98 46 76 % 76 46 98 69 15 69 33 17 84 56 95 2 5
43 10 98 9 27 0 64 26 84 50 19 22 31 % 31 22 19 50 84 26 64 0 27 9 98 10 43
37 30 58 60 71 94 58 29 53 36 48 13 79 % 79 13 48 36 53 29 58 94 71 60 58 30 37
77 59 62 84 31 88 57 63 3 57 48 71 54 % 54 71 48 57 3 63 57 88 31 84 62 59 77
22 83 82 55 4 91 86 % 86 91 4 55 82 83 22
24 78 74 72 6 0 20 16 21 22 71 58 91 % 91 58 71 22 21 16 20 0 6 72 74 78 24
32 64 77 76 3 36 80 89 88 44 52 86 5 % 5 86 52 44 88 89 80 36 3 76 77 64 32
44 71 30 19 28 25 8 12 29 53 36 76 59 % 59 76 36 53 29 12 8 25 28 19 30 71 44
20 6 41 93 11 91 68 % 68 91 11 93 41 6 20
99 41 64 46 78 69 48 % 48 69 78 46 64 41 99
50 26 29 90 72 24 96 90 50 16 56 35 82 % 82 35 56 16 50 90 96 24 72 90 29 26 50
11 68 9 9 30 39 76 % 76 39 30 9 9 68 11
48 38 0 78 51 68 19 % 19 68 51 78 0 38 48
45 95 22 56 54 8 27 % 27 8 54 56 22 95 45
12 3 86 9 21 25 18 % 18 25 21 9 86 3 12
5 13 73 39 92 44 53 78 80 55 22 32 6 % 6 32 22 55 80 78 53 44 92 39 73 13 5
10 88 45 21 75 20 79 29 11 87 81 52 0 % 0 52 81 87 11 29 79 20 75 21 45 88 10
94 54 7 92 25 44 41 21 38 34 18 61 29 % 29 61 18 34 38 21 41 44 25 92 7 54 94
9 87 88 15 65 13 22 % 22 13 65 15 88 87 9
73 43 22 19 27 12 43 0 35 55 94 79 10 % 10 79 94 55 35 0 43 12 27 19 22 43 73
1 50 14 74 87 89 54 89 57 62 8 38 2 % 2 38 8 62 57 89 54 89 87 74 14 50 1
13 9 7 91 30 39 0 66 33 65 40 47 61 % 61 47 40 65 33 66 0 39 30 91 7 9 13
94 92 7 81 47 9 88 71 45 66 0 92 34 % 34 92 0 66 45 71 88 9 47 81 7 92 94
48 90 5 66 17 77 18 91 95 75 12 66 43 % 43 66 12 75 95 91 18 77 17 66 5 90 48
70 8 6 92 9 42 33 % 33 42 9 92 6 8 70
5 98 57 84 18 98 38 % 38 98 18 84 57 98 5
77 7 66 78 82 50 97 95 77 88 1 41 94 % 94 41 1 88 77 95 97 50 82 78 66 7 77
26 40 22 37 70 93 84 26 61 64 76 30 54 % 54 30 76 64 61 26 84 93 70 37 22 40 26
71 41 64 55 98 34 72 87 17 38 45 63 58 % 58 63 45 38 17 87 72 34 98 55 64 41 71
47 67 18 65 67 24 89 55 58 14 14 94 65 % 65 94 14 14 58 55 89 24 67 65 18 67 47
84 45 9 86 0 33 43 % 43 33 0 86 9 45 84
81 40 78 11 75 72 66 % 66 72 75 11 78 40 81
59 53 86 55 50 11 44 % 44 11 50 55 86 53 59
65 91 34 5 47 66 93 1 52 49 32 94 69 % 69 94 32 49 52 1 93 66 47 5 34 91 65
22 11 80 29 6 66 9 % 9 66 6 29 80 11 22
61 59 11 36 28 44 0 82 5 60 39 28 57 % 57 28 39 60 5 82 0 44 28 36 11 59 61
13 77 84 77 75 16 28 % 28 16 75 77 84 77 13
96 22 47 85 76 89 96 76 32 78 73 47 44 % 44 47 73 78 32 76 96 89 76 85 47 22 96
84 46 83 41 68 94 87 4 11 58 47 37 48 % 48 37 47 58 11 4 87 94 68 41 83 46 84
73 54 59 95 80 46 32 % 32 46 80 95 59 54 73
77 74 91 14 29 88 11 35 18 27 20 36 79 % 79 36 20 27 18 35 11 88 29 14 91 74 77
91 61 21 30 70 98 27 76 82 41 5 81 33 % 33 81 5 41 82 76 27 98 70 30 21 61 91
74 90 95 68 58 78 22 32 51 22 58 94 45 % 45 94 58 22 51 32 22 78 58 68 95 90 74
14 22 47 92 61 46 82 71 1 65 34 56 26 % 26 56 34 65 1 71 82 46 61 92 47 22 14
93 51 83 23 99 95 27 91 26 99 1 16 19 % 19 16 1 99 26 91 27 95 99 23 83 51 93
61 75 3 21 72 10 64 37 23 46 60 27 73 % 73 27 60 46 23 37 64 10 72 21 3 75 61
59 34 88 4 89 91 0 47 3 84 74 96 20 % 20 96 74 84 3 47 0 91 89 4 88 34 59
6 17 77 90 12 79 43 % 43 79 12 90 77 17 6
25 90 98 28 8 47 51 % 51 47 8 28 98 90 25
12 91 23 32 85 63 44 59 5 81 89 97 79 % 79 97 89 81 5 59 44 63 85 32 23 91 12
42 86 94 41 61 77 26 44 87 59 85 61 22 % 22 61 85 59 87 44 26 77 61 41 94 86 42
90 49 43 37 30 50 4 40 59 9 48 45 81 % 81 45 48 9 59 40 4 50 30 37 43 49 90
29 1 40 87 22 21 0 % 0 21 22 87 40 1 29
68 91 46 2 39 91 47 40 74 81 93 49 52 % 52 49 93 81 74 40 47 91 39 2 46 91 68
0 24 3 27 48 74 66 % 66 74 48 27 3 24 0
55 75 85 72 76 77 99 % 99 77 76 72 85 75 55
96 64 64 42 59 33 12 % 12 33 59 42 64 64 96
41 68 53 96 91 61 22 62 65 6 7 17 47 % 47 17 7 6 65 62 22 61 91 96 53 68 41
66 33 71 7 34 76 4 % 4 76 34 7 71 33 66
70 13 35 39 25 92 99 57 80 60 20 37 44 % 44 37 20 60 80 57 99 92 25 39 35 13 70
22 45 2 46 70 24 27 % 27 24 70 46 2 45 22
66 97 28 33 46 41 38 % 38 41 46 33 28 97 66
63 52 32 62 43 96 49 % 49 96 43 62 32 52 63
94 72 27 26 6 19 76 % 76 19 6 26 27 72 94
20 60 95 27 29 76 35 % 35 76 29 27 95 60 20
81 1 38 3 76 3 61 % 61 3 76 3 38 1 81
97 5 66 80 93 81 38 54 19 19 50 61 21 % 21 61 50 19 19 54 38 81 93 80 66 5 97
85 0 82 23 84 17 70 % 70 17 84 23 82 0 85
91 11 96 15 28 53 29 % 29 53 28 15 96 11 91
31 15 1 48 80 84 1 % 1 84 80 48 1 15 31
48 36 54 65 22 14 54 45 80 29 6 54 77 % 77 54 6 29 80 45 54 14 22 65 54 36 48
50 23 57 6 60 81 17 29 2 69 49 39 14 % 14 39 49 69 2 29 17 81 60 6 57 23 50
16 52 79 78 81 90 37 % 37 90 81 78 79 52 16
76 9 42 21 63 28 4 % 4 28 63 21 42 9 76
2 99 6 15 65 36 72 % 72 36 65 15 6 99 2
27 87 34 5 75 53 19 % 19 53 75 5 34 87 27
17 90 49 47 68 69 25 88 67 17 10 12 6 % 6 12 10 17 67 88 25 69 68 47 49 90 17
59 99 18 92 11 11 64 4 4 93 14 61 41 % 41 61 14 93 4 4 64 11 11 92 18 99 59
43 26 57 54 49 98 89 23 75 22 97 87 9 % 9 87 97 22 75 23 89 98 49 54 57 26 43
87 34 10 22 15 26 28 % 28 26 15 22 10 34 87
70 31 79 16 93 14 49 3 96 21 61 17 7 % 7 17 61 21 96 3 49 14 93 16 79 31 70
67 12 96 74 77 53 78 % 78 53 77 74 96 12 67
65 92 14 55 32 66 33 78 87 12 54 5 68 % 68 5 54 12 87 78 33 66 32 55 14 92 65
34 52 12 88 6 99 96 % 96 99 6 88 12 52 34
63 56 89 75 29 82 21 25 20 59 77 57 58 % 58 57 77 59 20 25 21 82 29 75 89 56 63
69 46 69 26 93 68 12 83 64 4 14 48 77 % 77 48 14 4 64 83 12 68 93 26 69 46 69
1 25 54 95 63 88 14 87 82 34 53 17 29 % 29 17 53 34 82 87 14 88 63 95 54 25 1
6 96 94 54 69 65 86 % 86 65 69 54 94 96 6
9 90 65 89 58 57 61 26 43 99 9 79 91 % 91 79 9 99 43 26 61 57 58 89 65 90 9
54 57 1 39 14 93 25 % 25 93 14 39 1 57 54
75 66 11 82 66 92 38 8 19 47 95 37 43 % 43 37 95 47 19 8 38 92 66 82 11 66 75
45 49 10 47 98 40 84 49 31 90 88 33 33 % 33 33 88 90 31 49 84 40 98 47 10 49 45
71 96 63 26 49 54 98 % 98 54 49 26 63 96 71
64 35 30 61 27 60 58 26 38 17 56 33 80 % 80 33 56 17 38 26 58 60 27 61 30 35 64
50 95 22 83 83 14 99 88 72 73 17 91 30 % 30 91 17 73 72 88 99 14 83 83 22 95 50
82 4 22 33 85 26 98 44 94 53 63 71 65 % 65 71 63 53 94 44 98 26 85 33 22 4 82
74 44 19 30 2 51 98 5 41 32 72 37 18 % 18 37 72 32 41 5 98 51 2 30 19 44 74
68 6 49 78 28 18 64 12 67 65 71 32 24 % 24 32 71 65 67 12 64 18 28 78 49 6 68
67 46 25 94 33 98 79 % 79 98 33 94 25 46 67
44 61 61 76 93 72 40 71 83 76 7 75 13 % 13 75 7 76 83 71 40 72 93 76 61 61 44
7 80 31 29 53 11 66 % 66 11 53 29 31 80 7
67 35 10 53 78 40 40 % 40 40 78 53 10 35 67
15 11 88 79 55 25 24 21 63 87 14 8 17 % 17 8 14 87 63 21 24 25 55 79 88 11 15
31 52 7 97 8 96 48 93 2 45 3 77 3 % 3 77 3 45 2 93 48 96 8 97 7 52 31
32 60 16 40 54 3 95 16 34 87 27 56 11 % 11 56 27 87 34 16 95 3 54 40 16 60 32
97 1 89 15 72 93 0 58 29 48 99 74 25 % 25 74 99 48 29 58 0 93 72 15 89 1 97
15 19 17 32 29 53 62 % 62 53 29 32 17 19 15
69 31 55 80 7 97 90 34 88 6 38 13 95 % 95 13 38 6 88 34 90 97 7 80 55 31 69
24 6 3 47 11 63 12 % 12 63 11 47 3 6 24
53 75 55 55 12 93 49 25 67 42 20 2 27 % 27 2 20 42 67 25 49 93 12 55 55 75 53
14 20 82 91 79 25 53 23 66 54 37 55 35 % 35 55 37 54 66 23 53 25 79 91 82 20 14
37 1 87 47 3 20 67 92 6 6 1 28 69 % 69 28 1 6 6 92 67 20 3 47 87 1 37
76 94 74 31 46 11 27 % 27 11 46 31 74 94 76
70 98 99 31 77 89 54 10 30 53 53 95 48 % 48 95 53 53 30 10 54 89 77 31 99 98 70
3 72 84 33 3 62 19 % 19 62 3 33 84 72 3
87 23 94 97 47 29 71 % 71 29 47 97 94 23 87
49 65 80 28 87 1 12 4 86 0 36 95 81 % 81 95 36 0 86 4 12 1 87 28 80 65 49
14 65 8 32 51 22 68 64 6 95 84 0 40 % 40 0 84 95 6 64 68 22 51 32 8 65 14
35 20 84 56 37 13 99 % 99 13 37 56 84 20 35
9 7 9 72 19 45 69 % 69 45 19 72 9 7 9
64 36 20 10 24 94 0 79 89 49 73 17 5 % 5 17 73 49 89 79 0 94 24 10 20 36 64
32 62 84 94 38 1 75 % 75 1 38 94 84 62 32
84 92 40 87 84 88 22 % 22 88 84 87 40 92 84
3 50 67 98 21 24 61 % 61 24 21 98 67 50 3
74 2 56 64 33 77 6 % 6 77 33 64 56 2 74
58 19 0 52 86 7 43 35 12 44 35 27 4 % 4 27 35 44 12 35 43 7 86 52 0 19 58
25 74 21 73 92 40 6 % 6 40 92 73 21 74 25
25 81 7 3 36 36 37 % 37 36 36 3 7 81 25
75 26 65 54 71 77 13 20 65 5 35 53 65 % 65 53 35 5 65 20 13 77 71 54 65 26 75
67 54 41 70 10 70 79 9 65 67 80 93 34 % 34 93 80 67 65 9 79 70 10 70 41 54 67
70 17 56 27 97 69 41 % 41 69 97 27 56 17 70
71 73 7 32 12 98 43 42 77 90 95 92 35 % 35 92 95 90 77 42 43 98 12 32 7 73 71
56 0 12 29 41 32 67 % 67 32 41 29 12 0 56
54 62 28 4 42 36 28 % 28 36 42 4 28 62 54
26 2 31 84 59 50 81 65 39 53 88 75 55 % 55 75 88 53 39 65 81 50 59 84 31 2 26
56 96 15 54 70 29 61 % 61 29 70 54 15 96 56
29 15 43 95 67 44 86 % 86 44 67 95 43 15 29
45 53 79 40 68 68 4 6 63 48 3 73 31 % 31 73 3 48 63 6 4 68 68 40 79 53 45
72 90 14 9 97 13 94 24 61 46 44 85 85 % 85 85 44 46 61 24 94 13 97 9 14 90 72
88 91 60 17 68 5 18 % 18 5 68 17 60 91 88
46 3 86 44 13 52 30 % 30 52 13 44 86 3 46
53 87 31 61 46 70 9 % 9 70 46 61 31 87 53
15 16 24 68 94 71 39 25 83 17 35 76 24 % 24 76 35 17 83 25 39 71 94 68 24 16 15
1 2 0 80 84 2 48 % 48 2 84 80 0 2 1
6 0 83 40 65 89 64 % 64 89 65 40 83 0 6
34 5 86 54 6 80 93 % 93 80 6 54 86 5 34
9 93 77 93 92 40 29 % 29 40 92 93 77 93 9
9 54 1 3 29 33 67 33 34 96 64 83 39 % 39 83 64 96 34 33 67 33 29 3 1 54 9
2 30 80 27 19 73 87 % 87 73 19 27 80 30 2
21 50 53 3 16 46 11 29 13 88 39 93 6 % 6 93 39 88 13 29 11 46 16 3 53 50 21
14 11 19 97 81 89 12 94 31 79 33 78 28 % 28 78 33 79 31 94 12 89 81 97 19 11 14
76 81 48 19 87 20 44 28 58 96 57 22 16 % 16 22 57 96 58 28 44 20 87 19 48 81 76
55 93 72 5 1 26 50 % 50 26 1 5 72 93 55
71 12 69 8 14 36 10 % 10 36 14 8 69 12 71
13 63 37 5 6 21 33 35 94 67 76 56 55 % 55 56 76 67 94 35 33 21 6 5 37 63 13
20 72 97 56 88 23 98 % 98 23 88 56 97 72 20
67 32 87 19 9 32 58 44 13 75 57 29 71 % 71 29 57 75 13 44 58 32 9 19 87 32 67
11 99 78 42 81 33 34 51 59 47 66 35 56 % 56 35 66 47 59 51 34 33 81 42 78 99 11
76 73 90 58 36 37 73 20 4 7 99 41 37 % 37 41 99 7 4 20 73 37 36 58 90 73 76
30 13 47 49 65 10 45 % 45 10 65 49 47 13 30
97 2 71 40 38 4 38 % 38 4 38 40 71 2 97
72 38 5 22 62 77 34 18 43 19 41 83 41 % 41 83 41 19 43 18 34 77 62 22 5 38 72
79 17 8 3 8 79 14 % 14 79 8 3 8 17 79
63 88 32 67 92 32 58 29 47 1 76 55 38 % 38 55 76 1 47 29 58 32 92 67 32 88 63
29 15 58 76 45 89 12 % 12 89 45 76 58 15 29
77 98 70 19 11 47 98 96 19 85 29 25 55 % 55 25 29 85 19 96 98 47 11 19 70 98 77
91 68 80 60 78 30 11 28 51 23 92 41 62 % 62 41 92 23 51 28 11 30 78 60 80 68 91
99 79 92 64 12 84 43 % 43 84 12 64 92 79 99
86 62 35 76 37 76 91 72 11 9 6 81 7 % 7 81 6 9 11 72 91 76 37 76 35 62 86
65 92 90 21 30 26 71 2 7 55 91 97 90 % 90 97 91 55 7 2 71 26 30 21 90 92 65
98 96 84 4 36 43 67 % 67 43 36 4 84 96 98
8 89 48 21 97 79 15 % 15 79 97 21 48 89 8
76 34 64 57 66 19 80 % 80 19 66 57 64 34 76
18 23 50 65 20 10 16 65 89 36 55 4 94 % 94 4 55 36 89 65 16 10 20 65 50 23 18
4 85 88 99 31 93 27 % 27 93 31 99 88 85 4
5 5 86 24 72 93 43 % 43 93 72 24 86 5 5
50 61 58 34 2 12 17 % 17 12 2 34 58 61 50
55 89 84 80 61 47 26 54 73 26 89 23 79 % 79 23 89 26 73 54 26 47 61 80 84 89 55
23 21 31 1 66 63 91 82 28 72 62 24 81 % 81 24 62 72 28 82 91 63 66 1 31 21 23
93 22 40 76 25 37 51 7 59 41 37 42 61 % 61 42 37 41 59 7 51 37 25 76 40 22 93
19 55 93 59 10 56 31 45 84 23 73 24 8 % 8 24 73 23 84 45 31 56 10 59 93 55 19
76 67 35 32 98 39 16 75 86 10 88 61 35 % 35 61 88 10 86 75 16 39 98 32 35 67 76
45 59 68 39 12 80 45 % 45 80 12 39 68 59 45
53 19 22 18 19 73 34 % 34 73 19 18 22 19 53
4 84 57 70 17 9 50 64 11 47 70 17 8 % 8 17 70 47 11 64 50 9 17 70 57 84 4
91 20 99 21 10 49 7 67 27 18 50 31 36 % 36 31 50 18 27 67 7 49 10 21 99 20 91
15 14 29 14 25 67 89 23 98 99 19 93 85 % 85 93 19 99 98 23 89 67 25 14 29 14 15
24 11 73 96 69 46 46 23 26 76 20 22 45 % 45 22 20 76 26 23 46 46 69 96 73 11 24
71 6 89 13 49 13 74 55 97 51 33 68 9 % 9 68 33 51 97 55 74 13 49 13 89 6 71
78 84 82 6 35 6 49 % 49 6 35 6 82 84 78
55 97 80 58 70 85 1 66 64 82 86 17 64 % 64 17 86 82 64 66 1 85 70 58 80 97 55
50 50 28 96 20 21 11 5 58 14 10 62 47 % 47 62 10 14 58 5 11 21 20 96 28 50 50
66 74 40 21 64 74 76 % 76 74 64 21 40 74 66
98 47 46 90 20 57 89 97 73 71 26 40 93 % 93 40 26 71 73 97 89 57 20 90 46 47 98
3 13 82 16 74 0 15 72 18 83 41 3 1 % 1 3 41 83 18 72 15 0 74 16 82 13 3
77 91 43 78 40 37 71 91 67 11 53 25 94 % 94 25 53 11 67 91 71 37 40 78 43 91 77
86 56 51 61 11 23 29 % 29 23 11 61 51 56 86
76 95 89 9 20 67 26 % 26 67 20 9 89 95 76
90 38 13 76 29 58 48 79 69 21 99 93 60 % 60 93 99 21 69 79 48 58 29 76 13 38 90
35 99 71 16 24 68 13 5 93 49 27 89 37 % 37 89 27 49 93 5 13 68 24 16 71 99 35
82 16 94 71 93 36 32 % 32 36 93 71 94 16 82
1 90 44 14 24 65 23 48 80 41 50 67 55 % 55 67 50 41 80 48 23 65 24 14 44 90 1
86 51 52 93 15 6 36 58 7 5 61 15 1 % 1 15 61 5 7 58 36 6 15 93 52 51 86
28 64 97 77 51 86 72 12 27 46 13 16 35 % 35 16 13 46 27 12 72 86 51 77 97 64 28
50 56 42 24 87 15 55 15 0 71 69 82 23 % 23 82 69 71 0 15 55 15 87 24 42 56 50
2 27 0 77 77 32 56 % 56 32 77 77 0 27 2
30 36 37 34 89 77 15 97 62 86 15 20 56 % 56 20 15 86 62 97 15 77 89 34 37 36 30
63 99 8 10 19 15 57 % 57 15 19 10 8 99 63
84 31 34 2 78 90 62 % 62 90 78 2 34 31 84
8 60 70 77 38 71 15 % 15 71 38 77 70 60 8
99 8 95 37 99 46 46 57 29 1 91 26 59 % 59 26 91 1 29 57 46 46 99 37 95 8 99
24 27 29 21 28 68 23 % 23 68 28 21 29 27 24
84 24 2 10 95 63 53 % 53 63 95 10 2 24 84
50 1 52 99 83 72 34 22 66 71 53 82 35 % 35 82 53 71 66 22 34 72 83 99 52 1 50
48 66 31 45 56 46 55 28 19 51 40 8 86 % 86 8 40 51 19 28 55 46 56 45 31 66 48
64 15 56 69 58 54 79 83 60 56 56 16 54 % 54 16 56 56 60 83 79 54 58 69 56 15 64
39 24 63 57 0 23 32 % 32 23 0 57 63 24 39
71 14 46 69 85 28 29 19 11 80 2 1 6 % 6 1 2 80 11 19 29 28 85 69 46 14 71
76 12 82 15 76 66 30 36 74 27 18 93 52 % 52 93 18 27 74 36 30 66 76 15 82 12 76
3 97 60 63 28 89 78 93 80 45 65 64 93 % 93 64 65 45 80 93 78 89 28 63 60 97 3
2 40 69 40 54 10 67 96 72 20 43 24 43 % 43 24 43 20 72 96 67 10 54 40 69 40 2
21 96 84 48 11 10 40 % 40 10 11 48 84 96 21
36 62 78 25 23 73 41 % 41 73 23 25 78 62 36
81 78 48 97 93 74 22 79 12 34 67 31 33 % 33 31 67 34 12 79 22 74 93 97 48 78 81
39 81 82 50 19 18 40 68 66 25 7 37 18 % 18 37 7 25 66 68 40 18 19 50 82 81 39
54 6 82 67 1 43 62 % 62 43 1 67 82 6 54
5 28 31 16 33 31 75 % 75 31 33 16 31 28 5
88 50 59 33 71 20 66 % 66 20 71 33 59 50 88
38 28 42 44 73 2 66 56 26 60 64 44 34 % 34 44 64 60 26 56 66 2 73 44 42 28 38
3 59 35 82 9 44 78 96 44 18 4 3 63 % 63 3 4 18 44 96 78 44 9 82 35 59 3
29 1 26 31 94 11 64 % 64 11 94 31 26 1 29
19 26 4 24 6 19 92 % 92 19 6 24 4 26 19
87 65 40 22 62 50 55 % 55 50 62 22 40 65 87
11 28 70 62 70 79 5 % 5 79 70 62 70 28 11
14 48 73 10 23 86 96 36 73 94 90 97 63 % 63 97 90 94 73 36 96 86 23 10 73 48 14
98 25 90 61 82 26 2 % 2 26 82 61 90 25 98
1 75 25 59 86 45 39 55 0 99 89 19 7 % 7 19 89 99 0 55 39 45 86 59 25 75 1
5 84 29 2 38 56 27 21 95 56 66 45 80 % 80 45 66 56 95 21 27 56 38 2 29 84 5
30 73 56 37 44 78 15 75 73 21 38 36 7 % 7 36 38 21 73 75 15 78 44 37 56 73 30
91 48 3 1 37 43 46 63 58 74 67 72 97 % 97 72 67 74 58 63 46 43 37 1 3 48 91
98 23 20 8 9 17 96 66 2 35 32 58 47 % 47 58 32 35 2 66 96 17 9 8 20 23 98
41 50 40 30 53 21 43 % 43 21 53 30 40 50 41
98 74 72 99 95 20 6 % 6 20 95 99 72 74 98
54 16 54 10 96 18 6 39 36 38 22 65 70 % 70 65 22 38 36 39 6 18 96 10 54 16 54
52 87 48 23 3 10 81 % 81 10 3 23 48 87 52
97 56 38 80 22 76 52 % 52 76 22 80 38 56 97
21 8 85 85 76 53 86 % 86 53 76 85 85 8 21
11 37 2 63 44 16 86 % 86 16 44 63 2 37 11
97 70 14 67 59 60 71 % 71 60 59 67 14 70 97
63 88 58 98 33 34 97 69 53 85 52 98 62 % 62 98 52 85 53 69 97 34 33 98 58 88 63
45 63 11 65 31 42 2 74 27 79 0 86 91 % 91 86 0 79 27 74 2 42 31 65 11 63 45
0 98 58 96 81 84 42 % 42 84 81 96 58 98 0
22 84 92 71 24 57 78 44 48 12 81 57 70 % 70 57 81 12 48 44 78 57 24 71 92 84 22
9 98 1 50 73 21 20 % 20 21 73 50 1 98 9
2 94 26 22 78 12 94 % 94 12 78 22 26 94 2
3 27 50 70 22 82 74 75 96 59 21 40 70 % 70 40 21 59 96 75 74 82 22 70 50 27 3
14 24 14 49 42 39 2 33 82 17 67 19 6 % 6 19 67 17 82 33 2 39 42 49 14 24 14
40 65 36 88 40 77 11 66 53 46 20 64 46 % 46 64 20 46 53 66 11 77 40 88 36 65 40
49 10 90 64 49 19 55 % 55 19 49 64 90 10 49
52 52 19 48 72 47 22 34 83 53 74 65 11 % 11 65 74 53 83 34 22 47 72 48 19 52 52
59 10 69 81 8 41 64 52 50 10 62 86 52 % 52 86 62 10 50 52 64 41 8 81 69 10 59
55 62 95 58 71 41 39 % 39 41 71 58 95 62 55
84 51 39 55 92 40 92 % 92 40 92 55 39 51 84
45 0 88 64 71 7 87 96 99 0 61 92 68 % 68 92 61 0 99 96 87 7 71 64 88 0 45
47 95 12 42 1 0 57 % 57 0 1 42 12 95 47
50 74 17 46 48 8 89 % 89 8 48 46 17 74 50
17 54 48 58 92 46 48 2 7 37 17 18 87 % 87 18 17 37 7 2 48 46 92 58 48 54 17
82 65 40 13 28 43 85 % 85 43 28 13 40 65 82
36 84 86 81 46 87 72 4 76 99 61 32 47 % 47 32 61 99 76 4 72 87 46 81 86 84 36
58 62 65 4 76 4 94 % 94 4 76 4 65 62 58
94 88 68 37 50 93 31 % 31 93 50 37 68 88 94
12 92 6 41 61 43 56 % 56 43 61 41 6 92 12
77 1 14 1 16 31 64 % 64 31 16 1 14 1 77
91 62 63 54 56 79 44 32 66 30 98 3 3 % 3 3 98 30 66 32 44 79 56 54 63 62 91
50 51 55 51 79 54 22 22 10 50 10 88 51 % 51 88 10 50 10 22 22 54 79 51 55 51 50
35 79 83 85 61 14 75 % 75 14 61 85 83 79 35
34 25 7 1 70 43 13 68 81 38 58 85 21 % 21 85 58 38 81 68 13 43 70 1 7 25 34
26 95 84 99 12 19 77 % 77 19 12 99 84 95 26
85 33 52 16 60 5 44 % 44 5 60 16 52 33 85
0 62 96 9 3 74 82 % 82 74 3 9 96 62 0
85 12 16 94 94 93 23 % 23 93 94 94 16 12 85
41 70 33 23 90 22 84 5 71 32 84 48 30 % 30 48 84 32 71 5 84 22 90 23 33 70 41
22 46 33 61 45 25 55 % 55 25 45 61 33 46 22
8 44 65 54 57 88 2 % 2 88 57 54 65 44 8
40 95 99 34 54 38 11 % 11 38 54 34 99 95 40
33 21 19 56 77 36 65 % 65 36 77 56 19 21 33
43 60 85 70 31 49 77 % 77 49 31 70 85 60 43
12 32 33 84 78 4 89 38 81 0 18 66 27 % 27 66 18 0 81 38 89 4 78 84 33 32 12
28 9 65 32 59 31 18 % 18 31 59 32 65 9 28
82 67 49 25 16 79 40 % 40 79 16 25 49 67 82
39 64 10 60 68 31 49 21 46 99 11 79 46 % 46 79 11 99 46 21 49 31 68 60 10 64 39
44 5 4 76 37 52 9 34 37 38 74 52 56 % 56 52 74 38 37 34 9 52 37 76 4 5 44
59 34 13 68 14 72 72 % 72 72 14 68 13 34 59
68 78 3 79 74 94 76 % 76 94 74 79 3 78 68
85 65 96 5 45 84 74 % 74 84 45 5 96 65 85
60 3 83 30 78 90 89 % 89 90 78 30 83 3 60
87 6 76 39 21 6 69 80 30 50 47 39 21 % 21 39 47 50 30 80 69 6 21 39 76 6 87
56 51 6 53 95 83 46 0 51 89 99 6 99 % 99 6 99 89 51 0 46 83 95 53 6 51 56
77 5 50 4 55 95 78 % 78 95 55 4 50 5 77
89 72 54 97 43 12 17 % 17 12 43 97 54 72 89
68 59 21 98 56 3 44 % 44 3 56 98 21 59 68
49 25 70 76 84 92 35 58 73 6 88 19 95 % 95 19 88 6 73 58 35 92 84 76 70 25 49
47 90 52 79 79 48 6 63 49 49 95 73 64 % 64 73 95 49 49 63 6 48 79 79 52 90 47
61 33 91 92 63 60 45 54 16 93 24 92 36 % 36 92 24 93 16 54 45 60 63 92 91 33 61
19 15 84 96 54 79 3 % 3 79 54 96 84 15 19
30 23 29 52 51 75 45 % 45 75 51 52 29 23 30
82 1 9 97 56 6 30 82 15 7 59 2 11 % 11 2 59 7 15 82 30 6 56 97 9 1 82
83 90 20 82 79 92 39 % 39 92 79 82 20 90 83
74 51 89 34 72 30 14 % 14 30 72 34 89 51 74
87 51 48 50 36 65 43 % 43 65 36 50 48 51 87
1 95 28 54 23 88 58 8 10 13 72 12 76 % 76 12 72 13 10 8 58 88 23 54 28 95 1
72 79 58 74 17 67 48 54 51 19 16 6 11 % 11 6 16 19 51 54 48 67 17 74 58 79 72
77 19 22 35 5 49 38 31 64 87 56 74 75 % 75 74 56 87 64 31 38 49 5 35 22 19 77
50 20 56 5 33 82 63 13 54 67 44 21 66 % 66 21 44 67 54 13 63 82 33 5 56 20 50
14 78 1 10 15 3 49 66 77 58 56 65 24 % 24 65 56 58 77 66 49 3 15 10 1 78 14
80 99 88 61 25 19 15 86 10 55 79 15 41 % 41 15 79 55 10 86 15 19 25 61 88 99 80
21 45 99 78 46 69 68 90 6 12 28 42 62 % 62 42 28 12 6 90 68 69 46 78 99 45 21
89 48 54 65 99 18 44 24 27 24 27 86 83 % 83 86 27 24 27 24 44 18 99 65 54 48 89
14 36 20 71 89 36 46 62 4 74 71 37 73 % 73 37 71 74 4 62 46 36 89 71 20 36 14
70 74 78 36 28 30 8 % 8 30 28 36 78 74 70
44 50 70 31 21 84 94 % 94 84 21 31 70 50 44
38 44 34 79 91 28 51 % 51 28 91 79 34 44 38
4 11 29 37 3 99 65 15 20 4 92 67 57 % 57 67 92 4 20 15 65 99 3 37 29 11 4
32 64 64 9 78 52 39 % 39 52 78 9 64 64 32
10 60 13 59 11 17 83 55 55 34 6 98 0 % 0 98 6 34 55 55 83 17 11 59 13 60 10
86 92 37 11 75 59 21 33 40 93 12 30 84 % 84 30 12 93 40 33 21 59 75 11 37 92 86
26 2 23 1 88 77 41 93 45 96 60 53 60 % 60 53 60 96 45 93 41 77 88 1 23 2 26
92 18 73 47 18 2 86 41 63 10 82 35 10 % 10 35 82 10 63 41 86 2 18 47 73 18 92
51 90 15 93 95 95 20 34 73 36 92 57 32 % 32 57 92 36 73 34 20 95 95 93 15 90 51
21 55 31 21 56 25 62 29 86 58 70 95 44 % 44 95 70 58 86 29 62 25 56 21 31 55 21
24 7 60 45 82 27 46 90 35 42 11 79 29 % 29 79 11 42 35 90 46 27 82 45 60 7 24
47 59 69 56 53 54 32 48 4 35 35 92 70 % 70 92 35 35 4 48 32 54 53 56 69 59 47
72 49 21 12 57 97 76 62 98 84 58 32 64 % 64 32 58 84 98 62 76 97 57 12 21 49 72
64 84 52 83 54 5 39 % 39 5 54 83 52 84 64
38 38 96 41 53 95 52 34 92 51 79 52 32 % 32 52 79 51 92 34 52 95 53 41 96 38 38
64 3 5 52 78 80 62 % 62 80 78 52 5 3 64
29 71 94 80 26 2 94 % 94 2 26 80 94 71 29
7 26 67 42 72 93 75 % 75 93 72 42 67 26 7
42 32 79 31 47 21 63 % 63 21 47 31 79 32 42
17 40 82 36 24 44 51 % 51 44 24 36 82 40 17
62 66 39 51 85 41 23 93 30 11 33 12 20 % 20 12 33 11 30 93 23 41 85 51 39 66 62
2 14 49 89 63 68 98 78 50 24 64 92 44 % 44 92 64 24 50 78 98 68 63 89 49 14 2
79 96 66 33 30 21 27 % 27 21 30 33 66 96 79
97 6 49 38 34 73 82 28 44 83 19 8 88 % 88 8 19 83 44 28 82 73 34 38 49 6 97
89 50 15 25 95 57 35 68 99 79 70 32 22 % 22 32 70 79 99 68 35 57 95 25 15 50 89
57 82 18 7 66 7 84 35 93 39 65 13 20 % 20 13 65 39 93 35 84 7 66 7 18 82 57
25 27 91 68 43 92 60 95 41 37 29 96 7 % 7 96 29 37 41 95 60 92 43 68 91 27 25
4 9 91 16 61 64 31 0 48 79 73 89 38 % 38 89 73 79 48 0 31 64 61 16 91 9 4
51 77 10 98 92 14 94 % 94 14 92 98 10 77 51
50 25 87 29 76 27 73 68 95 73 90 19 7 % 7 19 90 73 95 68 73 27 76 29 87 25 50
50 51 93 63 18 12 56 80 33 72 34 15 12 % 12 15 34 72 33 80 56 12 18 63 93 51 50
79 56 84 17 17 77 4 75 41 64 17 33 69 % 69 33 17 64 41 75 4 77 17 17 84 56 79
64 37 87 98 15 95 74 % 74 95 15 98 87 37 64
11 44 81 54 34 49 85 % 85 49 34 54 81 44 11
22 88 55 10 83 11 26 96 65 59 78 10 71 % 71 10 78 59 65 96 26 11 83 10 55 88 22
64 78 51 52 49 24 97 2 36 71 54 53 1 % 1 53 54 71 36 2 97 24 49 52 51 78 64
96 89 92 11 95 77 47 54 38 31 13 7 22 % 22 7 13 31 38 54 47 77 95 11 92 89 96
27 43 31 7 55 55 34 % 34 55 55 7 31 43 27
46 57 89 68 6 97 45 25 25 78 3 0 80 % 80 0 3 78 25 25 45 97 6 68 89 57 46
55 53 56 98 41 45 80 % 80 45 41 98 56 53 55
15 35 67 30 16 60 26 48 36 88 41 42 34 % 34 42 41 88 36 48 26 60 16 30 67 35 15
92 47 88 61 95 49 98 % 98 49 95 61 88 47 92
85 87 33 44 96 77 20 25 43 76 57 6 29 % 29 6 57 76 43 25 20 77 96 44 33 87 85
38 15 44 7 20 95 68 96 3 33 42 0 84 % 84 0 42 33 3 96 68 95 20 7 44 15 38
20 73 18 56 34 17 17 98 25 28 60 94 92 % 92 94 60 28 25 98 17 17 34 56 18 73 20
41 17 69 28 50 57 94 18 24 18 60 41 70 % 70 41 60 18 24 18 94 57 50 28 69 17 41
95 85 19 23 93 23 41 % 41 23 93 23 19 85 95
81 33 57 95 22 87 68 % 68 87 22 95 57 33 81
82 88 85 16 53 45 96 % 96 45 53 16 85 88 82
45 14 58 90 76 92 24 % 24 92 76 90 58 14 45
62 17 77 27 59 2 8 9 23 47 69 48 91 % 91 48 69 47 23 9 8 2 59 27 77 17 62
69 51 83 45 85 59 23 % 23 59 85 45 83 51 69
63 26 17 85 55 26 60 81 18 63 12 97 44 % 44 97 12 63 18 81 60 26 55 85 17 26 63
38 54 60 82 23 22 49 % 49 22 23 82 60 54 38
71 84 48 76 68 61 34 % 34 61 68 76 48 84 71
37 0 71 17 25 44 10 41 14 62 36 9 98 % 98 9 36 62 14 41 10 44 25 17 71 0 37
1 98 68 67 83 74 98 % 98 74 83 67 68 98 1
56 16 24 45 69 22 99 32 18 23 14 87 61 % 61 87 14 23 18 32 99 22 69 45 24 16 56
15 75 99 27 87 34 12 % 12 34 87 27 99 75 15
62 11 93 78 10 75 42 66 12 38 48 40 95 % 95 40 48 38 12 66 42 75 10 78 93 11 62
17 94 94 2 25 6 10 2 30 97 56 54 38 % 38 54 56 97 30 2 10 6 25 2 94 94 17
3 66 65 19 32 44 2 40 11 21 63 22 43 % 43 22 63 21 11 40 2 44 32 19 65 66 3
35 49 37 28 6 16 93 % 93 16 6 28 37 49 35
71 74 98 79 22 0 64 92 65 29 96 58 85 % 85 58 96 29 65 92 64 0 22 79 98 74 71
5 95 82 44 78 52 14 % 14 52 78 44 82 95 5
88 75 96 31 30 40 9 % 9 40 30 31 96 75 88
16 49 38 74 78 0 97 % 97 0 78 74 38 49 16
68 11 26 5 49 84 31 85 45 41 36 26 57 % 57 26 36 41 45 85 31 84 49 5 26 11 68
53 7 9 10 83 97 30 % 30 97 83 10 9 7 53
45 45 48 18 73 3 55 % 55 3 73 18 48 45 45
91 0 47 73 32 87 24 % 24 87 32 73 47 0 91
74 59 96 6 98 24 47 % 47 24 98 6 96 59 74
70 80 42 33 67 50 91 % 91 50 67 33 42 80 70
4 74 34 63 71 15 63 62 41 11 11 25 29 % 29 25 11 11 41 62 63 15 71 63 34 74 4
25 69 69 99 97 24 44 24 46 90 71 64 94 % 94 64 71 90 46 24 44 24 97 99 69 69 25
54 72 82 27 8 49 84 94 63 75 33 83 41 % 41 83 33 75 63 94 84 49 8 27 82 72 54
79 91 41 8 56 46 36 7 49 95 32 3 25 % 25 3 32 95 49 7 36 46 56 8 41 91 79
57 5 88 86 50 89 70 % 70 89 50 86 88 5 57
73 84 37 65 33 89 82 18 69 9 27 87 60 % 60 87 27 9 69 18 82 89 33 65 37 84 73
98 94 88 96 46 3 42 48 93 39 65 55 10 % 10 55 65 39 93 48 42 3 46 96 88 94 98
30 73 36 50 19 70 48 47 75 76 23 29 35 % 35 29 23 76 75 47 48 70 19 50 36 73 30
8 84 54 88 70 37 37 2 79 58 72 17 98 % 98 17 72 58 79 2 37 37 70 88 54 84 8
86 4 43 20 67 64 45 % 45 64 67 20 43 4 86
68 40 23 33 30 43 72 % 72 43 30 33 23 40 68
80 23 36 67 87 0 1 % 1 0 87 67 36 23 80
55 82 7 4 67 18 74 % 74 18 67 4 7 82 55
36 22 56 24 43 63 48 68 81 92 18 51 62 % 62 51 18 92 81 68 48 63 43 24 56 22 36
94 24 70 79 48 13 82 20 52 53 98 23 6 % 6 23 98 53 52 20 82 13 48 79 70 24 94
39 48 65 80 43 5 78 74 76 80 68 32 21 % 21 32 68 80 76 74 78 5 43 80 65 48 39
73 91 19 9 9 83 29 % 29 83 9 9 19 91 73
27 3 8 8 12 75 44 70 58 4 43 55 60 % 60 55 43 4 58 70 44 75 12 8 8 3 27
54 32 92 67 13 11 42 % 42 11 13 67 92 32 54
44 85 52 78 55 36 2 18 97 54 67 78 54 % 54 78 67 54 97 18 2 36 55 78 52 85 44
14 0 31 87 41 24 5 % 5 24 41 87 31 0 14
9 44 61 39 53 11 93 99 58 94 61 19 49 % 49 19 61 94 58 99 93 11 53 39 61 44 9
41 88 91 1 58 10 91 54 75 66 53 52 40 % 40 52 53 66 75 54 91 10 58 1 91 88 41
23 95 14 71 40 10 84 % 84 10 40 71 14 95 23
36 9 1 5 15 80 23 % 23 80 15 5 1 9 36
54 83 20 18 18 96 70 22 66 45 44 77 58 % 58 77 44 45 66 22 70 96 18 18 20 83 54
95 56 68 68 12 33 54 % 54 33 12 68 68 56 95
89 34 11 9 18 10 93 42 7 70 74 64 96 % 96 64 74 70 7 42 93 10 18 9 11 34 89
31 76 22 85 6 65 44 39 8 81 82 9 29 % 29 9 82 81 8 39 44 65 6 85 22 76 31
8 96 56 41 72 38 73 69 82 39 12 59 87 % 87 59 12 39 82 69 73 38 72 41 56 96 8
5 61 2 62 60 8 59 % 59 8 60 62 2 61 5
93 59 36 57 12 4 58 97 82 31 86 4 52 % 52 4 86 31 82 97 58 4 12 57 36 59 93
57 6 36 44 82 0 72 % 72 0 82 44 36 6 57
4 92 80 83 67 10 57 73 78 64 88 42 29 % 29 42 88 64 78 73 57 10 67 83 80 92 4
25 49 91 69 1 57 45 37 98 50 41 99 90 % 90 99 41 50 98 37 45 57 1 69 91 49 25
65 8 56 91 84 34 66 % 66 34 84 91 56 8 65
93 98 95 68 17 92 52 % 52 92 17 68 95 98 93
24 19 54 98 4 28 59 % 59 28 4 98 54 19 24
31 36 92 35 95 76 34 87 0 88 28 53 86 % 86 53 28 88 0 87 34 76 95 35 92 36 31
80 48 22 39 12 81 85 % 85 81 12 39 22 48 80
33 73 33 30 72 27 84 4 6 22 83 6 8 % 8 6 83 22 6 4 84 27 72 30 33 73 33
40 27 19 44 25 80 88 87 9 96 46 82 72 % 72 82 46 96 9 87 88 80 25 44 19 27 40
37 60 16 11 98 35 76 % 76 35 98 11 16 60 37
90 77 56 19 79 55 36 % 36 55 79 19 56 77 90
96 13 98 61 69 65 32 % 32 65 69 61 98 13 96
28 1 16 64 78 45 87 % 87 45 78 64 16 1 28
63 49 51 63 82 78 22 % 22 78 82 63 51 49 63
81 64 94 45 14 40 63 40 63 79 44 64 15 % 15 64 44 79 63 40 63 40 14 45 94 64 81
70 67 14 49 78 98 82 25 89 33 30 99 28 % 28 99 30 33 89 25 82 98 78 49 14 67 70
5 86 95 94 11 22 53 % 53 22 11 94 95 86 5
13 74 75 81 54 23 66 37 22 27 5 91 8 % 8 91 5 27 22 37 66 23 54 81 75 74 13
6 61 60 91 10 42 85 % 85 42 10 91 60 61 6
70 31 77 71 79 19 64 % 64 19 79 71 77 31 70
83 73 2 34 62 76 45 72 79 41 72 99 53 % 53 99 72 41 79 72 45 76 62 34 2 73 83
86 93 30 47 29 49 82 35 65 56 54 84 37 % 37 84 54 56 65 35 82 49 29 47 30 93 86
56 91 81 49 53 34 57 % 57 34 53 49 81 91 56
59 8 96 40 98 57 50 28 63 16 17 14 66 % 66 14 17 16 63 28 50 57 98 40 96 8 59
2 9 25 12 28 18 67 % 67 18 28 12 25 9 2
74 91 33 20 6 68 29 % 29 68 6 20 33 91 74
27 5 6 68 56 20 42 36 77 18 97 50 51 % 51 50 97 18 77 36 42 20 56 68 6 5 27
59 24 96 38 11 59 97 % 97 59 11 38 96 24 59
9 65 88 92 87 85 18 54 21 25 44 96 26 % 26 96 44 25 21 54 18 85 87 92 88 65 9
11 57 53 25 48 23 19 % 19 23 48 25 53 57 11
34 51 0 56 26 77 80 % 80 77 26 56 0 51 34
65 45 60 30 86 17 37 89 94 61 27 3 26 % 26 3 27 61 94 89 37 17 86 30 60 45 65
38 48 9 29 98 43 70 % 70 43 98 29 9 48 38
35 65 3 31 76 79 86 34 41 33 85 75 50 % 50 75 85 33 41 34 86 79 76 31 3 65 35
80 70 76 69 21 48 51 % 51 48 21 69 76 70 80
76 70 17 16 67 0 59 73 7 61 54 76 72 % 72 76 54 61 7 73 59 0 67 16 17 70 76
5 82 60 32 0 40 7 % 7 40 0 32 60 82 5
90 21 37 90 70 13 86 33 7 46 92 94 95 % 95 94 92 46 7 33 86 13 70 90 37 21 90
52 29 23 87 73 76 31 57 69 56 28 36 51 % 51 36 28 56 69 57 31 76 73 87 23 29 52
77 0 25 76 16 80 80 15 9 96 72 43 64 % 64 43 72 96 9 15 80 80 16 76 25 0 77
98 86 63 16 2 16 86 % 86 16 2 16 63 86 98
56 55 59 16 57 93 80 60 91 32 68 86 79 % 79 86 68 32 91 60 80 93 57 16 59 55 56
65 33 25 25 65 72 65 65 51 72 74 61 89 % 89 61 74 72 51 65 65 72 65 25 25 33 65
85 3 57 40 22 64 17 92 22 74 18 55 70 % 70 55 18 74 22 92 17 64 22 40 57 3 85
46 51 39 91 61 79 35 % 35 79 61 91 39 51 46
12 76 51 81 96 41 46 26 50 47 56 69 97 % 97 69 56 47 50 26 46 41 96 81 51 76 12
25 66 13 21 26 78 99 % 99 78 26 21 13 66 25
47 81 69 67 13 27 13 % 13 27 13 67 69 81 47
3 92 64 46 21 5 15 84 61 14 1 51 38 % 38 51 1 14 61 84 15 5 21 46 64 92 3
50 69 21 91 50 50 14 83 86 24 49 95 34 % 34 95 49 24 86 83 14 50 50 91 21 69 50
68 28 86 4 24 40 33 % 33 40 24 4 86 28 68
89 9 23 28 64 15 77 % 77 15 64 28 23 9 89
95 30 71 26 97 27 52 % 52 27 97 26 71 30 95
68 0 72 82 24 53 7 97 0 90 50 78 39 % 39 78 50 90 0 97 7 53 24 82 72 0 68
88 83 34 54 25 10 2 % 2 10 25 54 34 83 88
51 39 73 77 89 94 66 % 66 94 89 77 73 39 51
82 77 96 22 67 38 43 % 43 38 67 22 96 77 82
63 42 82 75 19 76 72 58 81 53 5 31 82 % 82 31 5 53 81 58 72 76 19 75 82 42 63
50 91 95 41 64 51 53 13 91 23 98 8 47 % 47 8 98 23 91 13 53 51 64 41 95 91 50
13 30 21 51 1 39 33 96 19 38 2 10 61 % 61 10 2 38 19 96 33 39 1 51 21 30 13
71 64 21 91 90 77 77 % 77 77 90 91 21 64 71
44 9 56 84 96 61 50 % 50 61 96 84 56 9 44
96 27 43 23 10 51 1 % 1 51 10 23 43 27 96
60 62 54 60 92 58 48 % 48 58 92 60 54 62 60
47 79 20 2 71 76 24 68 84 49 31 65 64 % 64 65 31 49 84 68 24 76 71 2 20 79 47
18 37 46 53 76 55 36 85 41 15 88 83 27 % 27 83 88 15 41 85 36 55 76 53 46 37 18
76 30 26 84 90 44 40 58 98 82 73 84 79 % 79 84 73 82 98 58 40 44 90 84 26 30 76
86 49 34 76 77 62 4 % 4 62 77 76 34 49 86
36 15 94 5 63 78 5 % 5 78 63 5 94 15 36
30 77 41 78 61 34 98 8 51 80 12 96 13 % 13 96 12 80 51 8 98 34 61 78 41 77 30
94 50 37 59 74 44 67 % 67 44 74 59 37 50 94
43 16 96 36 15 67 55 % 55 67 15 36 96 16 43
74 98 4 74 74 96 85 % 85 96 74 74 4 98 74
2 70 0 76 32 74 6 59 51 69 90 73 88 % 88 73 90 69 51 59 6 74 32 76 0 70 2
25 47 30 80 64 29 94 35 69 24 6 4 21 % 21 4 6 24 69 35 94 29 64 80 30 47 25
78 89 82 37 91 73 82 % 82 73 91 37 82 89 78
93 97 90 84 35 10 16 82 92 59 18 91 71 % 71 91 18 59 92 82 16 10 35 84 90 97 93
38 14 96 64 96 64 29 15 60 32 29 80 42 % 42 80 29 32 60 15 29 64 96 64 96 14 38
88 20 54 15 11 58 63 47 45 8 46 24 66 % 66 24 46 8 45 47 63 58 11 15 54 20 88
99 25 58 95 26 78 83 % 83 78 26 95 58 25 99
72 39 22 9 1 39 66 56 37 5 24 87 8 % 8 87 24 5 37 56 66 39 1 9 22 39 72
62 55 73 3 32 19 66 % 66 19 32 3 73 55 62
78 46 72 68 36 6 8 17 8 43 44 47 64 % 64 47 44 43 8 17 8 6 36 68 72 46 78
2 46 63 17 25 36 63 % 63 36 25 17 63 46 2
6 88 24 83 98 43 73 28 20 64 79 61 61 % 61 61 79 64 20 28 73 43 98 83 24 88 6
79 87 22 60 65 35 96 % 96 35 65 60 22 87 79
79 91 88 74 51 5 10 % 10 5 51 74 88 91 79
58 55 46 76 7 35 59 83 46 67 54 69 44 % 44 69 54 67 46 83 59 35 7 76 46 55 58
15 7 75 85 4 24 32 81 9 68 39 52 77 % 77 52 39 68 9 81 32 24 4 85 75 7 15
7 17 90 68 86 12 55 % 55 12 86 68 90 17 7
76 11 80 16 80 15 30 97 29 11 82 77 43 % 43 77 82 11 29 97 30 15 80 16 80 11 76
76 66 26 8 15 81 8 29 60 67 90 91 17 % 17 91 90 67 60 29 8 81 15 8 26 66 76
32 6 44 12 99 85 3 % 3 85 99 12 44 6 32
95 25 10 38 84 30 61 % 61 30 84 38 10 25 95
80 42 72 72 13 47 55 2 52 82 78 95 28 % 28 95 78 82 52 2 55 47 13 72 72 42 80
0 3 53 35 64 48 63 % 63 48 64 35 53 3 0
80 43 59 39 17 53 42 % 42 53 17 39 59 43 80
47 29 92 57 24 55 50 % 50 55 24 57 92 29 47
47 40 86 31 19 28 11 % 11 28 19 31 86 40 47
9 18 18 37 22 88 46 % 46 88 22 37 18 18 9
32 1 14 39 42 44 33 % 33 44 42 39 14 1 32
64 70 98 55 11 19 69 99 10 24 24 98 17 % 17 98 24 24 10 99 69 19 11 55 98 70 64
32 69 4 79 92 85 13 % 13 85 92 79 4 69 32
33 17 80 8 78 85 68 41 87 8 12 29 64 % 64 29 12 8 87 41 68 85 78 8 80 17 33
41 80 48 33 78 93 45 % 45 93 78 33 48 80 41
43 40 37 19 16 55 75 48 61 28 49 45 74 % 74 45 49 28 61 48 75 55 16 19 37 40 43
86 91 7 24 95 17 47 % 47 17 95 24 7 91 86
95 42 18 89 32 5 92 24 17 69 71 63 77 % 77 63 71 69 17 24 92 5 32 89 18 42 95
93 6 44 40 67 31 92 70 34 56 41 20 33 % 33 20 41 56 34 70 92 31 67 40 44 6 93
33 17 54 81 82 92 16 % 16 92 82 81 54 17 33
13 90 8 60 54 95 77 77 62 32 54 62 37 % 37 62 54 32 62 77 77 95 54 60 8 90 13
89 67 79 77 63 94 69 % 69 94 63 77 79 67 89
66 34 95 23 4 73 45 % 45 73 4 23 95 34 66
79 54 96 46 58 31 77 % 77 31 58 46 96 54 79
7 31 50 59 21 27 71 20 10 8 77 10 25 % 25 10 77 8 10 20 71 27 21 59 50 31 7
76 72 67 84 2 46 67 94 36 61 7 23 39 % 39 23 7 61 36 94 67 46 2 84 67 72 76
64 8 91 46 82 59 24 92 30 43 8 32 90 % 90 32 8 43 30 92 24 59 82 46 91 8 64
33 80 0 76 54 54 11 % 11 54 54 76 0 80 33
38 3 14 58 23 57 77 10 50 53 85 60 2 % 2 60 85 53 50 10 77 57 23 58 14 3 38
55 76 42 71 95 66 15 % 15 66 95 71 42 76 55
27 20 55 71 4 56 76 % 76 56 4 71 55 20 27
79 39 78 79 87 36 89 15 47 98 33 81 94 % 94 81 33 98 47 15 89 36 87 79 78 39 79
55 64 90 84 80 82 96 % 96 82 80 84 90 64 55
80 41 69 76 68 57 45 34 47 98 1 93 16 % 16 93 1 98 47 34 45 57 68 76 69 41 80
77 1 3 69 60 20 58 % 58 20 60 69 3 1 77
83 45 78 60 24 73 95 80 66 52 45 85 62 % 62 85 45 52 66 80 95 73 24 60 78 45 83
29 35 85 39 18 56 42 % 42 56 18 39 85 35 29
2 25 42 34 14 13 33 % 33 13 14 34 42 25 2
27 61 15 60 6 79 53 37 78 97 97 87 62 % 62 87 97 97 78 37 53 79 6 60 15 61 27
24 45 29 46 46 12 96 % 96 12 46 46 29 45 24
93 22 96 24 30 84 62 68 31 47 91 30 74 % 74 30 91 47 31 68 62 84 30 24 96 22 93
42 79 14 70 85 36 36 % 36 36 85 70 14 79 42
49 2 76 26 79 47 14 % 14 47 79 26 76 2 49
36 67 65 73 76 66 56 79 91 68 29 6 24 % 24 6 29 68 91 79 56 66 76 73 65 67 36
42 89 50 39 24 70 41 % 41 70 24 39 50 89 42
92 63 21 64 1 74 35 12 52 16 93 61 29 % 29 61 93 16 52 12 35 74 1 64 21 63 92
95 35 74 61 12 30 70 % 70 30 12 61 74 35 95
3 63 20 28 29 10 56 % 56 10 29 28 20 63 3
52 24 55 41 44 68 8 1 80 71 48 1 82 % 82 1 48 71 80 1 8 68 44 41 55 24 52
72 53 94 54 80 36 21 4 27 2 46 49 1 % 1 49 46 2 27 4 21 36 80 54 94 53 72
8 7 62 98 72 95 70 % 70 95 72 98 62 7 8
7 43 55 57 82 97 86 64 94 88 67 74 72 % 72 74 67 88 94 64 86 97 82 57 55 43 7
66 83 12 75 20 82 33 76 47 64 30 26 4 % 4 26 30 64 47 76 33 82 20 75 12 83 66
3 70 25 23 61 83 43 % 43 83 61 23 25 70 3
84 4 30 60 34 27 58 % 58 27 34 60 30 4 84
73 9 91 30 7 71 0 % 0 71 7 30 91 9 73
95 31 37 82 2 0 18 46 2 14 48 7 12 % 12 7 48 14 2 46 18 0 2 82 37 31 95
11 31 91 99 38 91 73 42 92 47 13 18 89 % 89 18 13 47 92 42 73 91 38 99 91 31 11
74 89 13 2 39 58 14 % 14 58 39 2 13 89 74
14 32 58 6 44 34 4 1 45 5 58 37 90 % 90 37 58 5 45 1 4 34 44 6 58 32 14
48 29 60 63 25 58 98 91 55 72 19 12 11 % 11 12 19 72 55 91 98 58 25 63 60 29 48
77 18 46 21 78 32 46 % 46 32 78 21 46 18 77
76 4 26 10 36 65 25 24 63 82 75 97 69 % 69 97 75 82 63 24 25 65 36 10 26 4 76
56 79 66 35 31 43 40 % 40 43 31 35 66 79 56
92 10 60 5 4 52 68 52 81 97 56 51 71 % 71 51 56 97 81 52 68 52 4 5 60 10 92
36 14 18 79 74 31 61 % 61 31 74 79 18 14 36
61 30 80 34 73 33 84 83 6 13 43 2 91 % 91 2 43 13 6 83 84 33 73 34 80 30 61
76 27 80 29 66 93 10 27 84 87 74 59 71 % 71 59 74 87 84 27 10 93 66 29 80 27 76
91 12 68 64 42 99 70 % 70 99 42 64 68 12 91
54 95 3 17 67 51 47 91 51 6 72 41 60 % 60 41 72 6 51 91 47 51 67 17 3 95 54
21 79 14 28 99 72 96 90 68 67 31 19 34 % 34 19 31 67 68 90 96 72 99 28 14 79 21
18 97 21 6 24 94 34 % 34 94 24 6 21 97 18
31 79 18 32 9 62 42 % 42 62 9 32 18 79 31
85 74 94 55 93 48 72 % 72 48 93 55 94 74 85
52 43 40 44 55 25 39 65 66 86 13 37 76 % 76 37 13 86 66 65 39 25 55 44 40 43 52
16 27 66 34 35 51 57 86 29 97 13 1 6 % 6 1 13 97 29 86 57 51 35 34 66 27 16
44 74 41 63 87 86 72 % 72 86 87 63 41 74 44
42 83 26 11 75 74 62 58 61 65 39 22 34 % 34 22 39 65 61 58 62 74 75 11 26 83 42
37 66 44 36 89 46 51 % 51 46 89 36 44 66 37
97 61 80 44 5 48 33 % 33 48 5 44 80 61 97
47 15 5 97 70 47 37 % 37 47 70 97 5 15 47
85 60 45 84 84 80 72 % 72 80 84 84 45 60 85
14 28 15 36 39 18 28 50 44 54 85 1 22 % 22 1 85 54 44 50 28 18 39 36 15 28 14
24 7 96 70 98 40 93 % 93 40 98 70 96 7 24
57 59 87 44 32 44 92 10 72 94 79 19 94 % 94 19 79 94 72 10 92 44 32 44 87 59 57
61 4 79 31 95 44 75 % 75 44 95 31 79 4 61
10 6 68 61 98 26 50 63 89 27 19 49 24 % 24 49 19 27 89 63 50 26 98 61 68 6 10
60 84 37 10 46 22 61 % 61 22 46 10 37 84 60
42 68 16 39 91 20 14 61 96 50 58 11 40 % 40 11 58 50 96 61 14 20 91 39 16 68 42
58 22 30 27 69 44 97 43 54 0 36 87 55 % 55 87 36 0 54 43 97 44 69 27 30 22 58
55 80 27 44 45 12 95 % 95 12 45 44 27 80 55
6 0 55 63 49 33 20 % 20 33 49 63 55 0 6
38 49 68 93 49 5 58 % 58 5 49 93 68 49 38
5 96 55 71 50 85 5 72 19 83 47 97 40 % 40 97 47 83 19 72 5 85 50 71 55 96 5
6 85 86 67 20 0 84 24 5 45 98 84 66 % 66 84 98 45 5 24 84 0 20 67 86 85 6
66 27 90 51 85 54 96 66 47 19 20 16 81 % 81 16 20 19 47 66 96 54 85 51 90 27 66
41 48 34 6 95 43 38 28 33 32 87 34 85 % 85 34 87 32 33 28 38 43 95 6 34 48 41
40 65 66 57 25 0 40 % 40 0 25 57 66 65 40
33 28 95 59 55 85 42 33 46 56 94 93 22 % 22 93 94 56 46 33 42 85 55 59 95 28 33
44 66 65 58 29 9 51 % 51 9 29 58 65 66 44
81 86 23 72 28 80 77 13 48 85 99 88 21 % 21 88 99 85 48 13 77 80 28 72 23 86 81
7 44 6 67 67 38 67 24 30 14 44 9 36 % 36 9 44 14 30 24 67 38 67 67 6 44 7
77 83 65 74 39 89 28 31 64 91 0 42 1 % 1 42 0 91 64 31 28 89 39 74 65 83 77
56 51 38 21 29 51 23 58 51 75 91 53 2 % 2 53 91 75 51 58 23 51 29 21 38 51 56
18 47 71 1 53 78 64 % 64 78 53 1 71 47 18
75 45 0 44 19 24 50 % 50 24 19 44 0 45 75
30 63 21 42 83 60 5 % 5 60 83 42 21 63 30
85 50 57 51 59 86 12 61 22 22 87 32 53 % 53 32 87 22 22 61 12 86 59 51 57 50 85
64 69 56 21 78 67 41 50 97 54 10 97 42 % 42 97 10 54 97 50 41 67 78 21 56 69 64
13 5 60 58 79 21 55 60 48 6 21 61 59 % 59 61 21 6 48 60 55 21 79 58 60 5 13
59 97 27 59 6 49 9 % 9 49 6 59 27 97 59
75 8 96 84 90 8 36 17 75 51 14 63 15 % 15 63 14 51 75 17 36 8 90 84 96 8 75
31 69 14 58 43 6 55 27 54 88 2 13 35 % 35 13 2 88 54 27 55 6 43 58 14 69 31
80 75 48 89 43 83 54 % 54 83 43 89 48 75 80
16 19 42 79 50 22 21 32 44 67 29 29 68 % 68 29 29 67 44 32 21 22 50 79 42 19 16
3 53 31 18 43 19 83 82 93 17 69 87 40 % 40 87 69 17 93 82 83 19 43 18 31 53 3
36 47 2 8 63 70 86 % 86 70 63 8 2 47 36
90 77 70 7 31 52 97 92 29 74 14 75 25 % 25 75 14 74 29 92 97 52 31 7 70 77 90
83 52 35 24 3 11 63 % 63 11 3 24 35 52 83
38 98 77 3 25 37 15 69 15 68 20 83 17 % 17 83 20 68 15 69 15 37 25 3 77 98 38
66 13 63 35 50 68 15 28 95 91 76 38 54 % 54 38 76 91 95 28 15 68 50 35 63 13 66
43 94 30 89 76 45 15 % 15 45 76 89 30 94 43
23 69 59 26 70 6 83 % 83 6 70 26 59 69 23
69 16 81 95 78 20 38 7 27 76 59 42 19 % 19 42 59 76 27 7 38 20 78 95 81 16 69
0 54 73 29 69 21 23 60 65 8 47 77 76 % 76 77 47 8 65 60 23 21 69 29 73 54 0
58 84 26 56 98 73 47 % 47 73 98 56 26 84 58
38 55 7 69 94 82 5 % 5 82 94 69 7 55 38
37 53 58 98 50 37 6 96 12 78 8 0 55 % 55 0 8 78 12 96 6 37 50 98 58 53 37
34 10 24 80 82 47 57 % 57 47 82 80 24 10 34
53 74 53 20 16 61 64 % 64 61 16 20 53 74 53
98 93 44 25 19 72 73 82 41 10 58 4 99 % 99 4 58 10 41 82 73 72 19 25 44 93 98
20 18 86 1 22 42 2 % 2 42 22 1 86 18 20
56 14 74 26 51 22 51 76 57 88 32 59 6 % 6 59 32 88 57 76 51 22 51 26 74 14 56
98 97 56 72 94 91 77 2 42 45 93 23 84 % 84 23 93 45 42 2 77 91 94 72 56 97 98
18 38 2 93 21 96 27 90 87 5 15 17 68 % 68 17 15 5 87 90 27 96 21 93 2 38 18
53 96 63 78 6 14 61 34 45 42 34 36 78 % 78 36 34 42 45 34 61 14 6 78 63 96 53
74 39 70 14 88 82 84 % 84 82 88 14 70 39 74
69 38 16 61 36 89 92 36 45 56 36 22 22 % 22 22 36 56 45 36 92 89 36 61 16 38 69
80 82 88 12 11 16 41 62 36 66 62 19 77 % 77 19 62 66 36 62 41 16 11 12 88 82 80
65 11 15 67 89 80 98 85 63 19 19 36 99 % 99 36 19 19 63 85 98 80 89 67 15 11 65
63 17 28 4 13 0 14 58 54 31 46 99 27 % 27 99 46 31 54 58 14 0 13 4 28 17 63
91 62 74 94 30 22 12 91 97 19 97 64 23 % 23 64 97 19 97 91 12 22 30 94 74 62 91
76 15 46 5 60 43 11 % 11 43 60 5 46 15 76
79 17 11 60 28 67 12 % 12 67 28 60 11 17 79
94 26 84 56 92 19 60 95 38 3 30 16 10 % 10 16 30 3 38 95 60 19 92 56 84 26 94
66 42 4 9 55 11 22 6 72 58 48 21 55 % 55 21 48 58 72 6 22 11 55 9 4 42 66
61 70 93 62 81 27 35 % 35 27 81 62 93 70 61
51 35 81 82 75 70 69 % 69 70 75 82 81 35 51
31 36 60 26 45 8 35 76 50 99 71 17 49 % 49 17 71 99 50 76 35 8 45 26 60 36 31
60 25 52 6 65 69 57 % 57 69 65 6 52 25 60
12 13 40 94 79 75 37 % 37 75 79 94 40 13 12
6 91 78 74 14 27 47 % 47 27 14 74 78 91 6
9 58 82 96 66 57 59 % 59 57 66 96 82 58 9
78 15 45 69 78 11 27 % 27 11 78 69 45 15 78
1 65 46 67 87 35 23 14 80 24 16 92 81 % 81 92 16 24 80 14 23 35 87 67 46 65 1
30 6 37 21 34 98 72 17 67 85 35 8 74 % 74 8 35 85 67 17 72 98 34 21 37 6 30
53 66 2 38 69 73 10 66 42 67 6 57 60 % 60 57 6 67 42 66 10 73 69 38 2 66 53
38 84 9 31 80 29 13 % 13 29 80 31 9 84 38
59 45 91 54 93 58 40 27 17 52 53 13 4 % 4 13 53 52 17 27 40 58 93 54 91 45 59
31 65 3 20 19 70 2 % 2 70 19 20 3 65 31
83 90 78 58 10 60 77 % 77 60 10 58 78 90 83
25 94 31 56 40 57 83 % 83 57 40 56 31 94 25
74 79 23 81 6 3 9 18 15 24 24 25 3 % 3 25 24 24 15 18 9 3 6 81 23 79 74
74 35 66 27 56 80 8 % 8 80 56 27 66 35 74
43 35 48 89 59 40 25 % 25 40 59 89 48 35 43
42 40 45 99 64 76 64 % 64 76 64 99 45 40 42
62 38 1 94 35 9 88 62 82 36 42 93 95 % 95 93 42 36 82 62 88 9 35 94 1 38 62
44 43 78 64 19 87 56 19 7 7 1 56 77 % 77 56 1 7 7 19 56 87 19 64 78 43 44
61 24 37 16 62 18 75 % 75 18 62 16 37 24 61
97 11 8 20 88 59 95 34 59 3 6 12 21 % 21 12 6 3 59 34 95 59 88 20 8 11 97
71 75 3 8 27 58 33 13 62 12 71 41 79 % 79 41 71 12 62 13 33 58 27 8 3 75 71
73 6 57 41 98 19 56 50 57 35 56 11 99 % 99 11 56 35 57 50 56 19 98 41 57 6 73
99 79 15 39 1 24 63 2 48 60 14 44 84 % 84 44 14 60 48 2 63 24 1 39 15 79 99
72 44 74 57 64 27 5 % 5 27 64 57 74 44 72
97 30 71 93 51 32 59 96 47 2 82 15 40 % 40 15 82 2 47 96 59 32 51 93 71 30 97
46 11 8 28 86 88 71 % 71 88 86 28 8 11 46
91 0 7 52 90 48 47 % 47 48 90 52 7 0 91
30 96 35 94 0 58 94 90 12 50 17 87 45 % 45 87 17 50 12 90 94 58 0 94 35 96 30
48 62 8 3 91 52 42 10 87 11 20 97 67 % 67 97 20 11 87 10 42 52 91 3 8 62 48
1 78 18 50 9 49 44 62 10 80 31 76 72 % 72 76 31 80 10 62 44 49 9 50 18 78 1
46 37 92 47 75 4 88 57 9 7 76 36 89 % 89 36 76 7 9 57 88 4 75 47 92 37 46
57 59 47 35 45 43 61 % 61 43 45 35 47 59 57
76 67 8 47 62 74 72 % 72 74 62 47 8 67 76
36 50 2 54 62 83 26 21 75 47 98 2 55 % 55 2 98 47 75 21 26 83 62 54 2 50 36
3 83 71 63 88 98 38 96 55 79 25 80 8 % 8 80 25 79 55 96 38 98 88 63 71 83 3
26 25 92 72 23 48 82 % 82 48 23 72 92 25 26
55 70 61 29 87 84 55 % 55 84 87 29 61 70 55
93 23 35 20 49 27 95 % 95 27 49 20 35 23 93
98 98 67 18 13 0 76 % 76 0 13 18 67 98 98
21 11 77 18 67 88 24 % 24 88 67 18 77 11 21
34 26 5 0 47 35 37 % 37 35 47 0 5 26 34
20 16 52 93 70 89 5 % 5 89 70 93 52 16 20
67 16 35 72 90 5 13 % 13 5 90 72 35 16 67
99 76 9 2 99 75 38 88 92 38 78 32 1 % 1 32 78 38 92 88 38 75 99 2 9 76 99
96 41 96 54 4 39 54 70 88 27 63 20 99 % 99 20 63 27 88 70 54 39 4 54 96 41 96
4 76 94 35 80 30 69 % 69 30 80 35 94 76 4
38 21 99 74 90 86 17 % 17 86 90 74 99 21 38
66 14 76 91 97 28 9 % 9 28 97 91 76 14 66
23 67 27 93 21 60 99 % 99 60 21 93 27 67 23
70 50 52 23 16 47 68 % 68 47 16 23 52 50 70
72 16 97 92 37 31 36 74 86 14 50 86 38 % 38 86 50 14 86 74 36 31 37 92 97 16 72
52 89 52 43 13 42 4 26 84 75 89 74 88 % 88 74 89 75 84 26 4 42 13 43 52 89 52
30 75 39 95 50 8 89 % 89 8 50 95 39 75 30
70 0 76 73 21 43 7 % 7 43 21 73 76 0 70
45 39 85 61 54 51 7 % 7 51 54 61 85 39 45
86 44 50 73 17 77 70 95 13 58 54 15 39 % 39 15 54 58 13 95 70 77 17 73 50 44 86
33 78 82 35 78 75 18 % 18 75 78 35 82 78 33
85 49 6 95 77 8 1 53 50 4 90 2 54 % 54 2 90 4 50 53 1 8 77 95 6 49 85
95 54 43 15 76 35 61 % 61 35 76 15 43 54 95
99 70 0 53 51 84 39 % 39 84 51 53 0 70 99
72 85 87 32 71 65 81 72 93 60 28 48 58 % 58 48 28 60 93 72 81 65 71 32 87 85 72
42 48 93 28 16 72 0 % 0 72 16 28 93 48 42
25 99 55 68 10 39 4 % 4 39 10 68 55 99 25
41 5 56 71 74 51 30 % 30 51 74 71 56 5 41
77 68 34 1 47 53 3 % 3 53 47 1 34 68 77
49 56 86 76 57 41 16 % 16 41 57 76 86 56 49
44 44 59 28 61 87 1 59 5 31 70 80 25 % 25 80 70 31 5 59 1 87 61 28 59 44 44
31 93 53 71 51 59 79 51 74 84 93 22 90 % 90 22 93 84 74 51 79 59 51 71 53 93 31
70 62 4 13 42 11 49 45 93 26 41 15 96 % 96 15 41 26 93 45 49 11 42 13 4 62 70
40 21 19 37 47 99 17 % 17 99 47 37 19 21 40
25 12 27 71 91 76 46 61 67 98 73 44 88 % 88 44 73 98 67 61 46 76 91 71 27 12 25
44 11 26 34 71 26 20 5 92 7 4 33 11 % 11 33 4 7 92 5 20 26 71 34 26 11 44
81 74 79 24 51 80 48 82 20 35 98 16 32 % 32 16 98 35 20 82 48 80 51 24 79 74 81
12 31 15 65 43 86 61 33 87 4 75 87 38 % 38 87 75 4 87 33 61 86 43 65 15 31 12
52 38 58 64 12 49 92 92 35 25 18 17 74 % 74 17 18 25 35 92 92 49 12 64 58 38 52
52 66 93 38 80 77 95 2 97 94 61 51 73 % 73 51 61 94 97 2 95 77 80 38 93 66 52
61 84 53 23 95 26 67 98 13 28 90 56 56 % 56 56 90 28 13 98 67 26 95 23 53 84 61
45 61 86 68 93 71 65 % 65 71 93 68 86 61 45
14 2 52 36 18 98 97 29 27 93 20 0 46 % 46 0 20 93 27 29 97 98 18 36 52 2 14
86 12 38 65 35 4 12 42 86 17 73 35 85 % 85 35 73 17 86 42 12 4 35 65 38 12 86
83 27 39 43 45 11 0 51 98 46 19 55 35 % 35 55 19 46 98 51 0 11 45 43 39 27 83
84 71 38 77 9 38 86 % 86 38 9 77 38 71 84
34 58 39 6 48 28 23 % 23 28 48 6 39 58 34
67 74 74 78 18 78 49 98 30 66 19 72 32 % 32 72 19 66 30 98 49 78 18 78 74 74 67
92 49 63 78 10 32 58 6 29 23 52 97 89 % 89 97 52 23 29 6 58 32 10 78 63 49 92
22 13 28 88 41 79 90 % 90 79 41 88 28 13 22
68 74 96 52 97 59 16 % 16 59 97 52 96 74 68
62 44 60 84 87 69 22 % 22 69 87 84 60 44 62
12 95 30 35 72 14 70 97 79 61 64 37 85 % 85 37 64 61 79 97 70 14 72 35 30 95 12
56 85 60 58 57 10 87 % 87 10 57 58 60 85 56
60 84 59 44 90 43 75 % 75 43 90 44 59 84 60
10 99 18 84 53 27 39 % 39 27 53 84 18 99 10
93 3 17 77 80 95 22 % 22 95 80 77 17 3 93
38 67 43 9 88 21 48 % 48 21 88 9 43 67 38
3 78 21 81 9 94 49 % 49 94 9 81 21 78 3
71 10 46 92 26 21 88 24 5 50 0 4 12 % 12 4 0 50 5 24 88 21 26 92 46 10 71
6 13 67 89 63 21 17 % 17 21 63 89 67 13 6
39 50 5 49 34 77 45 45 71 70 84 34 24 % 24 34 84 70 71 45 45 77 34 49 5 50 39
79 85 88 18 68 7 7 80 93 87 46 79 60 % 60 79 46 87 93 80 7 7 68 18 88 85 79
70 51 20 46 68 56 75 24 86 25 23 24 86 % 86 24 23 25 86 24 75 56 68 46 20 51 70
26 15 43 19 26 67 86 % 86 67 26 19 43 15 26
29 30 46 41 25 54 86 % 86 54 25 41 46 30 29
61 34 24 60 96 21 8 % 8 21 96 60 24 34 61
77 59 47 68 69 56 68 28 20 3 80 11 63 % 63 11 80 3 20 28 68 56 69 68 47 59 77
65 56 43 25 88 41 48 % 48 41 88 25 43 56 65
3 63 56 51 55 71 59 % 59 71 55 51 56 63 3
73 35 51 45 94 6 66 % 66 6 94 45 51 35 73
45 30 61 99 28 18 33 94 65 97 76 3 66 % 66 3 76 97 65 94 33 18 28 99 61 30 45
27 14 79 55 91 89 66 % 66 89 91 55 79 14 27
96 84 60 59 27 8 15 % 15 8 27 59 60 84 96
61 19 84 2 28 33 86 8 77 30 17 1 67 % 67 1 17 30 77 8 86 33 28 2 84 19 61
4 70 95 43 80 5 90 46 26 37 26 97 18 % 18 97 26 37 26 46 90 5 80 43 95 70 4
50 79 69 86 24 88 11 % 11 88 24 86 69 79 50
49 88 30 8 57 27 32 % 32 27 57 8 30 88 49
85 99 8 3 53 66 11 % 11 66 53 3 8 99 85
87 55 83 3 50 9 25 % 25 9 50 3 83 55 87
72 84 25 45 18 97 0 % 0 97 18 45 25 84 72
0 87 38 41 82 13 10 11 58 8 84 81 79 % 79 81 84 8 58 11 10 13 82 41 38 87 0
10 76 27 16 20 29 85 % 85 29 20 16 27 76 10
8 66 62 60 76 18 87 51 60 23 3 90 98 % 98 90 3 23 60 51 87 18 76 60 62 66 8
44 71 48 54 27 99 8 99 83 18 27 1 18 % 18 1 27 18 83 99 8 99 27 54 48 71 44
77 68 53 44 40 20 29 % 29 20 40 44 53 68 77
3 27 82 63 26 46 79 78 20 67 40 66 47 % 47 66 40 67 20 78 79 46 26 63 82 27 3
97 51 58 52 68 2 68 3 30 24 7 46 23 % 23 46 7 24 30 3 68 2 68 52 58 51 97
70 49 63 2 64 54 3 % 3 54 64 2 63 49 70
68 45 25 19 22 39 49 69 64 94 34 45 94 % 94 45 34 94 64 69 49 39 22 19 25 45 68
97 35 8 58 52 90 74 26 49 34 29 84 82 % 82 84 29 34 49 26 74 90 52 58 8 35 97
87 7 14 4 36 48 98 68 95 94 79 67 40 % 40 67 79 94 95 68 98 48 36 4 14 7 87
19 92 70 60 22 19 32 % 32 19 22 60 70 92 19
50 13 3 91 80 24 77 20 43 34 47 57 97 % 97 57 47 34 43 20 77 24 80 91 3 13 50
33 33 29 48 26 95 61 % 61 95 26 48 29 33 33
14 15 65 26 71 80 75 % 75 80 71 26 65 15 14
4 23 29 26 89 15 86 % 86 15 89 26 29 23 4
14 45 8 73 94 86 78 % 78 86 94 73 8 45 14
40 48 21 50 74 28 78 68 27 32 81 35 11 % 11 35 81 32 27 68 78 28 74 50 21 48 40
12 1 74 2 93 7 62 1 42 86 15 70 35 % 35 70 15 86 42 1 62 7 93 2 74 1 12
16 81 9 22 10 97 9 % 9 97 10 22 9 81 16
20 21 7 73 11 39 84 7 20 94 4 84 13 % 13 84 4 94 20 7 84 39 11 73 7 21 20
0 86 56 27 6 83 49 39 24 79 43 12 58 % 58 12 43 79 24 39 49 83 6 27 56 86 0
33 4 61 8 26 82 23 % 23 82 26 8 61 4 33
75 71 37 82 29 46 23 67 88 26 94 74 15 % 15 74 94 26 88 67 23 46 29 82 37 71 75
42 14 57 99 37 69 80 % 80 69 37 99 57 14 42
17 86 19 60 92 47 38 % 38 47 92 60 19 86 17
88 53 34 9 72 15 63 % 63 15 72 9 34 53 88
9 8 94 63 7 51 83 95 23 99 37 17 79 % 79 17 37 99 23 95 83 51 7 63 94 8 9
48 95 45 1 83 49 13 % 13 49 83 1 45 95 48
81 77 19 51 26 89 43 % 43 89 26 51 19 77 81
41 79 2 47 38 56 35 % 35 56 38 47 2 79 41
98 83 51 81 82 14 8 % 8 14 82 81 51 83 98
50 93 90 80 80 3 53 % 53 3 80 80 90 93 50
51 71 46 29 95 82 60 % 60 82 95 29 46 71 51
70 93 18 43 51 82 63 % 63 82 51 43 18 93 70
88 91 21 3 50 18 60 % 60 18 50 3 21 91 88
32 95 43 31 90 72 0 % 0 72 90 31 43 95 32
83 50 35 15 25 59 63 55 16 42 33 88 15 % 15 88 33 42 16 55 63 59 25 15 35 50 83
64 85 96 8 74 61 46 % 46 61 74 8 96 85 64
34 72 80 68 11 50 79 98 99 53 3 41 25 % 25 41 3 53 99 98 79 50 11 68 80 72 34
5 22 68 60 28 82 88 % 88 82 28 60 68 22 5
72 10 37 75 9 16 66 50 84 47 21 65 60 % 60 65 21 47 84 50 66 16 9 75 37 10 72
64 83 35 59 38 62 4 63 94 58 36 60 87 % 87 60 36 58 94 63 4 62 38 59 35 83 64
89 40 98 70 7 14 6 91 72 13 16 0 5 % 5 0 16 13 72 91 6 14 7 70 98 40 89
75 78 76 61 56 81 26 % 26 81 56 61 76 78 75
40 84 45 1 99 35 32 28 56 61 10 82 98 % 98 82 10 61 56 28 32 35 99 1 45 84 40
48 11 3 47 69 56 72 % 72 56 69 47 3 11 48
0 53 45 44 24 99 40 44 47 4 42 41 99 % 99 41 42 4 47 44 40 99 24 44 45 53 0
14 64 10 33 30 96 34 % 34 96 30 33 10 64 14
68 81 46 78 21 98 61 % 61 98 21 78 46 81 68
10 18 32 58 22 69 35 % 35 69 22 58 32 18 10
15 67 90 9 80 25 1 70 6 91 45 18 69 % 69 18 45 91 6 70 1 25 80 9 90 67 15
64 46 0 38 95 9 86 3 4 56 96 42 68 % 68 42 96 56 4 3 86 9 95 38 0 46 64
98 35 63 32 96 22 58 22 62 0 54 92 52 % 52 92 54 0 62 22 58 22 96 32 63 35 98
84 44 0 63 26 43 50 % 50 43 26 63 0 44 84
80 77 69 23 62 25 11 52 50 96 74 28 67 % 67 28 74 96 50 52 11 25 62 23 69 77 80
3 77 64 81 72 3 76 % 76 3 72 81 64 77 3
83 14 40 38 85 44 22 % 22 44 85 38 40 14 83
55 36 12 0 13 22 94 % 94 22 13 0 12 36 55
48 62 45 48 59 2 58 % 58 2 59 48 45 62 48
99 98 33 13 23 99 87 19 96 88 68 15 28 % 28 15 68 88 96 19 87 99 23 13 33 98 99
85 61 37 45 0 44 33 80 81 66 70 32 90 % 90 32 70 66 81 80 33 44 0 45 37 61 85
72 36 69 8 53 31 28 47 77 80 95 42 99 % 99 42 95 80 77 47 28 31 53 8 69 36 72
39 39 75 9 19 30 3 67 9 62 58 36 38 % 38 36 58 62 9 67 3 30 19 9 75 39 39
16 72 76 28 45 19 22 64 61 53 83 19 98 % 98 19 83 53 61 64 22 19 45 28 76 72 16
58 67 28 98 58 16 22 10 94 65 53 31 48 % 48 31 53 65 94 10 22 16 58 98 28 67 58
46 75 15 22 30 63 6 % 6 63 30 22 15 75 46
57 40 78 12 14 53 56 % 56 53 14 12 78 40 57
85 24 22 72 37 99 89 28 94 79 37 87 6 % 6 87 37 79 94 28 89 99 37 72 22 24 85
25 3 99 73 63 99 41 % 41 99 63 73 99 3 25
93 33 58 36 33 69 40 % 40 69 33 36 58 33 93
62 94 43 27 56 71 22 6 10 82 93 51 17 % 17 51 93 82 10 6 22 71 56 27 43 94 62
78 60 58 56 41 30 5 48 84 96 95 61 24 % 24 61 95 96 84 48 5 30 41 56 58 60 78
97 22 53 58 98 2 73 % 73 2 98 58 53 22 97
79 24 72 27 2 56 38 % 38 56 2 27 72 24 79
83 77 54 63 64 80 50 % 50 80 64 63 54 77 83
49 69 63 27 74 8 41 % 41 8 74 27 63 69 49
88 88 75 97 30 99 0 % 0 99 30 97 75 88 88
30 14 97 32 19 35 77 % 77 35 19 32 97 14 30
66 67 73 9 3 34 79 21 0 46 72 0 94 % 94 0 72 46 0 21 79 34 3 9 73 67 66
35 54 85 30 72 1 69 47 89 81 63 3 34 % 34 3 63 81 89 47 69 1 72 30 85 54 35
48 75 74 42 83 37 7 % 7 37 83 42 74 75 48
88 9 87 25 34 94 25 % 25 94 34 25 87 9 88
4 0 58 75 64 20 59 19 86 5 28 35 90 % 90 35 28 5 86 19 59 20 64 75 58 0 4
26 61 40 81 42 87 80 % 80 87 42 81 40 61 26
17 0 75 12 10 1 13 2 92 96 71 88 24 % 24 88 71 96 92 2 13 1 10 12 75 0 17
86 94 22 14 9 61 89 26 45 15 76 47 19 % 19 47 76 15 45 26 89 61 9 14 22 94 86
58 85 89 50 5 17 87 % 87 17 5 50 89 85 58
9 15 45 20 51 9 14 % 14 9 51 20 45 15 9
9 76 56 32 83 15 55 65 4 74 78 36 63 % 63 36 78 74 4 65 55 15 83 32 56 76 9
38 35 90 19 36 57 42 % 42 57 36 19 90 35 38
40 1 33 31 85 78 44 25 63 0 25 48 63 % 63 48 25 0 63 25 44 78 85 31 33 1 40
35 56 24 9 1 26 83 57 2 37 81 68 0 % 0 68 81 37 2 57 83 26 1 9 24 56 35
62 16 26 76 40 57 19 % 19 57 40 76 26 16 62
40 61 93 80 37 91 14 % 14 91 37 80 93 61 40
20 46 6 30 29 35 52 76 41 29 68 34 56 % 56 34 68 29 41 76 52 35 29 30 6 46 20
93 60 72 69 7 0 79 % 79 0 7 69 72 60 93
89 54 59 10 41 42 4 24 94 40 56 72 79 % 79 72 56 40 94 24 4 42 41 10 59 54 89
78 48 70 78 56 64 52 61 23 89 83 15 82 % 82 15 83 89 23 61 52 64 56 78 70 48 78
58 8 11 34 99 18 77 % 77 18 99 34 11 8 58
10 17 65 88 14 78 60 % 60 78 14 88 65 17 10
30 19 17 8 84 38 10 % 10 38 84 8 17 19 30
22 3 37 91 26 19 70 48 60 49 57 5 20 % 20 5 57 49 60 48 70 19 26 91 37 3 22
41 67 39 67 32 81 59 % 59 81 32 67 39 67 41
5 76 1 40 60 6 51 % 51 6 60 40 1 76 5
80 18 79 82 62 80 28 % 28 80 62 82 79 18 80
35 36 25 36 64 44 44 28 94 17 40 55 44 % 44 55 40 17 94 28 44 44 64 36 25 36 35
85 60 66 45 96 66 57 48 78 4 64 12 19 % 19 12 64 4 78 48 57 66 96 45 66 60 85
49 80 70 16 65 90 56 % 56 90 65 16 70 80 49
36 22 87 17 89 90 95 52 13 64 95 98 25 % 25 98 95 64 13 52 95 90 89 17 87 22 36
66 46 44 6 3 8 74 83 57 3 8 81 5 % 5 81 8 3 57 83 74 8 3 6 44 46 66
44 52 85 81 76 8 12 % 12 8 76 81 85 52 44
11 48 43 64 69 32 58 % 58 32 69 64 43 48 11
0 43 11 75 66 65 84 % 84 65 66 75 11 43 0
90 14 98 12 34 68 97 % 97 68 34 12 98 14 90
73 11 84 98 67 79 34 % 34 79 67 98 84 11 73
5 16 95 97 37 68 46 40 95 71 22 77 48 % 48 77 22 71 95 40 46 68 37 97 95 16 5
62 87 47 17 64 24 91 % 91 24 64 17 47 87 62
79 41 16 61 63 43 59 68 74 81 35 30 73 % 73 30 35 81 74 68 59 43 63 61 16 41 79
33 64 63 88 5 13 47 % 47 13 5 88 63 64 33
23 48 33 10 72 82 23 53 52 31 82 77 1 % 1 77 82 31 52 53 23 82 72 10 33 48 23
1 66 8 83 35 42 92 % 92 42 35 83 8 66 1
15 46 69 37 19 27 96 % 96 27 19 37 69 46 15
1 0 38 16 33 16 0 50 54 96 1 95 44 % 44 95 1 96 54 50 0 16 33 16 38 0 1
12 70 0 3 57 95 60 % 60 95 57 3 0 70 12
23 60 90 25 8 65 1 % 1 65 8 25 90 60 23
58 18 54 0 78 17 56 86 71 93 27 87 10 % 10 87 27 93 71 86 56 17 78 0 54 18 58
94 39 5 15 34 11 7 % 7 11 34 15 5 39 94
64 92 91 93 70 23 5 % 5 23 70 93 91 92 64
26 63 61 3 35 21 63 53 25 12 60 46 71 % 71 46 60 12 25 53 63 21 35 3 61 63 26
40 11 75 57 19 42 29 16 46 18 56 86 62 % 62 86 56 18 46 16 29 42 19 57 75 11 40
14 76 48 16 3 42 95 % 95 42 3 16 48 76 14
48 41 84 84 2 63 20 % 20 63 2 84 84 41 48
17 82 23 99 60 18 5 % 5 18 60 99 23 82 17
44 18 13 2 49 6 15 % 15 6 49 2 13 18 44
6 55 70 86 21 77 39 % 39 77 21 86 70 55 6
56 59 35 53 45 33 61 % 61 33 45 53 35 59 56
8 18 53 54 83 63 96 61 91 95 87 66 25 % 25 66 87 95 91 61 96 63 83 54 53 18 8
29 54 42 10 9 72 14 % 14 72 9 10 42 54 29
43 14 92 57 12 9 64 55 45 86 18 10 87 % 87 10 18 86 45 55 64 9 12 57 92 14 43
39 45 5 2 34 27 14 % 14 27 34 2 5 45 39
32 21 53 53 20 24 79 % 79 24 20 53 53 21 32
99 93 3 28 60 39 69 45 79 23 84 40 88 % 88 40 84 23 79 45 69 39 60 28 3 93 99
77 90 78 43 89 5 53 % 53 5 89 43 78 90 77
99 6 50 14 23 31 94 8 85 63 66 35 77 % 77 35 66 63 85 8 94 31 23 14 50 6 99
91 69 56 11 57 86 69 % 69 86 57 11 56 69 91
27 27 34 22 94 22 93 59 34 72 87 7 21 % 21 7 87 72 34 59 93 22 94 22 34 27 27
40 30 99 18 75 99 33 % 33 99 75 18 99 30 40
3 62 55 78 79 40 76 % 76 40 79 78 55 62 3
16 3 43 35 40 36 38 % 38 36 40 35 43 3 16
91 54 57 68 28 73 91 42 5 20 9 92 20 % 20 92 9 20 5 42 91 73 28 68 57 54 91
61 49 65 58 51 69 54 % 54 69 51 58 65 49 61
43 50 62 65 93 62 88 37 64 39 35 12 98 % 98 12 35 39 64 37 88 62 93 65 62 50 43
15 80 60 37 9 58 24 27 57 96 21 64 71 % 71 64 21 96 57 27 24 58 9 37 60 80 15
7 58 73 93 11 83 75 94 52 48 68 3 95 % 95 3 68 48 52 94 75 83 11 93 73 58 7
36 81 49 69 6 40 70 % 70 40 6 69 49 81 36
55 6 1 45 6 30 40 % 40 30 6 45 1 6 55
52 65 44 1 87 34 11 % 11 34 87 1 44 65 52
31 4 32 73 26 50 56 % 56 50 26 73 32 4 31
20 12 34 98 73 17 27 14 86 16 78 72 19 % 19 72 78 16 86 14 27 17 73 98 34 12 20
66 28 42 70 55 44 15 36 48 88 98 92 43 % 43 92 98 88 48 36 15 44 55 70 42 28 66
56 84 52 29 75 18 15 % 15 18 75 29 52 84 56
30 27 73 18 57 84 1 % 1 84 57 18 73 27 30
79 36 26 54 68 71 9 % 9 71 68 54 26 36 79
47 73 16 83 3 72 5 34 1 30 44 81 63 % 63 81 44 30 1 34 5 72 3 83 16 73 47
81 77 8 25 80 10 72 % 72 10 80 25 8 77 81
89 32 71 58 69 20 56 % 56 20 69 58 71 32 89
87 36 85 50 32 29 93 21 62 26 45 12 28 % 28 12 45 26 62 21 93 29 32 50 85 36 87
72 40 66 57 61 58 6 3 33 88 76 89 38 % 38 89 76 88 33 3 6 58 61 57 66 40 72
79 5 48 37 41 35 81 61 59 12 30 26 70 % 70 26 30 12 59 61 81 35 41 37 48 5 79
27 4 5 55 8 11 63 % 63 11 8 55 5 4 27
67 9 43 50 48 32 7 56 47 25 51 69 53 % 53 69 51 25 47 56 7 32 48 50 43 9 67
92 59 89 82 78 51 85 % 85 51 78 82 89 59 92
58 49 12 79 82 54 58 50 8 81 25 40 6 % 6 40 25 81 8 50 58 54 82 79 12 49 58
13 13 8 82 48 44 21 39 96 46 64 1 9 % 9 1 64 46 96 39 21 44 48 82 8 13 13
53 53 37 43 4 97 36 39 81 45 41 80 71 % 71 80 41 45 81 39 36 97 4 43 37 53 53
64 31 95 19 64 44 95 47 75 50 18 86 5 % 5 86 18 50 75 47 95 44 64 19 95 31 64
51 46 6 64 55 63 91 % 91 63 55 64 6 46 51
90 12 46 16 26 86 67 % 67 86 26 16 46 12 90
53 26 4 49 46 36 25 % 25 36 46 49 4 26 53
93 91 10 78 56 29 43 % 43 29 56 78 10 91 93
44 34 46 36 39 10 53 % 53 10 39 36 46 34 44
56 15 90 5 75 77 96 % 96 77 75 5 90 15 56
17 30 25 11 11 99 27 26 68 87 27 73 23 % 23 73 27 87 68 26 27 99 11 11 25 30 17
93 91 85 7 33 8 50 81 50 40 90 31 38 % 38 31 90 40 50 81 50 8 33 7 85 91 93
12 74 56 0 77 79 49 % 49 79 77 0 56 74 12
65 15 8 53 36 28 86 53 98 21 57 79 98 % 98 79 57 21 98 53 86 28 36 53 8 15 65
1 57 71 59 60 46 62 % 62 46 60 59 71 57 1
63 65 90 76 20 42 84 61 50 66 95 76 0 % 0 76 95 66 50 61 84 42 20 76 90 65 63
32 97 57 67 62 27 35 17 94 61 82 34 17 % 17 34 82 61 94 17 35 27 62 67 57 97 32
1 17 54 55 49 73 63 4 35 5 87 13 3 % 3 13 87 5 35 4 63 73 49 55 54 17 1
19 45 84 42 35 88 79 % 79 88 35 42 84 45 19
42 47 90 81 20 27 58 90 81 51 11 88 54 % 54 88 11 51 81 90 58 27 20 81 90 47 42
67 93 18 71 92 15 74 13 6 84 26 97 30 % 30 97 26 84 6 13 74 15 92 71 18 93 67
23 81 4 54 84 39 70 % 70 39 84 54 4 81 23
38 72 9 78 57 16 81 % 81 16 57 78 9 72 38
98 84 37 18 23 75 99 14 58 76 15 45 6 % 6 45 15 76 58 14 99 75 23 18 37 84 98
87 33 45 81 20 24 23 71 55 10 75 28 42 % 42 28 75 10 55 71 23 24 20 81 45 33 87
43 21 36 9 63 84 62 % 62 84 63 9 36 21 43
57 45 42 82 63 85 31 % 31 85 63 82 42 45 57
35 93 19 62 35 37 30 1 40 71 4 8 92 % 92 8 4 71 40 1 30 37 35 62 19 93 35
77 49 14 1 90 10 4 % 4 10 90 1 14 49 77
41 68 23 77 47 22 35 41 27 92 93 54 46 % 46 54 93 92 27 41 35 22 47 77 23 68 41
30 30 66 14 8 60 12 69 96 21 88 82 32 % 32 82 88 21 96 69 12 60 8 14 66 30 30
70 38 82 75 3 2 76 % 76 2 3 75 82 38 70
23 20 10 39 42 67 9 8 79 96 67 5 30 % 30 5 67 96 79 8 9 67 42 39 10 20 23
50 79 40 72 96 52 57 90 98 89 48 8 69 % 69 8 48 89 98 90 57 52 96 72 40 79 50
69 66 20 15 76 62 41 % 41 62 76 15 20 66 69
64 32 76 80 72 5 43 32 15 64 38 44 7 % 7 44 38 64 15 32 43 5 72 80 76 32 64
68 70 50 8 22 80 96 80 22 71 65 52 1 % 1 52 65 71 22 80 96 80 22 8 50 70 68
99 38 38 45 27 67 97 11 42 55 51 2 15 % 15 2 51 55 42 11 97 67 27 45 38 38 99
61 8 8 44 33 12 79 % 79 12 33 44 8 8 61
78 45 22 10 77 85 69 % 69 85 77 10 22 45 78
27 97 37 1 85 11 88 % 88 11 85 1 37 97 27
28 70 56 22 13 98 65 15 80 92 94 21 1 % 1 21 94 92 80 15 65 98 13 22 56 70 28
5 43 77 73 28 4 91 85 29 88 87 98 1 % 1 98 87 88 29 85 91 4 28 73 77 43 5
19 90 29 78 36 11 23 1 11 43 84 74 7 % 7 74 84 43 11 1 23 11 36 78 29 90 19
91 68 27 71 70 60 60 7 26 35 97 38 50 % 50 38 97 35 26 7 60 60 70 71 27 68 91
73 88 43 38 19 82 34 13 74 77 45 52 15 % 15 52 45 77 74 13 34 82 19 38 43 88 73
88 87 92 85 73 43 88 % 88 43 73 85 92 87 88
53 6 57 82 40 86 14 % 14 86 40 82 57 6 53
51 7 27 40 91 89 22 % 22 89 91 40 27 7 51
18 30 37 24 36 14 14 22 74 72 36 32 84 % 84 32 36 72 74 22 14 14 36 24 37 30 18
65 76 66 83 90 29 91 28 51 94 2 95 94 % 94 95 2 94 51 28 91 29 90 83 66 76 65
23 57 74 61 0 22 39 % 39 22 0 61 74 57 23
10 64 32 90 90 5 20 % 20 5 90 90 32 64 10
91 98 26 14 11 51 76 % 76 51 11 14 26 98 91
75 22 9 32 64 18 6 4 50 49 24 77 54 % 54 77 24 49 50 4 6 18 64 32 9 22 75
42 52 11 28 68 98 24 56 19 77 24 10 27 % 27 10 24 77 19 56 24 98 68 28 11 52 42
65 13 8 55 7 18 38 % 38 18 7 55 8 13 65
52 8 49 11 83 18 31 29 33 65 67 63 14 % 14 63 67 65 33 29 31 18 83 11 49 8 52
87 86 31 54 15 93 90 % 90 93 15 54 31 86 87
18 47 93 19 17 29 61 % 61 29 17 19 93 47 18
87 12 84 24 10 79 47 % 47 79 10 24 84 12 87
56 55 60 38 46 60 72 % 72 60 46 38 60 55 56
19 88 48 34 6 93 6 2 91 62 33 32 36 % 36 32 33 62 91 2 6 93 6 34 48 88 19
86 59 90 68 76 23 86 % 86 23 76 68 90 59 86
31 98 58 57 73 10 73 95 63 33 55 93 71 % 71 93 55 33 63 95 73 10 73 57 58 98 31
49 79 79 7 51 29 87 48 25 1 44 68 21 % 21 68 44 1 25 48 87 29 51 7 79 79 49
76 61 53 76 5 66 57 % 57 66 5 76 53 61 76
1 58 71 84 53 16 46 % 46 16 53 84 71 58 1
44 77 8 12 26 92 52 % 52 92 26 12 8 77 44
71 50 85 94 2 28 95 % 95 28 2 94 85 50 71
53 29 2 60 18 96 22 17 81 94 90 29 24 % 24 29 90 94 81 17 22 96 18 60 2 29 53
50 51 96 1 62 11 1 % 1 11 62 1 96 51 50
78 66 24 80 24 31 9 % 9 31 24 80 24 66 78
39 98 68 71 30 82 82 % 82 82 30 71 68 98 39
96 38 95 45 57 65 72 % 72 65 57 45 95 38 96
41 72 54 30 76 23 86 14 4 59 81 20 55 % 55 20 81 59 4 14 86 23 76 30 54 72 41
45 42 1 12 99 60 17 % 17 60 99 12 1 42 45
75 80 66 42 38 76 28 % 28 76 38 42 66 80 75
95 89 23 27 13 8 53 % 53 8 13 27 23 89 95
53 44 56 42 56 48 27 10 56 45 27 65 79 % 79 65 27 45 56 10 27 48 56 42 56 44 53
78 67 36 89 8 56 61 64 9 95 80 99 67 % 67 99 80 95 9 64 61 56 8 89 36 67 78
40 57 90 57 56 24 30 84 86 70 77 7 5 % 5 7 77 70 86 84 30 24 56 57 90 57 40
27 77 62 63 83 51 85 34 3 3 65 28 33 % 33 28 65 3 3 34 85 51 83 63 62 77 27
41 17 37 19 81 75 77 67 45 39 82 35 66 % 66 35 82 39 45 67 77 75 81 19 37 17 41
42 18 59 2 77 13 36 13 31 26 41 92 75 % 75 92 41 26 31 13 36 13 77 2 59 18 42
93 61 36 6 95 95 27 86 88 87 27 38 68 % 68 38 27 87 88 86 27 95 95 6 36 61 93
98 31 85 49 58 74 14 % 14 74 58 49 85 31 98
18 37 73 11 1 44 67 % 67 44 1 11 73 37 18
39 62 64 22 29 46 74 % 74 46 29 22 64 62 39
17 32 23 76 17 13 32 % 32 13 17 76 23 32 17
75 88 59 86 20 59 24 % 24 59 20 86 59 88 75
26 20 0 85 73 55 48 35 94 48 35 10 36 % 36 10 35 48 94 35 48 55 73 85 0 20 26
55 36 32 76 65 27 2 % 2 27 65 76 32 36 55
72 77 51 17 37 77 9 0 16 94 94 14 59 % 59 14 94 94 16 0 9 77 37 17 51 77 72
87 17 64 36 68 17 42 % 42 17 68 36 64 17 87
87 45 37 87 62 59 26 % 26 59 62 87 37 45 87
94 0 10 23 78 85 40 97 16 21 56 87 25 % 25 87 56 21 16 97 40 85 78 23 10 0 94
52 62 53 68 28 37 39 % 39 37 28 68 53 62 52
24 18 79 45 65 67 69 % 69 67 65 45 79 18 24
50 18 26 61 32 82 90 % 90 82 32 61 26 18 50
46 29 47 85 16 18 72 % 72 18 16 85 47 29 46
20 44 15 52 28 15 2 % 2 15 28 52 15 44 20
72 20 72 27 10 94 40 % 40 94 10 27 72 20 72
13 16 79 97 44 15 21 42 0 73 89 55 80 % 80 55 89 73 0 42 21 15 44 97 79 16 13
46 10 11 76 33 31 37 13 4 16 27 77 79 % 79 77 27 16 4 13 37 31 33 76 11 10 46
20 28 39 13 37 78 63 % 63 78 37 13 39 28 20
24 3 17 57 44 55 14 % 14 55 44 57 17 3 24
82 48 32 69 21 44 26 % 26 44 21 69 32 48 82
38 14 53 80 59 85 40 % 40 85 59 80 53 14 38
29 87 54 55 75 54 20 8 42 1 36 3 33 % 33 3 36 1 42 8 20 54 75 55 54 87 29
27 76 68 66 51 60 51 % 51 60 51 66 68 76 27
34 54 58 21 71 25 76 35 75 81 86 97 1 % 1 97 86 81 75 35 76 25 71 21 58 54 34
81 13 56 47 85 90 99 % 99 90 85 47 56 13 81
38 91 83 93 81 90 29 % 29 90 81 93 83 91 38
11 39 71 40 13 13 38 36 34 8 26 86 30 % 30 86 26 8 34 36 38 13 13 40 71 39 11
80 71 75 51 71 85 36 39 54 14 13 10 92 % 92 10 13 14 54 39 36 85 71 51 75 71 80
91 93 68 18 3 11 82 % 82 11 3 18 68 93 91
46 80 56 92 58 15 82 84 93 4 12 38 52 % 52 38 12 4 93 84 82 15 58 92 56 80 46
64 49 88 35 2 31 13 % 13 31 2 35 88 49 64
79 66 25 7 92 98 82 % 82 98 92 7 25 66 79
43 64 66 20 11 73 20 % 20 73 11 20 66 64 43
71 2 88 72 83 26 79 % 79 26 83 72 88 2 71
22 73 0 64 1 83 59 84 84 0 18 99 25 % 25 99 18 0 84 84 59 83 1 64 0 73 22
0 99 13 21 97 87 57 94 67 64 39 6 39 % 39 6 39 64 67 94 57 87 97 21 13 99 0
54 66 21 39 17 79 53 31 42 71 46 60 33 % 33 60 46 71 42 31 53 79 17 39 21 66 54
71 34 37 73 20 9 97 84 24 55 66 25 92 % 92 25 66 55 24 84 97 9 20 73 37 34 71
76 34 5 29 14 65 44 % 44 65 14 29 5 34 76
64 97 62 79 27 35 6 79 60 93 5 46 69 % 69 46 5 93 60 79 6 35 27 79 62 97 64
20 97 64 27 99 51 2 % 2 51 99 27 64 97 20
15 66 46 89 85 45 16 % 16 45 85 89 46 66 15
64 52 72 67 38 97 35 % 35 97 38 67 72 52 64
38 95 63 15 85 20 59 71 22 80 45 52 24 % 24 52 45 80 22 71 59 20 85 15 63 95 38
99 61 17 46 22 34 59 % 59 34 22 46 17 61 99
73 46 3 88 19 26 77 95 41 35 8 81 41 % 41 81 8 35 41 95 77 26 19 88 3 46 73
90 54 7 44 10 42 84 13 3 74 19 80 37 % 37 80 19 74 3 13 84 42 10 44 7 54 90
14 62 26 80 14 76 43 35 84 71 89 77 99 % 99 77 89 71 84 35 43 76 14 80 26 62 14
71 1 33 67 58 6 62 68 73 51 52 4 56 % 56 4 52 51 73 68 62 6 58 67 33 1 71
29 15 74 89 47 83 65 % 65 83 47 89 74 15 29
0 52 37 66 17 43 5 % 5 43 17 66 37 52 0
49 47 79 61 41 43 40 3 87 90 40 62 78 % 78 62 40 90 87 3 40 43 41 61 79 47 49
80 37 58 63 94 89 59 % 59 89 94 63 58 37 80
34 56 61 88 34 10 43 % 43 10 34 88 61 56 34
29 8 91 13 48 11 35 51 0 10 95 35 71 % 71 35 95 10 0 51 35 11 48 13 91 8 29
58 47 34 62 86 59 29 % 29 59 86 62 34 47 58
39 13 10 37 60 53 33 % 33 53 60 37 10 13 39
47 86 82 33 36 27 50 56 68 45 33 62 32 % 32 62 33 45 68 56 50 27 36 33 82 86 47
46 61 16 12 0 56 12 95 77 86 72 99 94 % 94 99 72 86 77 95 12 56 0 12 16 61 46
87 17 37 58 62 58 29 % 29 58 62 58 37 17 87
28 52 29 37 66 84 37 85 26 12 69 31 39 % 39 31 69 12 26 85 37 84 66 37 29 52 28
18 3 64 9 93 42 47 92 82 98 8 63 50 % 50 63 8 98 82 92 47 42 93 9 64 3 18
17 50 62 65 78 44 13 73 55 29 72 61 70 % 70 61 72 29 55 73 13 44 78 65 62 50 17
84 75 82 73 28 38 42 % 42 38 28 73 82 75 84
77 78 70 27 29 5 69 35 24 57 4 68 65 % 65 68 4 57 24 35 69 5 29 27 70 78 77
39 63 76 35 79 29 40 45 27 97 62 58 59 % 59 58 62 97 27 45 40 29 79 35 76 63 39
35 56 49 29 15 37 67 % 67 37 15 29 49 56 35
57 10 26 86 0 63 46 27 58 46 88 0 43 % 43 0 88 46 58 27 46 63 0 86 26 10 57
88 23 46 16 48 64 81 % 81 64 48 16 46 23 88
60 76 69 19 15 38 29 % 29 38 15 19 69 76 60
87 28 20 27 47 75 11 27 2 53 22 14 21 % 21 14 22 53 2 27 11 75 47 27 20 28 87
60 68 90 96 5 98 47 55 68 35 43 88 49 % 49 88 43 35 68 55 47 98 5 96 90 68 60
92 0 7 27 23 53 14 95 28 55 4 62 68 % 68 62 4 55 28 95 14 53 23 27 7 0 92
90 66 57 95 36 66 13 7 49 54 88 53 75 % 75 53 88 54 49 7 13 66 36 95 57 66 90
5 50 79 45 30 31 39 % 39 31 30 45 79 50 5
48 71 43 75 12 14 84 % 84 14 12 75 43 71 48
26 31 94 72 6 90 22 61 8 86 21 59 89 % 89 59 21 86 8 61 22 90 6 72 94 31 26
2 69 88 0 72 15 96 % 96 15 72 0 88 69 2
26 46 99 28 2 78 93 10 24 78 40 83 33 % 33 83 40 78 24 10 93 78 2 28 99 46 26
14 99 15 78 53 95 24 44 32 18 40 8 61 % 61 8 40 18 32 44 24 95 53 78 15 99 14
23 36 38 36 74 70 72 18 44 18 25 6 65 % 65 6 25 18 44 18 72 70 74 36 38 36 23
63 40 79 68 46 26 91 % 91 26 46 68 79 40 63
35 24 95 24 33 2 2 % 2 2 33 24 95 24 35
55 25 78 74 52 17 69 % 69 17 52 74 78 25 55
17 51 81 14 92 67 24 % 24 67 92 14 81 51 17
75 99 89 97 30 11 23 % 23 11 30 97 89 99 75
98 86 17 3 5 94 91 % 91 94 5 3 17 86 98
70 40 74 48 12 34 70 % 70 34 12 48 74 40 70
93 43 61 51 46 43 2 % 2 43 46 51 61 43 93
56 58 13 14 18 87 30 % 30 87 18 14 13 58 56
30 18 49 27 1 88 49 % 49 88 1 27 49 18 30
37 73 98 46 34 61 76 44 3 86 33 39 62 % 62 39 33 86 3 44 76 61 34 46 98 73 37
19 98 53 3 95 98 73 % 73 98 95 3 53 98 19
64 21 67 61 61 13 26 69 29 69 6 62 45 % 45 62 6 69 29 69 26 13 61 61 67 21 64
80 90 90 29 40 47 43 % 43 47 40 29 90 90 80
3 82 61 49 48 73 36 % 36 73 48 49 61 82 3
85 11 35 37 61 67 86 30 51 34 99 18 99 % 99 18 99 34 51 30 86 67 61 37 35 11 85
78 59 37 43 88 61 28 % 28 61 88 43 37 59 78
54 7 35 80 77 12 68 % 68 12 77 80 35 7 54
88 95 0 80 2 75 96 % 96 75 2 80 0 95 88
64 15 72 98 63 93 4 % 4 93 63 98 72 15 64
99 9 25 8 96 30 54 % 54 30 96 8 25 9 99
18 90 11 73 20 94 18 % 18 94 20 73 11 90 18
2 63 72 74 19 20 61 4 79 9 65 95 29 % 29 95 65 9 79 4 61 20 19 74 72 63 2
1 95 6 39 92 27 88 78 28 86 81 6 57 % 57 6 81 86 28 78 88 27 92 39 6 95 1
39 66 90 98 43 57 55 % 55 57 43 98 90 66 39
33 23 25 96 8 68 29 72 61 67 94 31 79 % 79 31 94 67 61 72 29 68 8 96 25 23 33
18 76 31 15 59 87 58 11 9 32 44 0 28 % 28 0 44 32 9 11 58 87 59 15 31 76 18
47 99 49 39 39 59 35 % 35 59 39 39 49 99 47
24 76 25 52 65 14 41 % 41 14 65 52 25 76 24
40 60 28 75 33 68 85 % 85 68 33 75 28 60 40
41 66 9 43 65 23 52 56 94 17 94 82 81 % 81 82 94 17 94 56 52 23 65 43 9 66 41
6 31 13 8 20 39 85 41 59 26 28 79 47 % 47 79 28 26 59 41 85 39 20 8 13 31 6
48 62 25 88 96 3 88 % 88 3 96 88 25 62 48
98 70 29 61 64 8 46 % 46 8 64 61 29 70 98
90 74 67 74 59 31 85 % 85 31 59 74 67 74 90
40 55 53 20 88 53 55 % 55 53 88 20 53 55 40
9 34 33 50 67 51 22 % 22 51 67 50 33 34 9
54 86 70 4 2 11 21 80 17 14 49 15 9 % 9 15 49 14 17 80 21 11 2 4 70 86 54
30 3 41 85 68 6 58 % 58 6 68 85 41 3 30
25 38 53 45 54 74 54 83 28 16 95 98 31 % 31 98 95 16 28 83 54 74 54 45 53 38 25
68 41 91 67 54 78 52 % 52 78 54 67 91 41 68
44 51 1 92 33 25 47 21 58 52 32 27 80 % 80 27 32 52 58 21 47 25 33 92 1 51 44
88 57 86 48 10 12 64 % 64 12 10 48 86 57 88
1 17 13 46 41 80 3 % 3 80 41 46 13 17 1
65 9 52 80 97 84 92 % 92 84 97 80 52 9 65
83 34 94 44 93 89 49 % 49 89 93 44 94 34 83
29 61 50 36 11 5 86 54 75 28 18 56 41 % 41 56 18 28 75 54 86 5 11 36 50 61 29
38 36 69 59 25 10 91 46 2 84 28 14 59 % 59 14 28 84 2 46 91 10 25 59 69 36 38
35 55 58 44 12 10 34 % 34 10 12 44 58 55 35
92 9 45 93 92 74 40 64 8 48 84 28 94 % 94 28 84 48 8 64 40 74 92 93 45 9 92
17 62 51 98 13 34 90 62 72 32 55 62 18 % 18 62 55 32 72 62 90 34 13 98 51 62 17
28 77 4 91 99 51 15 96 31 80 65 62 16 % 16 62 65 80 31 96 15 51 99 91 4 77 28
92 52 70 82 12 9 77 41 51 87 2 49 9 % 9 49 2 87 51 41 77 9 12 82 70 52 92
81 59 3 37 50 27 97 % 97 27 50 37 3 59 81
97 2 68 23 52 1 67 38 77 19 12 60 16 % 16 60 12 19 77 38 67 1 52 23 68 2 97
37 89 10 40 36 68 73 14 99 5 91 63 17 % 17 63 91 5 99 14 73 68 36 40 10 89 37
76 86 36 70 79 49 67 % 67 49 79 70 36 86 76
87 90 59 1 65 0 60 % 60 0 65 1 59 90 87
94 61 74 26 78 92 83 21 54 59 71 4 9 % 9 4 71 59 54 21 83 92 78 26 74 61 94
50 74 14 47 80 46 76 % 76 46 80 47 14 74 50
85 86 21 71 5 63 53 % 53 63 5 71 21 86 85
81 22 71 66 13 63 7 % 7 63 13 66 71 22 81
76 83 24 99 83 6 97 96 91 31 47 99 18 % 18 99 47 31 91 96 97 6 83 99 24 83 76
11 6 86 63 51 37 24 49 63 5 4 12 92 % 92 12 4 5 63 49 24 37 51 63 86 6 11
27 3 81 99 38 6 94 % 94 6 38 99 81 3 27
95 5 95 43 57 83 95 % 95 83 57 43 95 5 95
96 27 10 44 22 21 48 % 48 21 22 44 10 27 96
69 97 54 61 12 29 33 % 33 29 12 61 54 97 69
47 76 22 28 14 34 67 37 34 5 78 53 69 % 69 53 78 5 34 37 67 34 14 28 22 76 47
44 27 13 71 69 79 45 54 30 74 72 53 77 % 77 53 72 74 30 54 45 79 69 71 13 27 44
13 2 63 43 75 30 92 56 25 78 18 51 86 % 86 51 18 78 25 56 92 30 75 43 63 2 13
69 24 80 93 86 87 69 90 5 15 31 30 59 % 59 30 31 15 5 90 69 87 86 93 80 24 69
45 87 91 48 98 47 59 % 59 47 98 48 91 87 45
59 10 38 54 21 87 49 17 73 77 3 99 18 % 18 99 3 77 73 17 49 87 21 54 38 10 59
69 84 96 77 0 96 46 17 38 8 87 65 66 % 66 65 87 8 38 17 46 96 0 77 96 84 69
22 4 94 31 74 68 19 45 97 92 18 89 67 % 67 89 18 92 97 45 19 68 74 31 94 4 22
5 32 46 20 26 20 61 96 74 32 86 53 76 % 76 53 86 32 74 96 61 20 26 20 46 32 5
43 16 45 69 72 90 17 % 17 90 72 69 45 16 43
67 42 1 90 3 76 51 76 62 40 33 37 94 % 94 37 33 40 62 76 51 76 3 90 1 42 67
97 34 61 76 86 64 21 75 47 26 35 13 96 % 96 13 35 26 47 75 21 64 86 76 61 34 97
26 62 3 56 59 53 30 % 30 53 59 56 3 62 26
43 57 70 18 16 10 42 % 42 10 16 18 70 57 43
88 42 20 78 90 86 1 64 46 37 53 16 91 % 91 16 53 37 46 64 1 86 90 78 20 42 88
10 84 53 1 48 18 62 72 89 30 70 7 26 % 26 7 70 30 89 72 62 18 48 1 53 84 10
14 24 72 64 34 83 47 11 11 76 41 31 1 % 1 31 41 76 11 11 47 83 34 64 72 24 14
60 26 64 65 7 44 24 89 50 79 81 54 27 % 27 54 81 79 50 89 24 44 7 65 64 26 60
17 17 80 63 77 40 5 81 1 16 82 34 8 % 8 34 82 16 1 81 5 40 77 63 80 17 17
33 57 79 1 23 97 10 70 78 81 40 6 40 % 40 6 40 81 78 70 10 97 23 1 79 57 33
20 28 69 22 31 91 58 % 58 91 31 22 69 28 20
78 84 10 75 34 90 87 % 87 90 34 75 10 84 78
30 58 83 27 60 13 51 % 51 13 60 27 83 58 30
48 29 24 70 57 90 96 22 37 53 35 84 72 % 72 84 35 53 37 22 96 90 57 70 24 29 48
95 58 96 79 51 1 25 % 25 1 51 79 96 58 95
49 46 63 59 54 71 59 23 58 14 93 22 43 % 43 22 93 14 58 23 59 71 54 59 63 46 49
25 3 50 62 89 56 86 12 10 44 80 38 56 % 56 38 80 44 10 12 86 56 89 62 50 3 25
81 33 61 56 65 78 95 17 44 9 62 26 96 % 96 26 62 9 44 17 95 78 65 56 61 33 81
11 13 89 74 87 60 11 % 11 60 87 74 89 13 11
64 86 9 75 18 95 47 14 16 94 87 52 69 % 69 52 87 94 16 14 47 95 18 75 9 86 64
56 45 42 47 15 87 79 % 79 87 15 47 42 45 56
16 24 46 26 10 91 70 88 91 85 43 35 72 % 72 35 43 85 91 88 70 91 10 26 46 24 16
21 6 22 19 63 87 58 43 99 93 38 19 97 % 97 19 38 93 99 43 58 87 63 19 22 6 21
28 9 14 36 48 39 41 % 41 39 48 36 14 9 28
0 82 63 95 31 18 84 % 84 18 31 95 63 82 0
9 68 67 38 74 65 38 % 38 65 74 38 67 68 9
24 69 63 61 83 86 91 % 91 86 83 61 63 69 24
14 71 88 2 81 55 65 72 79 61 96 92 63 % 63 92 96 61 79 72 65 55 81 2 88 71 14
49 70 35 93 22 17 83 % 83 17 22 93 35 70 49
38 6 89 85 87 18 41 6 98 67 42 65 45 % 45 65 42 67 98 6 41 18 87 85 89 6 38
72 53 92 84 52 63 44 1 46 45 21 76 26 % 26 76 21 45 46 1 44 63 52 84 92 53 72
75 47 50 72 56 82 50 41 62 24 19 18 0 % 0 18 19 24 62 41 50 82 56 72 50 47 75
22 90 95 11 95 54 59 % 59 54 95 11 95 90 22
74 92 58 10 17 87 3 42 50 72 50 98 51 % 51 98 50 72 50 42 3 87 17 10 58 92 74
2 83 49 28 58 24 25 27 65 82 80 79 72 % 72 79 80 82 65 27 25 24 58 28 49 83 2
28 19 85 62 70 3 69 % 69 3 70 62 85 19 28
92 73 37 75 23 6 27 % 27 6 23 75 37 73 92
88 55 51 12 8 18 50 6 68 33 94 64 7 % 7 64 94 33 68 6 50 18 8 12 51 55 88
70 64 91 99 21 75 63 % 63 75 21 99 91 64 70
31 97 98 83 22 6 51 79 97 81 32 7 41 % 41 7 32 81 97 79 51 6 22 83 98 97 31
43 98 40 0 4 86 94 51 21 58 1 64 9 % 9 64 1 58 21 51 94 86 4 0 40 98 43
7 86 71 68 71 20 88 % 88 20 71 68 71 86 7
88 78 8 56 79 86 63 % 63 86 79 56 8 78 88
91 93 33 8 3 44 10 % 10 44 3 8 33 93 91
52 58 26 68 19 66 7 % 7 66 19 68 26 58 52
68 16 4 76 25 21 41 74 43 16 50 97 98 % 98 97 50 16 43 74 41 21 25 76 4 16 68
46 29 88 29 18 48 32 1 12 62 12 63 4 % 4 63 12 62 12 1 32 48 18 29 88 29 46
96 9 70 32 46 79 5 98 84 89 82 66 18 % 18 66 82 89 84 98 5 79 46 32 70 9 96
87 47 4 86 46 20 98 % 98 20 46 86 4 47 87
40 22 88 14 56 1 57 % 57 1 56 14 88 22 40
45 98 59 43 17 19 72 % 72 19 17 43 59 98 45
77 17 73 86 4 51 52 39 49 96 31 1 4 % 4 1 31 96 49 39 52 51 4 86 73 17 77
7 5 20 6 89 90 8 % 8 90 89 6 20 5 7
32 75 13 89 62 41 99 23 7 20 81 37 37 % 37 37 81 20 7 23 99 41 62 89 13 75 32
93 32 5 92 56 75 83 39 27 24 70 26 46 % 46 26 70 24 27 39 83 75 56 92 5 32 93
3 42 18 47 2 95 99 % 99 95 2 47 18 42 3
34 75 97 99 88 58 30 67 35 3 61 21 3 % 3 21 61 3 35 67 30 58 88 99 97 75 34
76 65 49 79 53 85 42 38 56 96 46 4 76 % 76 4 46 96 56 38 42 85 53 79 49 65 76
65 59 28 56 74 96 60 % 60 96 74 56 28 59 65
12 10 36 44 65 0 44 % 44 0 65 44 36 10 12
83 53 69 5 63 81 61 % 61 81 63 5 69 53 83
19 12 51 22 71 50 87 78 39 99 18 87 78 % 78 87 18 99 39 78 87 50 71 22 51 12 19
79 44 9 46 6 63 44 87 16 62 62 97 87 % 87 97 62 62 16 87 44 63 6 46 9 44 79
20 81 68 49 54 59 31 72 80 31 92 1 24 % 24 1 92 31 80 72 31 59 54 49 68 81 20
36 93 49 55 40 28 29 89 94 40 19 80 81 % 81 80 19 40 94 89 29 28 40 55 49 93 36
73 44 72 11 95 22 89 % 89 22 95 11 72 44 73
20 24 28 99 82 24 79 42 67 30 29 5 64 % 64 5 29 30 67 42 79 24 82 99 28 24 20
15 56 31 18 38 97 41 % 41 97 38 18 31 56 15
99 40 22 34 20 71 97 % 97 71 20 34 22 40 99
9 65 48 62 12 57 15 37 81 70 56 63 14 % 14 63 56 70 81 37 15 57 12 62 48 65 9
35 29 25 22 83 81 3 73 64 55 50 85 81 % 81 85 50 55 64 73 3 81 83 22 25 29 35
60 39 16 70 63 20 38 % 38 20 63 70 16 39 60
54 79 79 20 60 57 60 81 6 69 84 36 90 % 90 36 84 69 6 81 60 57 60 20 79 79 54
94 72 97 81 16 83 48 74 38 49 22 47 98 % 98 47 22 49 38 74 48 83 16 81 97 72 94
97 91 73 62 8 60 20 35 85 10 72 44 11 % 11 44 72 10 85 35 20 60 8 62 73 91 97
13 82 49 80 59 7 29 33 58 23 85 96 95 % 95 96 85 23 58 33 29 7 59 80 49 82 13
13 11 87 98 80 20 4 % 4 20 80 98 87 11 13
90 29 53 74 19 0 46 59 73 3 7 7 58 % 58 7 7 3 73 59 46 0 19 74 53 29 90
60 53 22 28 84 42 22 17 45 81 28 17 43 % 43 17 28 81 45 17 22 42 84 28 22 53 60
16 10 52 18 22 90 49 % 49 90 22 18 52 10 16
48 45 0 95 41 27 87 % 87 27 41 95 0 45 48
61 17 93 70 76 79 44 % 44 79 76 70 93 17 61
26 5 33 91 15 35 5 35 20 52 2 49 56 % 56 49 2 52 20 35 5 35 15 91 33 5 26
40 67 94 2 56 26 29 98 37 56 8 59 60 % 60 59 8 56 37 98 29 26 56 2 94 67 40
79 26 10 22 8 70 80 % 80 70 8 22 10 26 79
44 84 78 9 23 23 53 % 53 23 23 9 78 84 44
95 50 81 79 12 4 4 87 12 4 2 99 16 % 16 99 2 4 12 87 4 4 12 79 81 50 95
65 16 77 36 85 15 44 10 91 95 63 46 36 % 36 46 63 95 91 10 44 15 85 36 77 16 65
41 39 80 64 59 16 82 % 82 16 59 64 80 39 41
22 6 89 81 9 45 50 % 50 45 9 81 89 6 22
90 9 0 2 41 24 34 96 65 68 10 24 25 % 25 24 10 68 65 96 34 24 41 2 0 9 90
84 56 62 67 33 7 6 % 6 7 33 67 62 56 84
44 10 53 88 21 63 35 % 35 63 21 88 53 10 44
92 83 69 10 54 24 36 38 18 50 68 61 66 % 66 61 68 50 18 38 36 24 54 10 69 83 92
21 76 40 72 11 27 80 58 6 68 64 87 29 % 29 87 64 68 6 58 80 27 11 72 40 76 21
35 79 77 78 7 9 81 16 92 71 39 50 4 % 4 50 39 71 92 16 81 9 7 78 77 79 35
87 38 62 27 65 15 31 21 33 95 61 61 39 % 39 61 61 95 33 21 31 15 65 27 62 38 87
58 7 33 94 22 35 27 80 29 20 51 71 20 % 20 71 51 20 29 80 27 35 22 94 33 7 58
5 6 22 37 49 15 40 55 5 23 35 61 52 % 52 61 35 23 5 55 40 15 49 37 22 6 5
62 52 38 83 85 18 44 % 44 18 85 83 38 52 62
42 35 47 6 55 92 28 % 28 92 55 6 47 35 42
25 13 59 34 83 7 0 28 17 67 58 53 98 % 98 53 58 67 17 28 0 7 83 34 59 13 25
36 22 24 93 50 76 62 % 62 76 50 93 24 22 36
57 76 89 96 2 27 87 % 87 27 2 96 89 76 57
92 0 93 95 1 35 94 % 94 35 1 95 93 0 92
1 16 15 36 29 25 7 92 49 99 2 83 77 % 77 83 2 99 49 92 7 25 29 36 15 16 1
48 32 5 64 47 34 88 28 53 64 76 12 44 % 44 12 76 64 53 28 88 34 47 64 5 32 48
0 39 51 51 22 61 84 % 84 61 22 51 51 39 0
98 39 0 33 76 26 15 56 64 61 69 33 80 % 80 33 69 61 64 56 15 26 76 33 0 39 98
5 94 48 18 87 47 65 57 45 21 83 68 97 % 97 68 83 21 45 57 65 47 87 18 48 94 5
13 5 49 85 91 81 93 86 46 46 72 17 11 % 11 17 72 46 46 86 93 81 91 85 49 5 13
43 94 73 12 99 43 72 33 95 16 91 11 73 % 73 11 91 16 95 33 72 43 99 12 73 94 43
91 99 85 82 7 92 55 % 55 92 7 82 85 99 91
15 23 64 26 81 13 40 52 48 57 62 95 95 % 95 95 62 57 48 52 40 13 81 26 64 23 15
97 83 56 14 46 85 47 % 47 85 46 14 56 83 97
0 79 4 79 25 12 58 % 58 12 25 79 4 79 0
68 87 36 29 2 0 4 68 44 1 68 31 10 % 10 31 68 1 44 68 4 0 2 29 36 87 68
78 41 43 21 88 11 56 % 56 11 88 21 43 41 78
70 46 12 53 0 46 89 75 90 68 53 33 34 % 34 33 53 68 90 75 89 46 0 53 12 46 70
47 61 45 24 97 36 45 45 40 15 52 20 19 % 19 20 52 15 40 45 45 36 97 24 45 61 47
15 60 58 76 45 56 89 % 89 56 45 76 58 60 15
5 13 57 2 16 18 23 % 23 18 16 2 57 13 5
68 4 24 75 74 43 48 % 48 43 74 75 24 4 68
23 15 14 59 99 58 10 81 69 82 77 17 56 % 56 17 77 82 69 81 10 58 99 59 14 15 23
94 88 53 73 6 45 19 % 19 45 6 73 53 88 94
73 72 16 3 56 3 95 68 85 24 15 83 4 % 4 83 15 24 85 68 95 3 56 3 16 72 73
57 11 7 80 48 53 44 4 20 83 65 43 3 % 3 43 65 83 20 4 44 53 48 80 7 11 57
85 37 67 61 54 71 14 % 14 71 54 61 67 37 85
29 57 51 71 11 74 67 78 89 56 67 85 34 % 34 85 67 56 89 78 67 74 11 71 51 57 29
53 74 76 36 12 71 10 % 10 71 12 36 76 74 53
18 14 57 8 15 20 61 99 30 37 71 7 51 % 51 7 71 37 30 99 61 20 15 8 57 14 18
76 38 76 8 8 64 97 % 97 64 8 8 76 38 76
73 60 74 42 97 56 94 % 94 56 97 42 74 60 73
44 43 24 42 26 38 53 % 53 38 26 42 24 43 44
1 27 20 72 14 60 53 % 53 60 14 72 20 27 1
39 93 55 97 36 45 83 % 83 45 36 97 55 93 39
80 25 49 0 56 90 82 % 82 90 56 0 49 25 80
59 76 54 44 51 12 9 18 64 37 11 2 65 % 65 2 11 37 64 18 9 12 51 44 54 76 59
72 41 90 9 1 72 51 68 84 89 62 76 19 % 19 76 62 89 84 68 51 72 1 9 90 41 72
25 23 50 83 87 22 69 % 69 22 87 83 50 23 25
63 42 98 84 16 84 50 81 65 62 7 99 24 % 24 99 7 62 65 81 50 84 16 84 98 42 63
14 49 30 66 23 56 34 % 34 56 23 66 30 49 14
14 13 45 96 58 89 53 21 56 23 47 69 53 % 53 69 47 23 56 21 53 89 58 96 45 13 14
10 67 53 39 75 23 10 % 10 23 75 39 53 67 10
10 31 90 57 88 7 4 % 4 7 88 57 90 31 10
38 66 55 70 98 28 7 12 85 65 74 33 0 % 0 33 74 65 85 12 7 28 98 70 55 66 38
74 39 7 77 87 33 48 46 76 19 20 4 61 % 61 4 20 19 76 46 48 33 87 77 7 39 74
53 53 39 54 13 18 83 % 83 18 13 54 39 53 53
20 89 51 91 99 44 67 % 67 44 99 91 51 89 20
45 0 11 38 0 16 65 % 65 16 0 38 11 0 45
38 55 61 22 75 72 92 % 92 72 75 22 61 55 38
78 89 73 72 76 4 55 % 55 4 76 72 73 89 78
83 15 19 11 81 94 50 10 78 93 21 96 2 % 2 96 21 93 78 10 50 94 81 11 19 15 83
46 96 34 2 4 28 77 76 12 73 17 25 51 % 51 25 17 73 12 76 77 28 4 2 34 96 46
55 2 15 10 22 43 57 % 57 43 22 10 15 2 55
53 77 8 54 86 35 17 33 94 61 27 98 93 % 93 98 27 61 94 33 17 35 86 54 8 77 53
5 53 23 11 60 84 28 12 2 64 28 25 75 % 75 25 28 64 2 12 28 84 60 11 23 53 5
84 63 36 65 70 92 53 53 93 15 76 49 12 % 12 49 76 15 93 53 53 92 70 65 36 63 84
0 75 48 66 26 60 84 92 78 33 32 53 79 % 79 53 32 33 78 92 84 60 26 66 48 75 0
5 53 58 75 77 35 20 37 56 55 55 73 9 % 9 73 55 55 56 37 20 35 77 75 58 53 5
90 90 51 32 11 12 77 3 58 46 10 26 48 % 48 26 10 46 58 3 77 12 11 32 51 90 90
33 77 61 20 32 55 91 18 97 42 74 4 37 % 37 4 74 42 97 18 91 55 32 20 61 77 33
21 42 70 2 89 58 91 % 91 58 89 2 70 42 21
61 58 22 90 25 61 0 10 7 67 9 4 82 % 82 4 9 67 7 10 0 61 25 90 22 58 61
38 1 95 95 52 20 65 % 65 20 52 95 95 1 38
84 29 4 5 97 21 10 25 87 20 9 55 71 % 71 55 9 20 87 25 10 21 97 5 4 29 84
92 91 12 49 89 99 35 % 35 99 89 49 12 91 92
20 22 51 49 10 21 82 57 94 92 45 9 23 % 23 9 45 92 94 57 82 21 10 49 51 22 20
27 15 12 37 48 5 26 % 26 5 48 37 12 15 27
38 4 35 82 4 35 95 8 71 63 69 97 97 % 97 97 69 63 71 8 95 35 4 82 35 4 38
36 19 62 37 6 34 86 % 86 34 6 37 62 19 36
37 11 5 21 65 83 74 98 23 52 31 45 1 % 1 45 31 52 23 98 74 83 65 21 5 11 37
18 72 51 77 25 69 57 72 24 74 68 12 67 % 67 12 68 74 24 72 57 69 25 77 51 72 18
77 23 97 12 65 10 32 1 9 6 66 32 91 % 91 32 66 6 9 1 32 10 65 12 97 23 77
78 13 66 11 4 15 32 % 32 15 4 11 66 13 78
4 6 27 8 81 0 32 36 81 5 3 92 68 % 68 92 3 5 81 36 32 0 81 8 27 6 4
67 11 75 77 23 51 26 % 26 51 23 77 75 11 67
46 48 62 7 5 41 47 % 47 41 5 7 62 48 46
85 28 72 17 8 4 9 69 85 98 53 42 89 % 89 42 53 98 85 69 9 4 8 17 72 28 85
29 85 52 55 34 52 2 23 20 70 39 55 22 % 22 55 39 70 20 23 2 52 34 55 52 85 29
32 62 66 86 40 70 16 32 44 13 57 44 13 % 13 44 57 13 44 32 16 70 40 86 66 62 32
84 0 50 28 59 67 40 % 40 67 59 28 50 0 84
49 89 72 29 14 66 93 37 1 74 78 96 91 % 91 96 78 74 1 37 93 66 14 29 72 89 49
25 24 3 42 27 8 86 87 85 14 61 99 81 % 81 99 61 14 85 87 86 8 27 42 3 24 25
49 30 50 9 3 2 25 % 25 2 3 9 50 30 49
0 63 3 67 11 22 14 77 17 56 76 72 75 % 75 72 76 56 17 77 14 22 11 67 3 63 0
50 8 13 88 17 34 27 % 27 34 17 88 13 8 50
24 63 27 91 89 66 84 % 84 66 89 91 27 63 24
56 71 20 76 98 32 60 % 60 32 98 76 20 71 56
5 19 25 66 60 40 65 % 65 40 60 66 25 19 5
32 67 11 23 54 71 67 61 68 4 28 11 0 % 0 11 28 4 68 61 67 71 54 23 11 67 32
82 51 49 22 69 75 38 % 38 75 69 22 49 51 82
34 66 88 78 91 18 83 % 83 18 91 78 88 66 34
22 87 90 99 2 71 22 94 69 46 60 59 84 % 84 59 60 46 69 94 22 71 2 99 90 87 22
25 78 63 11 84 44 15 90 35 16 80 1 96 % 96 1 80 16 35 90 15 44 84 11 63 78 25
81 89 98 30 10 9 92 54 18 99 89 20 63 % 63 20 89 99 18 54 92 9 10 30 98 89 81
77 99 33 42 5 19 98 % 98 19 5 42 33 99 77
63 80 8 69 79 57 38 0 9 58 1 59 89 % 89 59 1 58 9 0 38 57 79 69 8 80 63
97 69 18 45 61 63 34 % 34 63 61 45 18 69 97
89 77 5 46 22 16 26 % 26 16 22 46 5 77 89
55 39 3 82 48 14 30 % 30 14 48 82 3 39 55
25 86 70 7 54 29 40 % 40 29 54 7 70 86 25
5 39 26 53 73 76 98 % 98 76 73 53 26 39 5
60 99 26 4 4 51 45 61 41 60 55 62 29 % 29 62 55 60 41 61 45 51 4 4 26 99 60
74 20 97 80 47 40 15 % 15 40 47 80 97 20 74
80 4 55 84 84 33 74 % 74 33 84 84 55 4 80
50 36 51 78 12 95 68 65 54 76 10 85 32 % 32 85 10 76 54 65 68 95 12 78 51 36 50
74 60 47 48 44 40 94 68 26 44 70 85 21 % 21 85 70 44 26 68 94 40 44 48 47 60 74
93 91 17 29 96 81 11 % 11 81 96 29 17 91 93
38 58 25 49 9 44 86 39 1 92 82 93 83 % 83 93 82 92 1 39 86 44 9 49 25 58 38
23 53 81 86 42 72 24 45 46 56 4 52 73 % 73 52 4 56 46 45 24 72 42 86 81 53 23
92 21 88 83 91 9 50 13 84 39 89 45 29 % 29 45 89 39 84 13 50 9 91 83 88 21 92
7 27 86 6 29 2 6 % 6 2 29 6 86 27 7
32 67 0 12 45 80 8 54 72 81 89 28 82 % 82 28 89 81 72 54 8 80 45 12 0 67 32
37 34 10 76 53 50 78 % 78 50 53 76 10 34 37
10 73 27 63 49 69 37 % 37 69 49 63 27 73 10
67 72 51 40 85 11 46 % 46 11 85 40 51 72 67
15 25 15 58 49 16 65 48 94 17 22 90 95 % 95 90 22 17 94 48 65 16 49 58 15 25 15
70 61 10 39 85 29 21 % 21 29 85 39 10 61 70
96 17 51 69 83 58 93 61 7 92 56 29 7 % 7 29 56 92 7 61 93 58 83 69 51 17 96
96 82 8 86 82 98 93 33 49 72 74 3 32 % 32 3 74 72 49 33 93 98 82 86 8 82 96
14 49 12 1 29 28 46 % 46 28 29 1 12 49 14
11 89 28 2 8 9 71 89 98 76 36 51 21 % 21 51 36 76 98 89 71 9 8 2 28 89 11
88 49 71 12 73 41 19 % 19 41 73 12 71 49 88
90 52 10 20 86 66 73 % 73 66 86 20 10 52 90
53 14 71 30 95 15 16 % 16 15 95 30 71 14 53
29 59 43 70 15 5 88 % 88 5 15 70 43 59 29
86 59 56 44 33 21 12 30 94 38 67 41 72 % 72 41 67 38 94 30 12 21 33 44 56 59 86
91 67 90 18 32 17 81 % 81 17 32 18 90 67 91
68 5 32 55 1 17 58 % 58 17 1 55 32 5 68
32 80 70 79 89 59 21 % 21 59 89 79 70 80 32
52 47 1 71 97 74 39 65 69 83 84 19 5 % 5 19 84 83 69 65 39 74 97 71 1 47 52
3 79 38 22 52 84 55 39 4 90 13 37 92 % 92 37 13 90 4 39 55 84 52 22 38 79 3
25 16 31 12 47 71 75 % 75 71 47 12 31 16 25
72 66 82 34 26 96 97 % 97 96 26 34 82 66 72
56 93 32 59 80 18 62 57 14 83 16 53 69 % 69 53 16 83 14 57 62 18 80 59 32 93 56
53 60 83 54 84 47 12 93 77 75 33 82 62 % 62 82 33 75 77 93 12 47 84 54 83 60 53
14 61 1 72 45 30 42 % 42 30 45 72 1 61 14
42 89 73 28 28 66 63 % 63 66 28 28 73 89 42
51 90 60 5 32 79 81 51 5 69 12 1 94 % 94 1 12 69 5 51 81 79 32 5 60 90 51
65 29 30 26 48 27 68 % 68 27 48 26 30 29 65
87 86 78 8 86 95 28 22 50 91 62 6 52 % 52 6 62 91 50 22 28 95 86 8 78 86 87
43 11 51 56 87 77 14 % 14 77 87 56 51 11 43
51 64 16 40 94 34 12 % 12 34 94 40 16 64 51
92 39 31 82 23 70 52 % 52 70 23 82 31 39 92
17 68 79 48 69 47 7 98 62 43 32 98 98 % 98 98 32 43 62 98 7 47 69 48 79 68 17
53 78 15 61 76 19 71 % 71 19 76 61 15 78 53
97 87 90 78 45 38 2 30 14 21 21 29 84 % 84 29 21 21 14 30 2 38 45 78 90 87 97
30 0 72 94 80 22 59 % 59 22 80 94 72 0 30
17 23 34 28 11 66 38 56 90 2 40 54 54 % 54 54 40 2 90 56 38 66 11 28 34 23 17
60 22 10 54 26 95 33 % 33 95 26 54 10 22 60
21 3 46 49 3 53 39 46 55 86 90 89 80 % 80 89 90 86 55 46 39 53 3 49 46 3 21
28 69 54 38 82 84 53 % 53 84 82 38 54 69 28
25 10 93 32 16 38 43 % 43 38 16 32 93 10 25
86 58 68 95 35 21 89 84 69 94 1 25 71 % 71 25 1 94 69 84 89 21 35 95 68 58 86
51 66 67 15 42 32 89 % 89 32 42 15 67 66 51
88 94 20 58 72 26 18 % 18 26 72 58 20 94 88
65 26 37 31 9 87 95 % 95 87 9 31 37 26 65
48 59 94 93 42 90 66 83 17 55 62 19 69 % 69 19 62 55 17 83 66 90 42 93 94 59 48
30 38 94 66 79 67 56 21 48 43 54 88 75 % 75 88 54 43 48 21 56 67 79 66 94 38 30
78 3 94 71 59 13 15 68 52 43 86 68 37 % 37 68 86 43 52 68 15 13 59 71 94 3 78
72 75 95 62 61 97 17 % 17 97 61 62 95 75 72
77 13 49 31 44 59 52 40 45 8 80 41 69 % 69 41 80 8 45 40 52 59 44 31 49 13 77
60 17 39 55 58 62 17 % 17 62 58 55 39 17 60
1 39 49 82 16 36 48 % 48 36 16 82 49 39 1
17 1 71 83 71 49 28 44 8 14 98 50 0 % 0 50 98 14 8 44 28 49 71 83 71 1 17
90 96 52 64 51 24 18 % 18 24 51 64 52 96 90
25 1 27 73 70 46 36 % 36 46 70 73 27 1 25
29 95 75 75 12 77 89 82 24 67 19 30 69 % 69 30 19 67 24 82 89 77 12 75 75 95 29
98 51 83 4 2 10 64 13 82 1 17 58 69 % 69 58 17 1 82 13 64 10 2 4 83 51 98
96 13 7 26 60 0 51 57 45 9 92 10 68 % 68 10 92 9 45 57 51 0 60 26 7 13 96
37 39 26 55 82 4 14 98 65 98 70 12 93 % 93 12 70 98 65 98 14 4 82 55 26 39 37
73 34 96 48 28 99 84 % 84 99 28 48 96 34 73
38 30 83 80 98 44 89 43 27 72 97 41 98 % 98 41 97 72 27 43 89 44 98 80 83 30 38
1 84 50 48 5 89 3 % 3 89 5 48 50 84 1
92 63 43 23 79 22 92 % 92 22 79 23 43 63 92
9 88 68 14 99 67 8 70 47 41 80 87 62 % 62 87 80 41 47 70 8 67 99 14 68 88 9
17 0 2 9 53 77 67 1 74 39 34 29 65 % 65 29 34 39 74 1 67 77 53 9 2 0 17
68 17 47 55 23 38 1 22 8 6 9 93 82 % 82 93 9 6 8 22 1 38 23 55 47 17 68
71 49 50 25 62 0 44 % 44 0 62 25 50 49 71
66 87 34 55 32 30 80 % 80 30 32 55 34 87 66
17 70 60 5 36 62 45 % 45 62 36 5 60 70 17
52 42 12 90 29 67 24 13 50 83 22 43 35 % 35 43 22 83 50 13 24 67 29 90 12 42 52
65 30 39 91 37 74 58 % 58 74 37 91 39 30 65
19 68 47 91 59 24 28 % 28 24 59 91 47 68 19
60 49 7 95 52 15 77 23 15 55 7 28 88 % 88 28 7 55 15 23 77 15 52 95 7 49 60
79 59 5 81 50 80 9 % 9 80 50 81 5 59 79
68 61 8 17 95 31 87 % 87 31 95 17 8 61 68
19 42 32 62 33 40 25 % 25 40 33 62 32 42 19
97 95 58 88 5 73 17 % 17 73 5 88 58 95 97
63 38 84 74 20 41 56 % 56 41 20 74 84 38 63
71 18 37 60 17 3 85 67 51 52 80 79 2 % 2 79 80 52 51 67 85 3 17 60 37 18 71
46 6 65 52 32 69 45 22 71 16 94 37 59 % 59 37 94 16 71 22 45 69 32 52 65 6 46
77 0 62 47 39 12 74 % 74 12 39 47 62 0 77
99 23 25 28 10 94 37 60 75 59 30 65 66 % 66 65 30 59 75 60 37 94 10 28 25 23 99
66 75 51 16 73 61 24 64 64 9 21 28 60 % 60 28 21 9 64 64 24 61 73 16 51 75 66
22 57 83 24 86 14 1 % 1 14 86 24 83 57 22
3 46 88 79 0 33 27 18 32 10 60 49 53 % 53 49 60 10 32 18 27 33 0 79 88 46 3
8 44 22 46 80 91 27 83 65 29 87 59 20 % 20 59 87 29 65 83 27 91 80 46 22 44 8
23 85 5 68 59 68 71 28 9 22 96 91 98 % 98 91 96 22 9 28 71 68 59 68 5 85 23
89 68 6 28 68 94 43 5 47 24 37 62 34 % 34 62 37 24 47 5 43 94 68 28 6 68 89
63 34 4 33 26 62 85 95 22 64 60 93 9 % 9 93 60 64 22 95 85 62 26 33 4 34 63
74 8 54 10 98 73 81 53 69 1 43 60 23 % 23 60 43 1 69 53 81 73 98 10 54 8 74
87 41 96 82 53 75 96 % 96 75 53 82 96 41 87
27 50 33 38 89 29 34 % 34 29 89 38 33 50 27
62 97 10 70 71 74 91 % 91 74 71 70 10 97 62
86 69 75 92 56 36 92 % 92 36 56 92 75 69 86
25 59 49 60 80 45 37 % 37 45 80 60 49 59 25
31 93 74 41 70 6 47 62 99 54 29 85 16 % 16 85 29 54 99 62 47 6 70 41 74 93 31
66 63 60 51 73 11 38 % 38 11 73 51 60 63 66
0 25 12 83 73 66 60 57 16 0 14 16 59 % 59 16 14 0 16 57 60 66 73 83 12 25 0
37 46 70 43 29 40 38 % 38 40 29 43 70 46 37
65 41 4 11 79 15 82 % 82 15 79 11 4 41 65
77 98 42 53 0 1 60 14 84 0 19 72 70 % 70 72 19 0 84 14 60 1 0 53 42 98 77
8 46 22 37 4 3 32 28 73 46 37 73 87 % 87 73 37 46 73 28 32 3 4 37 22 46 8
45 41 25 18 94 51 85 55 53 1 8 83 78 % 78 83 8 1 53 55 85 51 94 18 25 41 45
92 89 49 97 67 11 84 56 26 0 29 1 12 % 12 1 29 0 26 56 84 11 67 97 49 89 92
84 96 14 80 90 6 95 39 11 79 84 51 5 % 5 51 84 79 11 39 95 6 90 80 14 96 84
83 51 12 54 39 79 56 % 56 79 39 54 12 51 83
83 51 95 85 21 84 36 86 57 5 98 26 70 % 70 26 98 5 57 86 36 84 21 85 95 51 83
29 65 97 16 43 17 24 % 24 17 43 16 97 65 29
35 37 62 98 80 45 60 96 25 91 25 89 28 % 28 89 25 91 25 96 60 45 80 98 62 37 35
65 37 78 66 23 89 76 4 91 28 56 92 24 % 24 92 56 28 91 4 76 89 23 66 78 37 65
67 13 58 68 33 42 79 % 79 42 33 68 58 13 67
93 25 82 10 32 22 34 % 34 22 32 10 82 25 93
42 31 84 50 45 22 54 % 54 22 45 50 84 31 42
91 58 60 86 91 30 65 % 65 30 91 86 60 58 91
62 17 71 1 34 63 0 37 17 48 59 17 45 % 45 17 59 48 17 37 0 63 34 1 71 17 62
28 32 82 23 21 69 67 % 67 69 21 23 82 32 28
41 81 94 19 75 0 50 39 68 21 39 72 54 % 54 72 39 21 68 39 50 0 75 19 94 81 41
37 21 64 3 18 30 62 % 62 30 18 3 64 21 37
68 44 84 48 67 89 65 % 65 89 67 48 84 44 68
15 38 65 6 66 16 28 % 28 16 66 6 65 38 15
1 67 52 1 83 37 55 18 66 79 46 53 18 % 18 53 46 79 66 18 55 37 83 1 52 67 1
22 20 56 63 19 18 15 75 78 33 90 83 52 % 52 83 90 33 78 75 15 18 19 63 56 20 22
89 6 31 29 67 83 75 % 75 83 67 29 31 6 89
34 10 26 43 51 44 23 % 23 44 51 43 26 10 34
75 22 26 31 0 99 41 40 69 82 90 52 53 % 53 52 90 82 69 40 41 99 0 31 26 22 75
31 39 15 11 68 56 2 % 2 56 68 11 15 39 31
97 26 36 62 25 93 83 % 83 93 25 62 36 26 97
71 99 68 90 6 86 25 23 80 92 20 39 67 % 67 39 20 92 80 23 25 86 6 90 68 99 71
82 76 31 13 79 16 6 62 61 7 85 11 1 % 1 11 85 7 61 62 6 16 79 13 31 76 82
3 25 8 35 82 59 0 97 33 54 38 14 58 % 58 14 38 54 33 97 0 59 82 35 8 25 3
81 20 92 1 77 84 85 % 85 84 77 1 92 20 81
97 53 35 49 44 87 0 % 0 87 44 49 35 53 97
89 2 24 44 8 43 34 % 34 43 8 44 24 2 89
35 44 58 85 75 49 19 26 76 30 2 84 12 % 12 84 2 30 76 26 19 49 75 85 58 44 35
27 79 31 19 51 95 20 60 32 48 1 64 50 % 50 64 1 48 32 60 20 95 51 19 31 79 27
55 28 58 69 18 88 28 76 60 68 6 85 85 % 85 85 6 68 60 76 28 88 18 69 58 28 55
74 86 51 87 81 59 21 % 21 59 81 87 51 86 74
60 79 36 72 38 12 64 % 64 12 38 72 36 79 60
44 24 69 17 51 66 27 % 27 66 51 17 69 24 44
4 71 87 92 54 46 16 % 16 46 54 92 87 71 4
86 21 99 24 13 13 53 % 53 13 13 24 99 21 86
41 95 35 41 37 52 5 % 5 52 37 41 35 95 41
41 12 97 48 79 24 24 74 89 38 15 30 1 % 1 30 15 38 89 74 24 24 79 48 97 12 41
42 42 66 7 69 32 50 % 50 32 69 7 66 42 42
20 37 25 99 58 70 7 23 86 69 93 37 89 % 89 37 93 69 86 23 7 70 58 99 25 37 20
28 29 96 9 19 47 60 % 60 47 19 9 96 29 28
43 73 59 18 29 22 98 89 12 6 52 43 84 % 84 43 52 6 12 89 98 22 29 18 59 73 43
62 85 31 84 56 7 45 83 6 80 87 27 52 % 52 27 87 80 6 83 45 7 56 84 31 85 62
78 74 10 55 58 82 49 % 49 82 58 55 10 74 78
29 7 79 38 70 86 64 75 59 48 7 9 76 % 76 9 7 48 59 75 64 86 70 38 79 7 29
34 51 91 88 93 50 35 3 59 22 95 62 61 % 61 62 95 22 59 3 35 50 93 88 91 51 34
22 69 91 63 60 40 3 % 3 40 60 63 91 69 22
79 96 60 81 24 92 11 % 11 92 24 81 60 96 79
68 95 95 43 89 23 65 88 67 97 59 21 50 % 50 21 59 97 67 88 65 23 89 43 95 95 68
17 97 56 51 49 90 19 % 19 90 49 51 56 97 17
73 29 90 91 15 72 26 73 68 76 14 37 81 % 81 37 14 76 68 73 26 72 15 91 90 29 73
50 49 19 93 71 62 39 % 39 62 71 93 19 49 50
37 85 86 14 72 1 27 % 27 1 72 14 86 85 37
7 60 69 84 80 91 84 76 39 24 20 99 23 % 23 99 20 24 39 76 84 91 80 84 69 60 7
57 8 52 44 11 34 0 % 0 34 11 44 52 8 57
40 55 51 6 15 70 78 45 92 62 2 56 88 % 88 56 2 62 92 45 78 70 15 6 51 55 40
39 13 54 4 85 67 37 41 43 21 43 97 69 % 69 97 43 21 43 41 37 67 85 4 54 13 39
8 88 81 25 46 9 72 % 72 9 46 25 81 88 8
77 79 46 23 49 52 40 16 67 85 99 41 86 % 86 41 99 85 67 16 40 52 49 23 46 79 77
81 1 27 94 15 16 18 % 18 16 15 94 27 1 81
73 48 35 92 98 12 80 % 80 12 98 92 35 48 73
6 21 78 35 18 23 42 % 42 23 18 35 78 21 6
0 64 31 87 19 55 48 % 48 55 19 87 31 64 0
77 16 69 80 6 80 86 83 81 54 40 23 55 % 55 23 40 54 81 83 86 80 6 80 69 16 77
47 11 87 35 70 80 78 % 78 80 70 35 87 11 47
13 76 78 93 2 84 80 44 74 17 41 19 8 % 8 19 41 17 74 44 80 84 2 93 78 76 13
39 35 76 75 34 5 25 % 25 5 34 75 76 35 39
6 22 32 39 68 69 88 % 88 69 68 39 32 22 6
40 43 36 11 14 55 41 3 67 69 90 22 57 % 57 22 90 69 67 3 41 55 14 11 36 43 40
84 14 45 23 36 8 25 68 90 68 91 86 89 % 89 86 91 68 90 68 25 8 36 23 45 14 84
25 90 17 50 29 26 11 % 11 26 29 50 17 90 25
28 84 81 93 36 29 9 % 9 29 36 93 81 84 28
72 70 2 34 83 73 84 57 44 70 72 30 65 % 65 30 72 70 44 57 84 73 83 34 2 70 72
20 36 39 16 65 18 2 87 75 52 20 68 39 % 39 68 20 52 75 87 2 18 65 16 39 36 20
34 71 17 5 53 54 1 81 69 66 40 8 6 % 6 8 40 66 69 81 1 54 53 5 17 71 34
9 28 73 69 72 30 63 45 26 27 48 42 51 % 51 42 48 27 26 45 63 30 72 69 73 28 9
14 42 81 98 86 35 14 23 57 53 89 51 43 % 43 51 89 53 57 23 14 35 86 98 81 42 14
19 99 69 19 41 80 81 % 81 80 41 19 69 99 19
37 47 58 84 60 51 35 94 92 21 32 14 5 % 5 14 32 21 92 94 35 51 60 84 58 47 37
86 81 60 52 71 31 54 70 46 71 10 55 3 % 3 55 10 71 46 70 54 31 71 52 60 81 86
94 8 41 14 98 0 18 57 26 12 3 66 74 % 74 66 3 12 26 57 18 0 98 14 41 8 94
7 84 46 94 14 18 50 32 67 27 3 2 72 % 72 2 3 27 67 32 50 18 14 94 46 84 7
46 22 62 62 11 99 11 % 11 99 11 62 62 22 46
80 26 56 24 8 54 44 61 28 66 8 57 96 % 96 57 8 66 28 61 44 54 8 24 56 26 80
69 79 50 21 51 33 92 13 93 1 75 17 84 % 84 17 75 1 93 13 92 33 51 21 50 79 69
99 43 52 8 80 63 41 % 41 63 80 8 52 43 99
47 5 77 58 71 74 96 % 96 74 71 58 77 5 47
99 30 21 46 10 33 39 % 39 33 10 46 21 30 99
62 74 2 66 90 66 16 % 16 66 90 66 2 74 62
13 62 59 77 94 21 42 94 37 29 21 14 4 % 4 14 21 29 37 94 42 21 94 77 59 62 13
33 8 55 22 30 79 82 % 82 79 30 22 55 8 33
66 65 62 53 9 26 53 95 11 63 20 3 2 % 2 3 20 63 11 95 53 26 9 53 62 65 66
28 37 33 56 64 97 50 % 50 97 64 56 33 37 28
29 60 35 33 5 52 72 % 72 52 5 33 35 60 29
17 41 98 54 57 17 31 % 31 17 57 54 98 41 17
72 40 77 75 69 90 91 45 89 35 16 63 84 % 84 63 16 35 89 45 91 90 69 75 77 40 72
73 97 75 23 71 28 51 % 51 28 71 23 75 97 73
95 40 59 33 71 52 13 % 13 52 71 33 59 40 95
55 49 89 81 73 27 59 55 17 80 34 88 92 % 92 88 34 80 17 55 59 27 73 81 89 49 55
92 96 32 93 40 6 55 4 81 31 98 55 16 % 16 55 98 31 81 4 55 6 40 93 32 96 92
66 88 61 99 65 56 97 % 97 56 65 99 61 88 66
96 12 86 69 73 7 23 84 48 63 70 25 53 % 53 25 70 63 48 84 23 7 73 69 86 12 96
12 30 58 93 21 2 98 42 30 65 30 98 8 % 8 98 30 65 30 42 98 2 21 93 58 30 12
14 22 24 97 87 68 4 % 4 68 87 97 24 22 14
20 43 78 44 32 9 36 85 36 30 95 31 1 % 1 31 95 30 36 85 36 9 32 44 78 43 20
67 26 47 44 11 51 76 46 19 77 40 82 47 % 47 82 40 77 19 46 76 51 11 44 47 26 67
55 76 6 52 1 21 71 28 66 19 49 92 73 % 73 92 49 19 66 28 71 21 1 52 6 76 55
80 68 65 87 58 92 40 18 21 49 18 5 46 % 46 5 18 49 21 18 40 92 58 87 65 68 80
3 58 35 99 10 49 7 % 7 49 10 99 35 58 3
53 91 4 74 62 29 49 % 49 29 62 74 4 91 53
23 83 7 60 98 47 88 % 88 47 98 60 7 83 23
10 5 37 61 70 79 74 90 38 33 44 94 45 % 45 94 44 33 38 90 74 79 70 61 37 5 10
66 88 18 54 60 60 84 11 90 93 93 91 64 % 64 91 93 93 90 11 84 60 60 54 18 88 66
5 5 95 22 27 96 15 % 15 96 27 22 95 5 5
74 51 66 64 7 99 72 54 37 71 9 68 67 % 67 68 9 71 37 54 72 99 7 64 66 51 74
20 21 53 96 57 99 87 % 87 99 57 96 53 21 20
40 28 36 45 88 93 78 48 24 24 73 8 13 % 13 8 73 24 24 48 78 93 88 45 36 28 40
46 14 99 17 14 36 57 % 57 36 14 17 99 14 46
37 53 56 74 95 38 59 32 53 7 80 19 6 % 6 19 80 7 53 32 59 38 95 74 56 53 37
58 65 89 99 90 63 51 % 51 63 90 99 89 65 58
99 61 84 8 20 43 60 % 60 43 20 8 84 61 99
13 1 93 84 2 65 94 % 94 65 2 84 93 1 13
95 36 95 55 76 0 71 24 82 82 22 96 54 % 54 96 22 82 82 24 71 0 76 55 95 36 95
72 17 26 40 21 71 22 86 44 38 9 1 30 % 30 1 9 38 44 86 22 71 21 40 26 17 72
43 5 19 3 17 51 44 75 19 26 46 86 29 % 29 86 46 26 19 75 44 51 17 3 19 5 43
75 54 29 8 85 91 85 % 85 91 85 8 29 54 75
14 76 95 73 73 78 10 53 65 22 91 74 99 % 99 74 91 22 65 53 10 78 73 73 95 76 14
16 30 81 4 68 63 77 43 53 96 0 83 21 % 21 83 0 96 53 43 77 63 68 4 81 30 16
2 95 47 75 90 89 64 % 64 89 90 75 47 95 2
58 90 82 71 73 26 21 % 21 26 73 71 82 90 58
6 14 63 94 43 22 74 58 18 4 72 77 13 % 13 77 72 4 18 58 74 22 43 94 63 14 6
21 80 46 8 10 76 60 % 60 76 10 8 46 80 21
44 26 31 14 99 60 33 3 17 98 5 11 96 % 96 11 5 98 17 3 33 60 99 14 31 26 44
18 63 76 43 57 79 55 3 47 57 38 50 25 % 25 50 38 57 47 3 55 79 57 43 76 63 18
42 26 80 85 61 75 35 % 35 75 61 85 80 26 42
24 62 0 7 49 41 39 % 39 41 49 7 0 62 24
41 7 6 97 35 52 11 % 11 52 35 97 6 7 41
4 51 53 24 25 6 9 40 58 32 68 52 7 % 7 52 68 32 58 40 9 6 25 24 53 51 4
56 61 65 28 68 73 83 % 83 73 68 28 65 61 56
1 90 90 79 39 80 18 % 18 80 39 79 90 90 1
56 45 8 49 34 49 68 0 16 74 4 21 66 % 66 21 4 74 16 0 68 49 34 49 8 45 56
51 76 0 9 42 76 91 % 91 76 42 9 0 76 51
91 87 54 44 24 2 20 % 20 2 24 44 54 87 91
78 57 79 17 33 96 13 5 24 9 87 67 71 % 71 67 87 9 24 5 13 96 33 17 79 57 78
7 29 18 34 37 29 88 86 0 7 48 16 99 % 99 16 48 7 0 86 88 29 37 34 18 29 7
54 80 81 37 96 44 28 % 28 44 96 37 81 80 54
46 95 90 85 1 68 33 % 33 68 1 85 90 95 46
6 0 90 34 70 74 67 7 56 10 72 68 70 % 70 68 72 10 56 7 67 74 70 34 90 0 6
82 62 37 15 6 80 98 % 98 80 6 15 37 62 82
33 71 18 9 70 49 13 % 13 49 70 9 18 71 33
17 65 70 67 79 10 39 24 56 36 49 17 48 % 48 17 49 36 56 24 39 10 79 67 70 65 17
67 15 96 26 16 38 41 47 16 95 27 85 62 % 62 85 27 95 16 47 41 38 16 26 96 15 67
61 48 39 35 21 45 21 85 96 60 87 19 5 % 5 19 87 60 96 85 21 45 21 35 39 48 61
70 61 62 7 12 46 21 4 11 28 91 72 69 % 69 72 91 28 11 4 21 46 12 7 62 61 70
25 39 14 50 0 84 60 % 60 84 0 50 14 39 25
22 28 59 56 84 42 56 46 83 38 19 52 81 % 81 52 19 38 83 46 56 42 84 56 59 28 22
32 93 92 39 33 78 5 % 5 78 33 39 92 93 32
18 28 45 45 75 18 26 % 26 18 75 45 45 28 18
74 35 99 39 71 17 22 94 66 26 14 37 40 % 40 37 14 26 66 94 22 17 71 39 99 35 74
33 93 1 67 24 93 29 36 3 52 44 43 18 % 18 43 44 52 3 36 29 93 24 67 1 93 33
89 54 8 8 81 27 37 60 74 60 42 75 3 % 3 75 42 60 74 60 37 27 81 8 8 54 89
21 25 45 15 98 20 33 % 33 20 98 15 45 25 21
30 77 70 73 44 13 78 49 17 5 55 11 89 % 89 11 55 5 17 49 78 13 44 73 70 77 30
3 66 22 19 52 57 43 53 31 52 51 60 19 % 19 60 51 52 31 53 43 57 52 19 22 66 3
51 10 90 7 47 25 64 % 64 25 47 7 90 10 51
80 36 21 37 65 44 77 41 37 5 68 27 38 % 38 27 68 5 37 41 77 44 65 37 21 36 80
30 22 4 77 86 43 86 5 49 39 31 83 97 % 97 83 31 39 49 5 86 43 86 77 4 22 30
93 16 78 45 1 59 57 % 57 59 1 45 78 16 93
2 29 86 42 11 5 34 % 34 5 11 42 86 29 2
62 75 35 62 82 67 27 % 27 67 82 62 35 75 62
53 54 36 19 94 12 67 9 79 8 7 72 66 % 66 72 7 8 79 9 67 12 94 19 36 54 53
63 30 75 22 56 8 97 % 97 8 56 22 75 30 63
13 75 1 8 26 36 36 % 36 36 26 8 1 75 13
60 49 78 3 92 85 23 % 23 85 92 3 78 49 60
73 67 11 74 33 91 30 % 30 91 33 74 11 67 73
51 84 21 28 89 86 27 % 27 86 89 28 21 84 51
46 48 92 40 53 70 71 70 88 19 16 6 86 % 86 6 16 19 88 70 71 70 53 40 92 48 46
63 11 57 24 30 23 80 33 60 51 55 78 46 % 46 78 55 51 60 33 80 23 30 24 57 11 63
28 20 43 64 58 47 59 % 59 47 58 64 43 20 28
77 43 77 62 24 1 89 54 74 16 61 83 43 % 43 83 61 16 74 54 89 1 24 62 77 43 77
11 63 82 38 33 87 72 % 72 87 33 38 82 63 11
1 25 60 44 27 24 97 15 59 5 97 31 35 % 35 31 97 5 59 15 97 24 27 44 60 25 1
79 2 14 99 1 57 23 19 95 7 68 53 60 % 60 53 68 7 95 19 23 57 1 99 14 2 79
82 35 73 21 33 55 56 10 15 31 80 14 88 % 88 14 80 31 15 10 56 55 33 21 73 35 82
51 58 16 38 29 7 22 % 22 7 29 38 16 58 51
12 52 48 20 92 82 75 25 10 24 31 13 25 % 25 13 31 24 10 25 75 82 92 20 48 52 12
28 89 37 15 49 24 56 % 56 24 49 15 37 89 28
92 53 22 38 11 22 28 % 28 22 11 38 22 53 92
25 44 22 61 86 90 75 % 75 90 86 61 22 44 25
78 90 85 65 94 78 19 77 9 40 6 27 40 % 40 27 6 40 9 77 19 78 94 65 85 90 78
1 20 2 96 78 79 96 % 96 79 78 96 2 20 1
91 58 97 0 20 10 8 82 1 54 64 68 76 % 76 68 64 54 1 82 8 10 20 0 97 58 91
66 76 85 86 96 36 22 % 22 36 96 86 85 76 66
47 10 29 36 64 17 86 % 86 17 64 36 29 10 47
33 21 6 77 44 5 82 % 82 5 44 77 6 21 33
67 91 91 8 42 49 67 % 67 49 42 8 91 91 67
20 15 91 92 47 75 71 18 0 48 59 42 15 % 15 42 59 48 0 18 71 75 47 92 91 15 20
68 69 82 86 72 37 50 % 50 37 72 86 82 69 68
20 48 67 54 38 44 21 % 21 44 38 54 67 48 20
32 3 70 19 92 74 26 % 26 74 92 19 70 3 32
82 49 69 94 86 82 99 % 99 82 86 94 69 49 82
24 53 75 24 69 81 76 % 76 81 69 24 75 53 24
9 29 9 38 4 35 12 % 12 35 4 38 9 29 9
70 72 5 75 13 74 72 % 72 74 13 75 5 72 70
83 91 76 11 80 90 75 % 75 90 80 11 76 91 83
15 90 73 23 99 7 23 37 66 63 25 69 37 % 37 69 25 63 66 37 23 7 99 23 73 90 15
58 60 39 44 37 17 33 78 98 10 50 19 9 % 9 19 50 10 98 78 33 17 37 44 39 60 58
9 64 64 3 87 27 50 27 34 1 13 87 70 % 70 87 13 1 34 27 50 27 87 3 64 64 9
14 68 95 68 47 94 80 % 80 94 47 68 95 68 14
58 51 59 80 59 11 42 81 98 79 82 20 13 % 13 20 82 79 98 81 42 11 59 80 59 51 58
79 83 40 29 19 15 49 77 21 45 53 28 2 % 2 28 53 45 21 77 49 15 19 29 40 83 79
33 29 33 37 28 49 23 29 9 41 65 58 93 % 93 58 65 41 9 29 23 49 28 37 33 29 33
76 22 23 86 41 7 12 % 12 7 41 86 23 22 76
41 75 59 74 20 28 82 % 82 28 20 74 59 75 41
13 32 10 19 46 42 69 86 77 42 63 77 27 % 27 77 63 42 77 86 69 42 46 19 10 32 13
23 17 89 74 49 22 44 % 44 22 49 74 89 17 23
50 61 52 68 91 57 99 75 20 29 18 36 37 % 37 36 18 29 20 75 99 57 91 68 52 61 50
41 77 86 46 22 19 46 % 46 19 22 46 86 77 41
9 15 81 12 32 82 61 54 41 57 96 32 36 % 36 32 96 57 41 54 61 82 32 12 81 15 9
19 72 4 95 90 21 50 % 50 21 90 95 4 72 19
87 18 98 60 4 47 40 37 6 54 30 75 74 % 74 75 30 54 6 37 40 47 4 60 98 18 87
0 31 94 38 10 84 13 84 5 38 80 86 12 % 12 86 80 38 5 84 13 84 10 38 94 31 0
1 75 85 33 61 2 55 % 55 2 61 33 85 75 1
94 62 39 36 51 15 72 % 72 15 51 36 39 62 94
79 97 68 13 39 17 11 % 11 17 39 13 68 97 79
89 98 80 47 40 35 15 87 0 5 9 64 78 % 78 64 9 5 0 87 15 35 40 47 80 98 89
39 58 71 90 59 91 7 20 21 36 94 35 84 % 84 35 94 36 21 20 7 91 59 90 71 58 39
70 31 6 56 52 47 17 % 17 47 52 56 6 31 70
40 7 99 5 89 96 51 % 51 96 89 5 99 7 40
39 90 72 23 70 76 14 % 14 76 70 23 72 90 39
81 96 50 85 57 76 89 50 13 69 7 43 79 % 79 43 7 69 13 50 89 76 57 85 50 96 81
47 36 22 49 87 29 87 % 87 29 87 49 22 36 47
77 20 70 93 99 26 30 % 30 26 99 93 70 20 77
4 22 50 9 5 37 77 98 77 6 92 22 91 % 91 22 92 6 77 98 77 37 5 9 50 22 4
65 42 83 88 59 50 68 37 7 28 35 48 44 % 44 48 35 28 7 37 68 50 59 88 83 42 65
35 23 62 41 87 41 23 72 77 42 19 30 88 % 88 30 19 42 77 72 23 41 87 41 62 23 35
76 39 6 55 62 98 70 67 12 86 2 96 71 % 71 96 2 86 12 67 70 98 62 55 6 39 76
86 36 54 82 82 24 3 67 97 23 68 95 75 % 75 95 68 23 97 67 3 24 82 82 54 36 86
93 58 75 38 0 80 86 % 86 80 0 38 75 58 93
94 37 88 46 62 2 76 9 50 55 64 81 33 % 33 81 64 55 50 9 76 2 62 46 88 37 94
66 35 29 14 24 47 91 % 91 47 24 14 29 35 66
51 75 53 52 74 62 93 25 54 19 91 60 41 % 41 60 91 19 54 25 93 62 74 52 53 75 51
66 78 56 59 46 43 90 11 0 47 80 40 86 % 86 40 80 47 0 11 90 43 46 59 56 78 66
35 16 46 25 22 90 93 % 93 90 22 25 46 16 35
1 67 62 26 36 90 70 % 70 90 36 26 62 67 1
18 94 8 36 24 50 33 % 33 50 24 36 8 94 18
37 3 34 40 97 5 97 % 97 5 97 40 34 3 37
18 17 11 97 56 71 56 37 45 30 60 61 78 % 78 61 60 30 45 37 56 71 56 97 11 17 18
68 16 98 60 49 87 69 61 94 82 0 49 83 % 83 49 0 82 94 61 69 87 49 60 98 16 68
29 31 61 64 16 69 50 42 71 17 73 92 12 % 12 92 73 17 71 42 50 69 16 64 61 31 29
60 30 44 1 32 1 90 0 30 56 60 34 76 % 76 34 60 56 30 0 90 1 32 1 44 30 60
57 84 4 40 54 63 57 % 57 63 54 40 4 84 57
55 4 63 87 6 75 85 41 27 28 25 32 68 % 68 32 25 28 27 41 85 75 6 87 63 4 55
61 10 31 96 57 58 2 % 2 58 57 96 31 10 61
67 39 5 45 10 63 68 85 4 43 20 20 17 % 17 20 20 43 4 85 68 63 10 45 5 39 67
99 32 72 82 63 1 32 42 81 59 3 14 16 % 16 14 3 59 81 42 32 1 63 82 72 32 99
37 21 41 29 19 8 75 4 74 85 87 96 49 % 49 96 87 85 74 4 75 8 19 29 41 21 37
53 62 39 98 63 39 23 90 57 76 32 74 71 % 71 74 32 76 57 90 23 39 63 98 39 62 53
94 45 90 82 77 84 71 % 71 84 77 82 90 45 94
35 50 75 61 45 98 54 14 22 27 32 99 0 % 0 99 32 27 22 14 54 98 45 61 75 50 35
9 30 18 37 25 51 74 23 27 66 31 99 49 % 49 99 31 66 27 23 74 51 25 37 18 30 9
12 41 93 78 88 86 27 % 27 86 88 78 93 41 12
9 40 18 7 30 82 78 60 28 54 32 19 22 % 22 19 32 54 28 60 78 82 30 7 18 40 9
20 13 47 40 46 49 40 % 40 49 46 40 47 13 20
62 99 91 88 37 50 76 40 10 24 9 95 26 % 26 95 9 24 10 40 76 50 37 88 91 99 62
12 48 94 64 46 51 21 % 21 51 46 64 94 48 12
13 18 51 16 88 57 24 % 24 57 88 16 51 18 13
57 28 24 28 0 9 51 54 47 53 16 6 1 % 1 6 16 53 47 54 51 9 0 28 24 28 57
99 80 28 11 79 62 92 69 11 92 92 31 99 % 99 31 92 92 11 69 92 62 79 11 28 80 99
49 15 10 47 20 83 67 85 9 87 21 73 64 % 64 73 21 87 9 85 67 83 20 47 10 15 49
38 96 6 99 21 86 83 % 83 86 21 99 6 96 38
43 71 34 55 73 79 29 % 29 79 73 55 34 71 43
77 86 97 20 27 5 8 76 87 16 76 21 14 % 14 21 76 16 87 76 8 5 27 20 97 86 77
25 93 42 90 5 81 52 % 52 81 5 90 42 93 25
97 31 93 57 97 67 14 % 14 67 97 57 93 31 97
88 99 24 1 2 48 97 34 98 86 45 75 30 % 30 75 45 86 98 34 97 48 2 1 24 99 88
13 60 23 32 50 29 45 73 31 36 37 0 1 % 1 0 37 36 31 73 45 29 50 32 23 60 13
12 99 89 18 74 99 71 47 77 60 47 62 35 % 35 62 47 60 77 47 71 99 74 18 89 99 12
33 40 45 25 58 67 54 % 54 67 58 25 45 40 33
22 9 13 34 56 85 24 % 24 85 56 34 13 9 22
40 42 45 40 93 92 59 % 59 92 93 40 45 42 40
98 33 94 78 79 38 5 16 11 59 55 87 93 % 93 87 55 59 11 16 5 38 79 78 94 33 98
73 94 72 70 83 87 22 44 74 72 56 88 85 % 85 88 56 72 74 44 22 87 83 70 72 94 73
67 44 96 14 75 93 30 17 24 9 96 97 82 % 82 97 96 9 24 17 30 93 75 14 96 44 67
63 26 30 27 58 68 0 % 0 68 58 27 30 26 63
37 47 89 25 70 60 47 41 44 91 64 20 69 % 69 20 64 91 44 41 47 60 70 25 89 47 37
85 65 86 12 94 54 85 45 71 9 70 64 99 % 99 64 70 9 71 45 85 54 94 12 86 65 85
25 9 84 22 12 93 30 % 30 93 12 22 84 9 25
7 13 65 34 86 17 59 % 59 17 86 34 65 13 7
40 31 39 23 56 18 32 % 32 18 56 23 39 31 40
81 55 50 36 71 77 37 90 72 93 78 85 89 % 89 85 78 93 72 90 37 77 71 36 50 55 81
75 23 85 23 25 67 63 % 63 67 25 23 85 23 75
0 85 59 6 48 81 60 8 86 66 89 27 24 % 24 27 89 66 86 8 60 81 48 6 59 85 0
15 0 62 99 72 23 23 % 23 23 72 99 62 0 15
86 12 32 60 14 62 54 23 97 8 52 93 5 % 5 93 52 8 97 23 54 62 14 60 32 12 86
11 2 50 2 95 50 94 % 94 50 95 2 50 2 11
50 66 48 71 15 84 78 52 13 37 9 92 99 % 99 92 9 37 13 52 78 84 15 71 48 66 50
18 77 94 95 66 37 21 % 21 37 66 95 94 77 18
31 23 10 43 52 27 41 % 41 27 52 43 10 23 31
21 63 28 46 2 96 85 62 88 69 47 20 59 % 59 20 47 69 88 62 85 96 2 46 28 63 21
27 31 45 73 84 55 2 72 63 69 33 81 1 % 1 81 33 69 63 72 2 55 84 73 45 31 27
61 78 33 27 73 82 82 % 82 82 73 27 33 78 61
98 48 63 34 13 17 76 37 45 88 55 67 11 % 11 67 55 88 45 37 76 17 13 34 63 48 98
23 26 0 17 46 82 22 2 7 73 43 88 26 % 26 88 43 73 7 2 22 82 46 17 0 26 23
32 7 70 79 85 70 20 83 54 66 15 26 22 % 22 26 15 66 54 83 20 70 85 79 70 7 32
37 82 10 66 74 49 20 % 20 49 74 66 10 82 37
70 75 3 62 74 8 29 % 29 8 74 62 3 75 70
99 3 63 88 27 25 51 2 15 92 80 18 38 % 38 18 80 92 15 2 51 25 27 88 63 3 99
26 70 79 70 11 96 5 % 5 96 11 70 79 70 26
14 87 22 22 28 23 51 % 51 23 28 22 22 87 14
95 70 22 73 78 66 82 41 16 73 36 52 32 % 32 52 36 73 16 41 82 66 78 73 22 70 95
60 71 84 27 27 40 35 % 35 40 27 27 84 71 60
13 42 79 81 5 12 21 % 21 12 5 81 79 42 13
14 87 63 48 7 56 67 % 67 56 7 48 63 87 14
35 98 99 7 18 14 69 % 69 14 18 7 99 98 35
94 50 21 31 61 30 14 % 14 30 61 31 21 50 94
8 26 7 81 22 35 72 78 66 64 39 50 48 % 48 50 39 64 66 78 72 35 22 81 7 26 8
60 53 74 31 26 68 36 77 98 6 53 86 93 % 93 86 53 6 98 77 36 68 26 31 74 53 60
35 72 65 67 46 30 7 % 7 30 46 67 65 72 35
44 34 97 1 68 58 37 % 37 58 68 1 97 34 44
13 37 58 5 94 46 13 % 13 46 94 5 58 37 13
69 36 1 69 49 2 32 % 32 2 49 69 1 36 69
98 27 52 67 4 71 93 % 93 71 4 67 52 27 98
45 52 99 9 43 13 5 41 7 44 58 67 63 % 63 67 58 44 7 41 5 13 43 9 99 52 45
93 45 54 6 83 5 17 % 17 5 83 6 54 45 93
84 47 42 12 87 40 8 43 49 16 18 13 69 % 69 13 18 16 49 43 8 40 87 12 42 47 84
21 70 87 3 33 26 57 52 73 80 32 53 72 % 72 53 32 80 73 52 57 26 33 3 87 70 21
49 41 86 12 10 96 59 % 59 96 10 12 86 41 49
60 41 65 97 94 89 92 % 92 89 94 97 65 41 60
72 75 92 95 93 48 8 % 8 48 93 95 92 75 72
80 58 0 28 39 49 99 % 99 49 39 28 0 58 80
20 69 61 12 8 20 8 47 53 66 10 0 93 % 93 0 10 66 53 47 8 20 8 12 61 69 20
66 94 74 75 71 76 19 % 19 76 71 75 74 94 66
8 6 44 34 11 40 68 75 24 85 65 50 42 % 42 50 65 85 24 75 68 40 11 34 44 6 8
41 6 37 80 1 25 94 % 94 25 1 80 37 6 41
84 58 31 25 39 56 19 83 72 3 9 61 69 % 69 61 9 3 72 83 19 56 39 25 31 58 84
33 88 23 7 48 38 9 % 9 38 48 7 23 88 33
67 45 81 78 47 35 51 46 48 21 64 20 5 % 5 20 64 21 48 46 51 35 47 78 81 45 67
81 99 77 62 21 81 52 % 52 81 21 62 77 99 81
25 55 54 85 45 28 26 12 53 13 34 38 68 % 68 38 34 13 53 12 26 28 45 85 54 55 25
40 6 34 13 80 95 71 % 71 95 80 13 34 6 40
51 57 54 88 11 65 99 % 99 65 11 88 54 57 51
38 42 71 63 91 97 70 % 70 97 91 63 71 42 38
95 29 4 49 77 13 26 81 13 44 30 29 51 % 51 29 30 44 13 81 26 13 77 49 4 29 95
74 76 53 47 56 10 60 33 55 76 43 94 81 % 81 94 43 76 55 33 60 10 56 47 53 76 74
50 1 31 81 15 36 21 62 70 0 95 51 32 % 32 51 95 0 70 62 21 36 15 81 31 1 50
15 58 52 73 59 91 3 39 71 50 37 97 58 % 58 97 37 50 71 39 3 91 59 73 52 58 15
30 22 77 43 64 34 13 % 13 34 64 43 77 22 30
70 74 94 51 35 39 17 49 67 83 99 9 38 % 38 9 99 83 67 49 17 39 35 51 94 74 70
70 9 91 51 46 45 2 13 81 23 21 70 76 % 76 70 21 23 81 13 2 45 46 51 91 9 70
26 49 16 46 22 74 20 14 34 6 62 5 73 % 73 5 62 6 34 14 20 74 22 46 16 49 26
60 87 33 50 87 35 61 0 65 17 28 27 38 % 38 27 28 17 65 0 61 35 87 50 33 87 60
84 38 23 56 85 99 55 % 55 99 85 56 23 38 84
50 65 19 8 74 93 27 33 56 50 12 77 28 % 28 77 12 50 56 33 27 93 74 8 19 65 50
50 13 58 81 45 4 21 % 21 4 45 81 58 13 50
41 4 20 2 25 33 16 % 16 33 25 2 20 4 41
67 13 47 10 94 35 17 % 17 35 94 10 47 13 67
91 93 86 92 96 99 92 78 32 23 87 2 22 % 22 2 87 23 32 78 92 99 96 92 86 93 91
13 93 55 11 30 58 74 25 3 27 69 82 18 % 18 82 69 27 3 25 74 58 30 11 55 93 13
73 64 77 25 95 30 56 % 56 30 95 25 77 64 73
94 51 91 48 12 78 85 % 85 78 12 48 91 51 94
55 91 65 0 57 94 92 56 70 79 82 61 99 % 99 61 82 79 70 56 92 94 57 0 65 91 55
69 9 78 6 70 4 32 32 76 95 14 9 82 % 82 9 14 95 76 32 32 4 70 6 78 9 69
40 1 73 52 74 7 26 67 22 2 74 48 61 % 61 48 74 2 22 67 26 7 74 52 73 1 40
4 77 8 90 58 33 55 89 36 13 14 20 18 % 18 20 14 13 36 89 55 33 58 90 8 77 4
66 27 58 22 95 4 77 19 88 76 33 29 80 % 80 29 33 76 88 19 77 4 95 22 58 27 66
41 8 77 87 20 96 81 46 37 12 88 3 37 % 37 3 88 12 37 46 81 96 20 87 77 8 41
22 14 73 11 76 23 9 98 98 33 66 80 26 % 26 80 66 33 98 98 9 23 76 11 73 14 22
25 77 50 48 28 12 64 % 64 12 28 48 50 77 25
28 82 33 10 46 44 54 % 54 44 46 10 33 82 28
39 92 17 73 38 7 58 98 72 20 59 37 29 % 29 37 59 20 72 98 58 7 38 73 17 92 39
47 99 86 85 22 81 70 % 70 81 22 85 86 99 47
66 93 21 70 20 77 53 % 53 77 20 70 21 93 66
2 13 71 66 85 62 22 % 22 62 85 66 71 13 2
82 46 75 27 50 71 51 % 51 71 50 27 75 46 82
55 50 69 78 92 98 39 % 39 98 92 78 69 50 55
33 57 92 18 96 75 75 57 2 51 71 85 63 % 63 85 71 51 2 57 75 75 96 18 92 57 33
8 88 36 49 8 93 99 11 34 84 63 54 7 % 7 54 63 84 34 11 99 93 8 49 36 88 8
68 71 3 2 62 18 79 % 79 18 62 2 3 71 68
73 85 17 21 14 20 12 % 12 20 14 21 17 85 73
79 82 74 27 43 40 37 52 25 81 9 70 18 % 18 70 9 81 25 52 37 40 43 27 74 82 79
13 89 39 1 65 71 2 % 2 71 65 1 39 89 13
87 21 68 2 13 56 28 % 28 56 13 2 68 21 87
51 29 57 40 17 33 4 17 43 37 6 68 5 % 5 68 6 37 43 17 4 33 17 40 57 29 51
46 40 54 7 25 44 82 % 82 44 25 7 54 40 46
86 46 55 0 30 6 13 4 56 96 48 35 24 % 24 35 48 96 56 4 13 6 30 0 55 46 86
87 9 13 25 69 75 20 34 17 70 30 48 43 % 43 48 30 70 17 34 20 75 69 25 13 9 87
35 95 8 86 48 64 95 23 56 29 5 93 77 % 77 93 5 29 56 23 95 64 48 86 8 95 35
94 54 58 20 80 91 56 % 56 91 80 20 58 54 94
8 87 5 95 79 27 24 82 50 6 89 52 39 % 39 52 89 6 50 82 24 27 79 95 5 87 8
22 7 95 55 8 14 63 36 31 37 94 57 24 % 24 57 94 37 31 36 63 14 8 55 95 7 22
11 76 67 14 6 54 5 11 77 29 95 72 46 % 46 72 95 29 77 11 5 54 6 14 67 76 11
11 31 61 94 64 13 50 89 90 52 89 98 22 % 22 98 89 52 90 89 50 13 64 94 61 31 11
4 71 44 72 90 4 52 % 52 4 90 72 44 71 4
98 20 90 71 94 25 66 90 38 45 66 11 71 % 71 11 66 45 38 90 66 25 94 71 90 20 98
30 46 97 97 13 90 60 % 60 90 13 97 97 46 30
98 54 57 0 33 3 43 % 43 3 33 0 57 54 98
29 70 89 64 0 60 76 87 11 54 90 42 19 % 19 42 90 54 11 87 76 60 0 64 89 70 29
62 94 96 94 80 59 48 97 73 46 40 59 88 % 88 59 40 46 73 97 48 59 80 94 96 94 62
72 90 61 71 54 23 83 49 93 32 98 97 26 % 26 97 98 32 93 49 83 23 54 71 61 90 72
12 5 83 95 54 20 91 84 14 80 15 62 81 % 81 62 15 80 14 84 91 20 54 95 83 5 12
69 94 84 69 93 97 3 17 59 39 97 55 36 % 36 55 97 39 59 17 3 97 93 69 84 94 69
81 52 53 49 94 64 11 9 87 12 13 80 32 % 32 80 13 12 87 9 11 64 94 49 53 52 81
39 73 53 34 31 94 15 31 20 85 85 88 34 % 34 88 85 85 20 31 15 94 31 34 53 73 39
70 97 9 13 11 84 16 % 16 84 11 13 9 97 70
69 93 48 30 90 63 2 % 2 63 90 30 48 93 69
61 50 45 73 58 92 14 % 14 92 58 73 45 50 61
70 39 2 74 92 61 30 % 30 61 92 74 2 39 70
58 30 16 8 18 81 18 78 99 48 82 53 56 % 56 53 82 48 99 78 18 81 18 8 16 30 58
21 84 61 28 84 64 80 89 71 7 30 4 59 % 59 4 30 7 71 89 80 64 84 28 61 84 21
73 40 45 21 26 19 55 34 24 84 15 19 14 % 14 19 15 84 24 34 55 19 26 21 45 40 73
46 30 96 51 57 28 51 % 51 28 57 51 96 30 46
79 62 52 75 4 8 47 15 21 4 46 55 22 % 22 55 46 4 21 15 47 8 4 75 52 62 79
98 29 33 96 83 21 98 24 6 12 39 66 11 % 11 66 39 12 6 24 98 21 83 96 33 29 98
34 13 33 52 8 12 43 % 43 12 8 52 33 13 34
78 67 71 77 93 37 69 % 69 37 93 77 71 67 78
95 6 45 90 28 27 83 % 83 27 28 90 45 6 95
33 76 17 18 72 30 62 53 22 8 10 7 63 % 63 7 10 8 22 53 62 30 72 18 17 76 33
16 68 29 38 18 61 82 90 39 26 51 34 17 % 17 34 51 26 39 90 82 61 18 38 29 68 16
73 72 86 74 24 62 27 35 3 46 89 83 30 % 30 83 89 46 3 35 27 62 24 74 86 72 73
90 84 31 15 76 2 90 19 51 12 78 31 23 % 23 31 78 12 51 19 90 2 76 15 31 84 90
67 26 42 73 61 27 99 70 16 85 6 2 19 % 19 2 6 85 16 70 99 27 61 73 42 26 67
81 94 52 65 65 17 57 % 57 17 65 65 52 94 81
41 76 24 55 54 22 53 22 32 68 71 86 91 % 91 86 71 68 32 22 53 22 54 55 24 76 41
94 87 74 19 84 79 50 % 50 79 84 19 74 87 94
63 68 25 11 50 45 20 60 77 38 89 11 37 % 37 11 89 38 77 60 20 45 50 11 25 68 63
79 8 23 61 76 30 75 11 50 53 72 67 4 % 4 67 72 53 50 11 75 30 76 61 23 8 79
38 87 89 98 13 1 32 % 32 1 13 98 89 87 38
45 21 55 8 86 58 49 42 36 62 81 42 17 % 17 42 81 62 36 42 49 58 86 8 55 21 45
92 39 87 93 36 55 21 49 99 56 4 66 86 % 86 66 4 56 99 49 21 55 36 93 87 39 92
62 65 37 40 76 19 1 % 1 19 76 40 37 65 62
6 20 69 17 17 85 32 % 32 85 17 17 69 20 6
67 85 77 45 67 78 62 50 3 85 99 77 68 % 68 77 99 85 3 50 62 78 67 45 77 85 67
89 22 35 87 72 7 65 % 65 7 72 87 35 22 89
43 25 60 47 32 14 6 % 6 14 32 47 60 25 43
96 91 31 19 47 97 21 % 21 97 47 19 31 91 96
3 13 45 38 16 18 7 % 7 18 16 38 45 13 3
38 99 46 79 80 2 88 97 65 51 23 91 89 % 89 91 23 51 65 97 88 2 80 79 46 99 38
81 9 88 90 41 43 92 % 92 43 41 90 88 9 81
87 95 86 11 19 89 95 % 95 89 19 11 86 95 87
14 50 93 91 65 77 5 % 5 77 65 91 93 50 14
11 25 17 9 51 73 23 % 23 73 51 9 17 25 11
1 99 67 54 11 96 2 % 2 96 11 54 67 99 1
85 1 13 91 3 77 49 12 7 43 27 98 32 % 32 98 27 43 7 12 49 77 3 91 13 1 85
72 77 64 53 81 0 81 64 79 62 55 11 53 % 53 11 55 62 79 64 81 0 81 53 64 77 72
44 15 55 61 67 96 17 % 17 96 67 61 55 15 44
17 94 77 80 92 90 77 60 40 13 68 7 84 % 84 7 68 13 40 60 77 90 92 80 77 94 17
79 81 63 53 31 74 17 92 32 6 38 57 76 % 76 57 38 6 32 92 17 74 31 53 63 81 79
60 77 11 95 24 90 53 % 53 90 24 95 11 77 60
90 74 36 58 30 57 57 70 21 24 73 37 48 % 48 37 73 24 21 70 57 57 30 58 36 74 90
50 42 46 18 57 91 49 91 31 27 39 62 73 % 73 62 39 27 31 91 49 91 57 18 46 42 50
28 79 81 14 31 12 49 % 49 12 31 14 81 79 28
43 92 83 56 90 12 33 75 80 62 23 4 67 % 67 4 23 62 80 75 33 12 90 56 83 92 43
5 4 81 7 12 64 71 9 16 41 72 67 32 % 32 67 72 41 16 9 71 64 12 7 81 4 5
11 74 24 90 11 64 94 % 94 64 11 90 24 74 11
3 4 90 33 90 0 37 93 6 3 39 47 22 % 22 47 39 3 6 93 37 0 90 33 90 4 3
84 42 2 55 7 84 54 % 54 84 7 55 2 42 84
74 81 55 73 46 73 84 % 84 73 46 73 55 81 74
93 33 27 95 60 15 84 % 84 15 60 95 27 33 93
10 49 59 53 41 51 35 55 15 87 31 31 76 % 76 31 31 87 15 55 35 51 41 53 59 49 10
98 42 71 81 22 5 82 64 68 58 58 41 31 % 31 41 58 58 68 64 82 5 22 81 71 42 98
73 83 58 51 87 1 6 % 6 1 87 51 58 83 73
52 49 8 15 82 66 30 % 30 66 82 15 8 49 52
91 49 83 10 91 51 48 % 48 51 91 10 83 49 91
0 58 36 27 97 11 82 97 62 20 86 68 94 % 94 68 86 20 62 97 82 11 97 27 36 58 0
74 19 71 55 77 72 67 32 20 59 85 38 2 % 2 38 85 59 20 32 67 72 77 55 71 19 74
69 25 24 59 8 47 96 % 96 47 8 59 24 25 69
97 23 56 5 64 2 23 62 14 58 44 33 28 % 28 33 44 58 14 62 23 2 64 5 56 23 97
40 11 44 76 53 54 4 % 4 54 53 76 44 11 40
75 6 89 88 39 11 29 66 59 84 78 71 20 % 20 71 78 84 59 66 29 11 39 88 89 6 75
23 44 94 35 93 75 60 10 37 46 57 94 41 % 41 94 57 46 37 10 60 75 93 35 94 44 23
46 54 47 77 44 92 17 87 39 57 91 82 62 % 62 82 91 57 39 87 17 92 44 77 47 54 46
96 63 51 68 94 6 37 % 37 6 94 68 51 63 96
29 43 91 91 97 66 22 26 71 45 74 72 45 % 45 72 74 45 71 26 22 66 97 91 91 43 29
76 53 86 28 39 57 27 58 67 13 70 16 42 % 42 16 70 13 67 58 27 57 39 28 86 53 76
25 4 63 95 77 30 72 70 23 59 77 1 84 % 84 1 77 59 23 70 72 30 77 95 63 4 25
71 21 88 84 18 59 89 % 89 59 18 84 88 21 71
92 21 2 60 41 10 41 62 46 0 86 70 46 % 46 70 86 0 46 62 41 10 41 60 2 21 92
4 8 99 5 85 12 10 % 10 12 85 5 99 8 4
10 34 25 86 75 29 18 14 3 47 60 80 81 % 81 80 60 47 3 14 18 29 75 86 25 34 10
42 36 24 89 21 51 25 48 81 42 34 8 13 % 13 8 34 42 81 48 25 51 21 89 24 36 42
95 64 9 31 57 71 42 % 42 71 57 31 9 64 95
13 97 61 63 14 38 7 % 7 38 14 63 61 97 13
13 15 28 65 37 17 63 % 63 17 37 65 28 15 13
73 67 60 65 1 13 10 % 10 13 1 65 60 67 73
57 64 54 9 74 25 19 61 66 26 93 49 9 % 9 49 93 26 66 61 19 25 74 9 54 64 57
85 37 18 33 84 54 76 59 0 13 71 70 73 % 73 70 71 13 0 59 76 54 84 33 18 37 85
64 38 34 43 46 5 81 % 81 5 46 43 34 38 64
75 80 92 66 44 56 49 96 35 33 30 96 71 % 71 96 30 33 35 96 49 56 44 66 92 80 75
4 35 7 13 10 38 37 % 37 38 10 13 7 35 4
38 2 58 94 95 64 34 % 34 64 95 94 58 2 38
97 77 92 97 22 40 91 78 77 86 24 23 4 % 4 23 24 86 77 78 91 40 22 97 92 77 97
29 10 64 33 87 89 4 75 63 69 2 37 27 % 27 37 2 69 63 75 4 89 87 33 64 10 29
92 29 33 4 35 36 60 % 60 36 35 4 33 29 92
84 28 7 36 70 80 52 % 52 80 70 36 7 28 84
49 27 8 58 70 38 0 80 10 2 54 93 98 % 98 93 54 2 10 80 0 38 70 58 8 27 49
33 78 19 63 88 0 1 20 96 64 46 16 73 % 73 16 46 64 96 20 1 0 88 63 19 78 33
24 91 75 25 11 87 83 % 83 87 11 25 75 91 24
3 42 5 67 31 33 24 % 24 33 31 67 5 42 3
51 76 8 23 99 7 43 % 43 7 99 23 8 76 51
80 25 69 78 47 96 97 3 30 95 20 86 56 % 56 86 20 95 30 3 97 96 47 78 69 25 80
35 49 68 16 6 17 71 % 71 17 6 16 68 49 35
43 36 26 17 75 84 59 99 26 99 3 43 19 % 19 43 3 99 26 99 59 84 75 17 26 36 43
60 79 59 39 32 20 3 49 60 60 6 73 20 % 20 73 6 60 60 49 3 20 32 39 59 79 60
0 5 94 2 34 74 72 36 94 52 91 89 45 % 45 89 91 52 94 36 72 74 34 2 94 5 0
69 37 30 74 53 20 37 % 37 20 53 74 30 37 69
84 69 64 69 85 24 83 % 83 24 85 69 64 69 84
1 68 59 70 52 87 1 66 83 96 64 35 49 % 49 35 64 96 83 66 1 87 52 70 59 68 1
99 84 95 45 84 16 95 65 98 62 72 22 51 % 51 22 72 62 98 65 95 16 84 45 95 84 99
83 75 25 30 33 52 59 % 59 52 33 30 25 75 83
81 74 52 67 69 58 64 89 44 63 40 49 90 % 90 49 40 63 44 89 64 58 69 67 52 74 81
75 24 12 36 86 95 4 72 23 72 42 91 82 % 82 91 42 72 23 72 4 95 86 36 12 24 75
35 6 13 28 17 96 80 % 80 96 17 28 13 6 35
98 59 82 72 11 61 62 % 62 61 11 72 82 59 98
61 71 77 64 15 24 12 20 45 91 21 1 6 % 6 1 21 91 45 20 12 24 15 64 77 71 61
69 24 85 18 49 37 17 58 29 29 43 43 42 % 42 43 43 29 29 58 17 37 49 18 85 24 69
41 43 73 90 42 66 86 % 86 66 42 90 73 43 41
62 52 25 35 12 30 4 92 51 53 86 44 20 % 20 44 86 53 51 92 4 30 12 35 25 52 62
10 30 11 59 93 41 30 % 30 41 93 59 11 30 10
84 36 22 5 16 23 99 45 31 75 9 66 9 % 9 66 9 75 31 45 99 23 16 5 22 36 84
55 27 63 19 57 51 74 % 74 51 57 19 63 27 55
78 48 57 68 34 87 94 % 94 87 34 68 57 48 78
75 69 84 45 81 5 40 54 35 14 86 71 29 % 29 71 86 14 35 54 40 5 81 45 84 69 75
77 62 43 77 97 45 21 % 21 45 97 77 43 62 77
47 87 95 63 99 17 42 27 67 48 38 46 77 % 77 46 38 48 67 27 42 17 99 63 95 87 47
89 28 76 30 82 79 83 % 83 79 82 30 76 28 89
58 36 40 47 4 18 35 % 35 18 4 47 40 36 58
96 71 40 71 77 93 60 44 93 55 13 78 35 % 35 78 13 55 93 44 60 93 77 71 40 71 96
35 0 8 58 21 55 85 % 85 55 21 58 8 0 35
82 55 6 5 6 8 6 0 1 70 80 38 65 % 65 38 80 70 1 0 6 8 6 5 6 55 82
99 41 20 31 95 71 79 % 79 71 95 31 20 41 99
63 65 38 85 4 29 97 87 23 54 90 90 63 % 63 90 90 54 23 87 97 29 4 85 38 65 63
56 53 29 50 90 49 53 83 59 61 67 84 86 % 86 84 67 61 59 83 53 49 90 50 29 53 56
38 41 25 30 71 95 21 % 21 95 71 30 25 41 38
51 2 34 68 52 56 89 % 89 56 52 68 34 2 51
72 73 40 87 6 16 47 % 47 16 6 87 40 73 72
53 27 68 35 19 12 85 8 36 17 82 44 83 % 83 44 82 17 36 8 85 12 19 35 68 27 53
80 1 78 50 54 53 74 % 74 53 54 50 78 1 80
81 44 78 18 45 8 86 % 86 8 45 18 78 44 81
65 13 35 74 18 51 74 87 40 45 50 47 78 % 78 47 50 45 40 87 74 51 18 74 35 13 65
49 73 91 88 46 82 26 % 26 82 46 88 91 73 49
42 29 32 46 16 1 72 22 38 90 75 62 12 % 12 62 75 90 38 22 72 1 16 46 32 29 42
37 10 55 38 32 51 6 79 23 36 89 2 33 % 33 2 89 36 23 79 6 51 32 38 55 10 37
46 74 68 18 76 59 34 % 34 59 76 18 68 74 46
99 41 15 7 36 77 35 % 35 77 36 7 15 41 99
28 43 27 10 47 72 26 % 26 72 47 10 27 43 28
38 72 65 88 27 64 32 18 51 63 54 98 98 % 98 98 54 63 51 18 32 64 27 88 65 72 38
69 44 8 84 76 14 34 34 0 87 74 54 11 % 11 54 74 87 0 34 34 14 76 84 8 44 69
30 13 86 89 95 52 47 94 86 73 45 86 34 % 34 86 45 73 86 94 47 52 95 89 86 13 30
0 87 83 82 59 71 41 % 41 71 59 82 83 87 0
75 94 27 84 10 65 25 78 21 10 64 27 78 % 78 27 64 10 21 78 25 65 10 84 27 94 75
8 79 20 28 58 82 3 69 50 48 29 74 7 % 7 74 29 48 50 69 3 82 58 28 20 79 8
4 67 74 5 36 52 5 % 5 52 36 5 74 67 4
10 45 99 5 43 58 6 26 83 84 62 27 98 % 98 27 62 84 83 26 6 58 43 5 99 45 10
67 33 87 67 87 9 74 % 74 9 87 67 87 33 67
22 8 83 20 22 95 86 % 86 95 22 20 83 8 22
0 44 4 49 68 16 13 % 13 16 68 49 4 44 0
46 51 5 10 94 84 67 % 67 84 94 10 5 51 46
74 6 51 50 7 27 72 76 25 61 88 75 12 % 12 75 88 61 25 76 72 27 7 50 51 6 74
7 80 28 61 15 43 31 % 31 43 15 61 28 80 7
0 51 4 89 60 34 63 % 63 34 60 89 4 51 0
30 31 80 79 88 86 71 85 78 45 81 45 53 % 53 45 81 45 78 85 71 86 88 79 80 31 30
40 71 77 69 13 55 76 2 6 88 65 57 23 % 23 57 65 88 6 2 76 55 13 69 77 71 40
83 70 76 17 21 96 88 % 88 96 21 17 76 70 83
36 12 88 19 53 8 4 % 4 8 53 19 88 12 36
70 11 91 2 1 34 95 % 95 34 1 2 91 11 70
98 29 38 13 78 58 97 % 97 58 78 13 38 29 98
78 16 90 23 32 59 62 7 34 66 72 12 24 % 24 12 72 66 34 7 62 59 32 23 90 16 78
60 42 17 33 18 61 93 % 93 61 18 33 17 42 60
1 38 25 50 27 60 82 73 62 82 32 50 22 % 22 50 32 82 62 73 82 60 27 50 25 38 1
32 38 70 25 92 46 37 % 37 46 92 25 70 38 32
6 95 61 61 51 33 17 % 17 33 51 61 61 95 6
84 66 99 92 30 9 57 8 26 4 90 80 27 % 27 80 90 4 26 8 57 9 30 92 99 66 84
94 53 62 28 76 49 26 % 26 49 76 28 62 53 94
32 77 76 43 69 42 37 % 37 42 69 43 76 77 32
50 19 45 57 35 48 14 % 14 48 35 57 45 19 50
21 49 34 83 95 1 10 96 32 37 81 89 40 % 40 89 81 37 32 96 10 1 95 83 34 49 21
1 82 23 64 61 38 86 36 27 67 35 42 46 % 46 42 35 67 27 36 86 38 61 64 23 82 1
58 58 58 0 21 63 82 61 10 53 74 84 43 % 43 84 74 53 10 61 82 63 21 0 58 58 58
3 67 50 71 50 43 84 % 84 43 50 71 50 67 3
87 87 9 87 7 90 38 % 38 90 7 87 9 87 87
17 23 18 92 33 12 88 % 88 12 33 92 18 23 17
54 34 39 94 68 87 92 94 43 44 7 89 46 % 46 89 7 44 43 94 92 87 68 94 39 34 54
46 38 67 27 29 50 62 % 62 50 29 27 67 38 46
71 51 39 29 40 26 6 % 6 26 40 29 39 51 71
9 20 76 68 54 45 57 % 57 45 54 68 76 20 9
30 17 0 8 43 97 35 20 85 50 41 91 87 % 87 91 41 50 85 20 35 97 43 8 0 17 30
25 72 3 91 77 96 56 % 56 96 77 91 3 72 25
67 53 50 5 44 96 74 % 74 96 44 5 50 53 67
63 95 85 79 38 3 34 35 26 97 81 93 43 % 43 93 81 97 26 35 34 3 38 79 85 95 63
0 55 98 4 3 94 98 21 64 75 66 80 61 % 61 80 66 75 64 21 98 94 3 4 98 55 0
62 36 4 81 60 7 12 65 62 83 2 15 95 % 95 15 2 83 62 65 12 7 60 81 4 36 62
37 74 46 15 85 65 41 38 85 50 3 23 32 % 32 23 3 50 85 38 41 65 85 15 46 74 37
28 24 24 68 93 68 73 % 73 68 93 68 24 24 28
16 10 72 32 94 97 60 49 71 24 47 42 92 % 92 42 47 24 71 49 60 97 94 32 72 10 16
75 43 26 98 24 44 98 69 76 19 6 54 37 % 37 54 6 19 76 69 98 44 24 98 26 43 75
39 12 92 34 29 12 45 67 69 44 45 22 73 % 73 22 45 44 69 67 45 12 29 34 92 12 39
62 80 56 7 21 29 38 % 38 29 21 7 56 80 62
23 4 6 54 67 80 29 15 95 97 20 83 91 % 91 83 20 97 95 15 29 80 67 54 6 4 23
57 75 90 66 97 17 70 67 8 95 89 59 63 % 63 59 89 95 8 67 70 17 97 66 90 75 57
32 85 77 51 32 65 74 % 74 65 32 51 77 85 32
19 41 38 25 52 12 13 % 13 12 52 25 38 41 19
36 93 69 73 69 99 49 % 49 99 69 73 69 93 36
78 44 92 13 52 5 39 16 22 2 79 33 10 % 10 33 79 2 22 16 39 5 52 13 92 44 78
95 37 12 4 54 50 91 % 91 50 54 4 12 37 95
68 32 33 76 79 76 78 % 78 76 79 76 33 32 68
53 62 66 3 94 34 46 % 46 34 94 3 66 62 53
84 75 54 93 62 27 75 33 56 65 53 66 88 % 88 66 53 65 56 33 75 27 62 93 54 75 84
55 82 54 44 42 98 28 47 97 80 75 11 80 % 80 11 75 80 97 47 28 98 42 44 54 82 55
65 56 61 61 21 36 98 78 53 9 74 95 43 % 43 95 74 9 53 78 98 36 21 61 61 56 65
52 1 39 16 82 9 30 28 42 14 87 93 63 % 63 93 87 14 42 28 30 9 82 16 39 1 52
93 81 44 40 80 58 77 % 77 58 80 40 44 81 93
1 27 9 83 22 91 85 % 85 91 22 83 9 27 1
37 80 77 62 26 11 24 % 24 11 26 62 77 80 37
10 56 68 8 67 67 94 32 55 72 62 99 9 % 9 99 62 72 55 32 94 67 67 8 68 56 10
10 38 73 19 98 9 83 % 83 9 98 19 73 38 10
21 82 86 97 62 33 12 % 12 33 62 97 86 82 21
98 86 59 64 18 99 17 % 17 99 18 64 59 86 98
98 82 36 70 50 74 86 % 86 74 50 70 36 82 98
54 22 56 65 46 38 68 % 68 38 46 65 56 22 54
39 75 32 38 30 63 53 % 53 63 30 38 32 75 39
76 51 32 28 92 15 5 25 74 55 5 75 20 % 20 75 5 55 74 25 5 15 92 28 32 51 76
20 94 96 72 69 44 88 55 34 41 43 17 44 % 44 17 43 41 34 55 88 44 69 72 96 94 20
19 53 31 84 10 68 72 87 9 13 27 96 80 % 80 96 27 13 9 87 72 68 10 84 31 53 19
81 39 95 86 79 29 89 10 36 36 69 46 33 % 33 46 69 36 36 10 89 29 79 86 95 39 81
20 86 20 58 23 45 60 % 60 45 23 58 20 86 20
82 68 86 9 35 68 15 29 52 7 11 61 91 % 91 61 11 7 52 29 15 68 35 9 86 68 82
64 29 28 43 31 31 72 % 72 31 31 43 28 29 64
42 2 78 17 28 55 77 82 46 61 49 9 42 % 42 9 49 61 46 82 77 55 28 17 78 2 42
6 37 43 3 91 7 11 % 11 7 91 3 43 37 6
8 62 88 55 98 21 6 42 97 78 91 64 7 % 7 64 91 78 97 42 6 21 98 55 88 62 8
45 92 56 44 47 19 70 76 71 69 82 99 6 % 6 99 82 69 71 76 70 19 47 44 56 92 45
86 9 4 48 23 58 43 94 30 51 31 73 98 % 98 73 31 51 30 94 43 58 23 48 4 9 86
84 84 60 46 68 69 88 35 28 23 9 3 88 % 88 3 9 23 28 35 88 69 68 46 60 84 84
77 46 24 11 29 89 54 64 41 32 91 15 70 % 70 15 91 32 41 64 54 89 29 11 24 46 77
7 71 77 30 14 24 83 98 25 32 88 49 87 % 87 49 88 32 25 98 83 24 14 30 77 71 7
75 89 13 20 67 35 50 % 50 35 67 20 13 89 75
22 7 12 97 16 22 60 8 27 63 9 57 71 % 71 57 9 63 27 8 60 22 16 97 12 7 22
81 94 42 17 10 24 35 17 76 11 94 72 99 % 99 72 94 11 76 17 35 24 10 17 42 94 81
60 75 4 26 74 4 21 % 21 4 74 26 4 75 60
46 45 91 52 42 23 39 0 92 10 65 21 78 % 78 21 65 10 92 0 39 23 42 52 91 45 46
9 54 44 75 47 59 96 35 25 0 38 32 27 % 27 32 38 0 25 35 96 59 47 75 44 54 9
95 72 78 16 78 70 67 79 46 22 14 57 26 % 26 57 14 22 46 79 67 70 78 16 78 72 95
60 1 34 44 0 64 77 5 47 34 74 24 55 % 55 24 74 34 47 5 77 64 0 44 34 1 60
52 31 26 46 53 16 14 14 78 49 9 76 89 % 89 76 9 49 78 14 14 16 53 46 26 31 52
31 40 57 2 64 61 98 11 90 69 53 52 38 % 38 52 53 69 90 11 98 61 64 2 57 40 31
29 35 81 84 31 61 1 % 1 61 31 84 81 35 29
8 16 49 29 6 30 90 % 90 30 6 29 49 16 8
97 18 26 53 19 65 26 12 32 47 19 23 89 % 89 23 19 47 32 12 26 65 19 53 26 18 97
53 87 69 29 49 47 36 85 78 42 11 25 5 % 5 25 11 42 78 85 36 47 49 29 69 87 53
31 44 78 95 72 67 11 52 4 84 5 54 59 % 59 54 5 84 4 52 11 67 72 95 78 44 31
64 49 71 38 51 7 77 69 14 68 87 57 2 % 2 57 87 68 14 69 77 7 51 38 71 49 64
82 14 36 11 74 50 57 % 57 50 74 11 36 14 82
68 9 2 38 96 74 67 61 21 64 8 29 86 % 86 29 8 64 21 61 67 74 96 38 2 9 68
63 19 73 76 57 24 53 54 15 62 48 30 90 % 90 30 48 62 15 54 53 24 57 76 73 19 63
11 77 89 9 14 61 68 5 92 46 39 3 92 % 92 3 39 46 92 5 68 61 14 9 89 77 11
47 8 10 98 97 46 69 22 52 45 47 30 87 % 87 30 47 45 52 22 69 46 97 98 10 8 47
50 89 18 7 21 82 4 58 31 59 24 45 0 % 0 45 24 59 31 58 4 82 21 7 18 89 50
72 35 20 99 43 79 97 % 97 79 43 99 20 35 72
50 85 75 73 31 54 11 59 95 47 15 18 39 % 39 18 15 47 95 59 11 54 31 73 75 85 50
43 67 91 50 24 98 13 % 13 98 24 50 91 67 43
11 69 25 90 40 80 22 % 22 80 40 90 25 69 11
27 23 10 24 33 0 34 20 0 69 47 11 8 % 8 11 47 69 0 20 34 0 33 24 10 23 27
5 52 7 26 51 55 41 12 42 44 53 39 51 % 51 39 53 44 42 12 41 55 51 26 7 52 5
81 87 23 8 32 71 56 96 52 24 83 25 91 % 91 25 83 24 52 96 56 71 32 8 23 87 81
33 41 33 19 77 17 1 98 8 29 96 83 35 % 35 83 96 29 8 98 1 17 77 19 33 41 33
55 98 73 50 79 82 3 % 3 82 79 50 73 98 55
27 69 56 56 24 51 23 % 23 51 24 56 56 69 27
94 31 39 57 29 72 17 90 78 55 53 35 58 % 58 35 53 55 78 90 17 72 29 57 39 31 94
86 98 42 9 77 13 66 % 66 13 77 9 42 98 86
18 69 72 16 29 16 79 57 80 2 87 72 39 % 39 72 87 2 80 57 79 16 29 16 72 69 18
89 66 38 55 75 92 50 58 72 35 27 50 8 % 8 50 27 35 72 58 50 92 75 55 38 66 89
9 86 73 69 75 46 68 91 73 22 30 91 20 % 20 91 30 22 73 91 68 46 75 69 73 86 9
32 13 14 87 56 94 45 % 45 94 56 87 14 13 32
33 70 74 58 2 41 71 90 44 16 64 0 62 % 62 0 64 16 44 90 71 41 2 58 74 70 33
95 32 0 39 15 29 98 % 98 29 15 39 0 32 95
62 25 40 69 19 14 39 % 39 14 19 69 40 25 62
54 9 33 6 12 16 96 % 96 16 12 6 33 9 54
41 70 64 2 86 74 64 99 95 50 53 25 28 % 28 25 53 50 95 99 64 74 86 2 64 70 41
22 11 66 8 90 52 47 % 47 52 90 8 66 11 22
15 3 41 57 84 23 47 % 47 23 84 57 41 3 15
26 64 48 96 4 9 87 % 87 9 4 96 48 64 26
71 6 78 6 67 65 75 % 75 65 67 6 78 6 71
25 24 37 11 82 51 57 % 57 51 82 11 37 24 25
7 81 6 76 43 28 5 % 5 28 43 76 6 81 7
7 45 69 39 73 63 88 43 90 70 13 56 30 % 30 56 13 70 90 43 88 63 73 39 69 45 7
72 73 71 70 89 25 35 83 82 63 88 56 77 % 77 56 88 63 82 83 35 25 89 70 71 73 72
21 30 89 35 10 63 90 % 90 63 10 35 89 30 21
78 83 97 98 67 34 11 24 64 32 21 71 28 % 28 71 21 32 64 24 11 34 67 98 97 83 78
28 72 84 98 59 40 32 % 32 40 59 98 84 72 28
69 88 1 60 56 44 24 72 0 57 94 16 81 % 81 16 94 57 0 72 24 44 56 60 1 88 69
96 94 23 64 81 90 83 54 39 8 17 60 43 % 43 60 17 8 39 54 83 90 81 64 23 94 96
45 2 93 51 62 19 79 62 9 76 58 73 97 % 97 73 58 76 9 62 79 19 62 51 93 2 45
65 85 10 78 86 34 86 % 86 34 86 78 10 85 65
7 69 16 1 52 53 37 % 37 53 52 1 16 69 7
25 79 39 45 48 6 13 % 13 6 48 45 39 79 25
2 68 53 3 39 58 15 % 15 58 39 3 53 68 2
32 93 63 29 48 12 2 32 90 9 90 70 23 % 23 70 90 9 90 32 2 12 48 29 63 93 32
87 10 32 68 46 17 28 90 35 80 53 28 35 % 35 28 53 80 35 90 28 17 46 68 32 10 87
17 18 71 57 42 85 13 % 13 85 42 57 71 18 17
52 66 26 9 71 16 14 % 14 16 71 9 26 66 52
82 17 81 86 32 15 9 77 73 31 31 9 77 % 77 9 31 31 73 77 9 15 32 86 81 17 82
60 79 58 80 64 63 77 % 77 63 64 80 58 79 60
9 96 96 78 48 26 68 % 68 26 48 78 96 96 9
24 26 1 28 63 23 83 % 83 23 63 28 1 26 24
17 95 8 35 66 62 88 % 88 62 66 35 8 95 17
44 9 69 92 85 96 73 % 73 96 85 92 69 9 44
53 22 87 54 34 8 65 7 38 33 39 7 9 % 9 7 39 33 38 7 65 8 34 54 87 22 53
30 62 92 33 18 35 10 % 10 35 18 33 92 62 30
65 4 66 19 19 3 2 17 98 10 20 77 76 % 76 77 20 10 98 17 2 3 19 19 66 4 65
96 26 40 37 14 17 76 3 50 44 11 75 78 % 78 75 11 44 50 3 76 17 14 37 40 26 96
68 66 22 48 78 79 98 % 98 79 78 48 22 66 68
10 93 50 15 81 13 82 39 18 32 62 4 44 % 44 4 62 32 18 39 82 13 81 15 50 93 10
53 93 57 33 88 70 48 % 48 70 88 33 57 93 53
66 56 81 27 83 42 54 % 54 42 83 27 81 56 66
57 26 15 0 68 50 57 % 57 50 68 0 15 26 57
98 91 11 94 69 24 19 % 19 24 69 94 11 91 98
14 20 4 28 37 89 92 % 92 89 37 28 4 20 14
76 46 10 38 0 84 66 % 66 84 0 38 10 46 76
3 51 26 0 75 79 45 % 45 79 75 0 26 51 3
0 78 16 37 48 64 26 39 39 48 19 4 13 % 13 4 19 48 39 39 26 64 48 37 16 78 0
38 50 21 27 25 82 35 % 35 82 25 27 21 50 38
85 41 19 94 60 26 9 52 0 65 43 94 36 % 36 94 43 65 0 52 9 26 60 94 19 41 85
24 1 9 31 49 22 1 % 1 22 49 31 9 1 24
47 96 2 44 12 65 99 % 99 65 12 44 2 96 47
27 25 71 13 25 9 2 71 34 39 91 77 72 % 72 77 91 39 34 71 2 9 25 13 71 25 27
60 18 1 91 66 3 21 7 37 57 75 94 77 % 77 94 75 57 37 7 21 3 66 91 1 18 60
87 67 19 83 17 73 4 17 30 43 88 36 86 % 86 36 88 43 30 17 4 73 17 83 19 67 87
65 20 8 35 49 86 36 % 36 86 49 35 8 20 65
43 71 47 39 82 80 95 45 10 7 18 75 16 % 16 75 18 7 10 45 95 80 82 39 47 71 43
98 37 69 86 34 32 59 % 59 32 34 86 69 37 98
28 5 74 71 79 37 70 % 70 37 79 71 74 5 28
7 16 40 76 82 40 5 % 5 40 82 76 40 16 7
68 15 85 6 35 93 64 % 64 93 35 6 85 15 68
64 49 39 81 68 82 62 60 84 65 41 57 3 % 3 57 41 65 84 60 62 82 68 81 39 49 64
52 98 26 49 42 90 19 % 19 90 42 49 26 98 52
59 93 86 89 62 59 51 1 58 51 74 66 30 % 30 66 74 51 58 1 51 59 62 89 86 93 59
30 38 81 32 84 4 49 92 29 52 75 30 32 % 32 30 75 52 29 92 49 4 84 32 81 38 30
74 89 80 85 56 24 19 % 19 24 56 85 80 89 74
14 7 67 4 78 74 54 % 54 74 78 4 67 7 14
42 98 13 18 74 99 38 % 38 99 74 18 13 98 42
68 93 71 66 32 72 57 % 57 72 32 66 71 93 68
23 81 30 32 28 40 72 % 72 40 28 32 30 81 23
37 60 66 18 11 88 39 % 39 88 11 18 66 60 37
32 67 77 1 72 84 79 % 79 84 72 1 77 67 32
83 32 69 69 93 28 68 85 50 68 89 87 45 % 45 87 89 68 50 85 68 28 93 69 69 32 83
93 93 97 15 71 73 96 3 21 62 73 91 84 % 84 91 73 62 21 3 96 73 71 15 97 93 93
95 50 58 64 81 4 29 48 95 51 18 73 56 % 56 73 18 51 95 48 29 4 81 64 58 50 95
7 16 26 90 72 80 21 35 47 59 33 94 72 % 72 94 33 59 47 35 21 80 72 90 26 16 7
6 59 23 40 20 8 44 % 44 8 20 40 23 59 6
21 89 70 81 80 86 75 % 75 86 80 81 70 89 21
26 48 16 24 10 40 78 87 85 82 26 23 25 % 25 23 26 82 85 87 78 40 10 24 16 48 26
72 23 31 53 7 40 58 % 58 40 7 53 31 23 72
90 24 8 36 60 99 58 % 58 99 60 36 8 24 90
55 0 76 83 67 22 92 89 12 27 68 9 12 % 12 9 68 27 12 89 92 22 67 83 76 0 55
52 85 86 82 28 36 63 % 63 36 28 82 86 85 52
65 60 86 79 23 48 50 % 50 48 23 79 86 60 65
22 18 20 72 62 63 90 51 64 85 86 64 25 % 25 64 86 85 64 51 90 63 62 72 20 18 22
87 24 46 0 99 51 43 24 85 83 83 21 67 % 67 21 83 83 85 24 43 51 99 0 46 24 87
24 28 35 90 1 0 44 80 82 79 45 45 81 % 81 45 45 79 82 80 44 0 1 90 35 28 24
49 70 46 33 96 70 52 % 52 70 96 33 46 70 49
93 10 14 66 93 44 28 75 68 15 9 24 89 % 89 24 9 15 68 75 28 44 93 66 14 10 93
50 31 71 11 13 23 73 46 95 22 45 11 21 % 21 11 45 22 95 46 73 23 13 11 71 31 50
94 3 0 32 88 69 88 % 88 69 88 32 0 3 94
69 80 91 91 70 64 52 88 47 49 2 49 93 % 93 49 2 49 47 88 52 64 70 91 91 80 69
89 44 3 18 44 46 32 % 32 46 44 18 3 44 89
12 98 34 5 83 56 44 77 95 14 63 87 58 % 58 87 63 14 95 77 44 56 83 5 34 98 12
35 35 17 92 52 30 24 74 1 73 42 6 0 % 0 6 42 73 1 74 24 30 52 92 17 35 35
28 32 85 32 16 54 65 24 28 74 88 68 99 % 99 68 88 74 28 24 65 54 16 32 85 32 28
79 16 80 65 90 74 28 89 83 60 17 57 71 % 71 57 17 60 83 89 28 74 90 65 80 16 79
63 63 40 89 16 1 3 17 46 58 84 63 41 % 41 63 84 58 46 17 3 1 16 89 40 63 63
88 0 9 81 96 22 18 20 20 76 3 63 20 % 20 63 3 76 20 20 18 22 96 81 9 0 88
59 32 3 53 34 71 48 % 48 71 34 53 3 32 59
48 87 98 29 53 65 67 % 67 65 53 29 98 87 48
30 97 25 97 63 6 71 17 38 4 33 89 64 % 64 89 33 4 38 17 71 6 63 97 25 97 30
39 44 27 49 41 42 35 65 78 40 7 0 81 % 81 0 7 40 78 65 35 42 41 49 27 44 39
27 83 23 29 85 70 33 33 38 50 34 92 21 % 21 92 34 50 38 33 33 70 85 29 23 83 27
4 77 11 53 47 22 22 % 22 22 47 53 11 77 4
80 6 50 79 3 89 49 18 11 28 97 57 9 % 9 57 97 28 11 18 49 89 3 79 50 6 80
78 57 51 84 45 64 18 % 18 64 45 84 51 57 78
46 43 23 58 88 69 56 % 56 69 88 58 23 43 46
7 11 40 97 11 71 12 27 82 98 54 15 54 % 54 15 54 98 82 27 12 71 11 97 40 11 7
63 13 10 35 43 14 96 86 1 70 33 44 51 % 51 44 33 70 1 86 96 14 43 35 10 13 63
57 40 14 63 43 85 22 % 22 85 43 63 14 40 57
55 56 40 54 22 84 45 85 80 94 5 61 15 % 15 61 5 94 80 85 45 84 22 54 40 56 55
83 4 7 76 64 88 11 32 38 29 76 26 31 % 31 26 76 29 38 32 11 88 64 76 7 4 83
49 32 46 59 50 56 15 % 15 56 50 59 46 32 49
53 83 81 80 24 63 24 2 88 81 41 38 76 % 76 38 41 81 88 2 24 63 24 80 81 83 53
33 23 65 3 91 41 39 41 99 22 17 80 46 % 46 80 17 22 99 41 39 41 91 3 65 23 33
50 3 17 97 12 5 51 % 51 5 12 97 17 3 50
76 20 44 62 25 76 56 60 61 66 45 34 78 % 78 34 45 66 61 60 56 76 25 62 44 20 76
67 72 62 3 74 46 74 % 74 46 74 3 62 72 67
90 99 7 34 91 91 18 83 13 8 14 29 39 % 39 29 14 8 13 83 18 91 91 34 7 99 90
43 84 14 87 4 14 8 % 8 14 4 87 14 84 43
81 96 32 93 50 20 60 % 60 20 50 93 32 96 81
78 83 12 92 87 46 18 96 86 25 32 31 14 % 14 31 32 25 86 96 18 46 87 92 12 83 78
18 15 61 54 51 86 25 44 79 28 37 46 86 % 86 46 37 28 79 44 25 86 51 54 61 15 18
19 67 11 64 82 2 55 % 55 2 82 64 11 67 19
12 67 45 87 4 25 8 6 48 91 62 65 82 % 82 65 62 91 48 6 8 25 4 87 45 67 12
71 47 14 23 50 58 88 79 39 88 35 7 91 % 91 7 35 88 39 79 88 58 50 23 14 47 71
7 16 61 61 71 41 63 80 61 96 3 32 44 % 44 32 3 96 61 80 63 41 71 61 61 16 7
30 33 99 26 73 80 0 % 0 80 73 26 99 33 30
56 70 16 96 85 18 68 12 27 73 79 66 15 % 15 66 79 73 27 12 68 18 85 96 16 70 56
42 81 45 75 59 94 83 % 83 94 59 75 45 81 42
16 2 16 55 68 68 18 % 18 68 68 55 16 2 16
48 80 40 9 76 81 81 % 81 81 76 9 40 80 48
1 43 54 90 25 75 14 2 93 74 81 31 19 % 19 31 81 74 93 2 14 75 25 90 54 43 1
29 51 57 59 82 5 30 95 39 2 6 42 25 % 25 42 6 2 39 95 30 5 82 59 57 51 29
9 14 72 70 23 28 93 % 93 28 23 70 72 14 9
71 41 25 27 92 74 37 % 37 74 92 27 25 41 71
57 65 13 90 56 3 60 72 91 93 80 3 24 % 24 3 80 93 91 72 60 3 56 90 13 65 57
47 37 50 21 72 54 76 48 67 90 88 96 1 % 1 96 88 90 67 48 76 54 72 21 50 37 47
79 12 84 9 0 43 98 % 98 43 0 9 84 12 79
60 61 8 77 24 67 32 % 32 67 24 77 8 61 60
58 36 1 42 36 66 94 % 94 66 36 42 1 36 58
73 32 62 62 24 40 92 % 92 40 24 62 62 32 73
89 11 80 80 81 80 60 53 7 2 29 96 15 % 15 96 29 2 7 53 60 80 81 80 80 11 89
49 48 42 12 30 80 43 95 42 21 64 87 53 % 53 87 64 21 42 95 43 80 30 12 42 48 49
6 61 75 9 70 25 31 39 5 96 12 25 6 % 6 25 12 96 5 39 31 25 70 9 75 61 6
38 8 23 53 61 52 42 % 42 52 61 53 23 8 38
20 70 41 6 68 85 74 8 34 14 74 93 89 % 89 93 74 14 34 8 74 85 68 6 41 70 20
81 35 24 80 8 98 35 8 32 33 78 25 44 % 44 25 78 33 32 8 35 98 8 80 24 35 81
42 69 62 6 47 90 16 % 16 90 47 6 62 69 42
39 66 70 91 40 74 42 % 42 74 40 91 70 66 39
47 56 8 88 1 32 67 60 36 31 1 44 19 % 19 44 1 31 36 60 67 32 1 88 8 56 47
5 4 8 30 51 61 64 33 89 35 52 94 48 % 48 94 52 35 89 33 64 61 51 30 8 4 5
22 95 74 0 49 59 45 % 45 59 49 0 74 95 22
29 11 40 7 65 20 29 % 29 20 65 7 40 11 29
38 15 68 95 18 84 38 6 85 33 2 38 98 % 98 38 2 33 85 6 38 84 18 95 68 15 38
95 46 18 81 6 37 86 37 50 7 19 38 44 % 44 38 19 7 50 37 86 37 6 81 18 46 95
94 61 98 61 26 45 42 50 61 47 44 48 78 % 78 48 44 47 61 50 42 45 26 61 98 61 94
6 4 38 19 43 13 13 73 15 48 30 72 59 % 59 72 30 48 15 73 13 13 43 19 38 4 6
70 38 1 33 46 34 32 67 8 49 99 54 15 % 15 54 99 49 8 67 32 34 46 33 1 38 70
71 90 93 35 11 55 9 % 9 55 11 35 93 90 71
42 82 70 77 21 89 11 12 95 94 31 80 18 % 18 80 31 94 95 12 11 89 21 77 70 82 42
42 52 48 58 30 76 51 39 4 46 77 27 79 % 79 27 77 46 4 39 51 76 30 58 48 52 42
97 95 15 12 9 96 40 % 40 96 9 12 15 95 97
9 44 11 97 68 85 44 16 74 78 93 16 37 % 37 16 93 78 74 16 44 85 68 97 11 44 9
10 11 70 50 14 59 0 33 64 93 69 99 29 % 29 99 69 93 64 33 0 59 14 50 70 11 10
81 94 31 54 67 40 49 20 70 79 77 7 13 % 13 7 77 79 70 20 49 40 67 54 31 94 81
96 14 17 5 66 70 99 67 37 18 86 4 50 % 50 4 86 18 37 67 99 70 66 5 17 14 96
14 58 80 19 91 66 83 70 66 84 91 9 47 % 47 9 91 84 66 70 83 66 91 19 80 58 14
36 91 55 72 81 10 53 % 53 10 81 72 55 91 36
13 96 11 30 83 13 73 18 81 16 8 6 84 % 84 6 8 16 81 18 73 13 83 30 11 96 13
78 46 75 39 55 46 8 % 8 46 55 39 75 46 78
29 43 45 42 82 23 83 % 83 23 82 42 45 43 29
67 28 64 11 94 6 43 % 43 6 94 11 64 28 67
18 68 76 32 48 41 15 90 8 76 8 25 26 % 26 25 8 76 8 90 15 41 48 32 76 68 18
95 78 13 6 2 53 37 31 14 25 29 74 20 % 20 74 29 25 14 31 37 53 2 6 13 78 95
93 99 87 12 22 61 43 90 45 27 3 90 55 % 55 90 3 27 45 90 43 61 22 12 87 99 93
11 3 68 75 7 3 22 % 22 3 7 75 68 3 11
16 85 58 5 64 23 89 % 89 23 64 5 58 85 16
79 36 17 54 50 57 22 14 54 24 93 60 30 % 30 60 93 24 54 14 22 57 50 54 17 36 79
26 27 12 67 58 59 66 83 73 71 68 19 74 % 74 19 68 71 73 83 66 59 58 67 12 27 26
72 48 63 18 1 42 69 32 64 73 32 69 84 % 84 69 32 73 64 32 69 42 1 18 63 48 72
96 23 74 83 78 38 45 54 73 56 95 55 26 % 26 55 95 56 73 54 45 38 78 83 74 23 96
59 89 6 94 47 92 73 % 73 92 47 94 6 89 59
3 43 56 47 54 47 89 % 89 47 54 47 56 43 3
13 67 66 64 43 46 29 0 29 15 80 2 48 % 48 2 80 15 29 0 29 46 43 64 66 67 13
65 70 62 29 4 19 39 % 39 19 4 29 62 70 65
52 69 36 75 17 80 12 27 17 19 87 91 19 % 19 91 87 19 17 27 12 80 17 75 36 69 52
47 76 31 7 14 99 61 15 19 48 35 90 74 % 74 90 35 48 19 15 61 99 14 7 31 76 47
89 21 61 2 84 5 18 % 18 5 84 2 61 21 89
3 84 39 36 75 59 82 39 33 44 51 41 84 % 84 41 51 44 33 39 82 59 75 36 39 84 3
57 89 9 19 7 57 70 % 70 57 7 19 9 89 57
82 20 43 34 4 43 58 77 39 75 82 84 40 % 40 84 82 75 39 77 58 43 4 34 43 20 82
44 21 27 99 46 92 72 2 39 98 43 92 59 % 59 92 43 98 39 2 72 92 46 99 27 21 44
30 21 29 38 15 84 86 % 86 84 15 38 29 21 30
14 71 80 26 30 92 67 10 97 51 22 71 14 % 14 71 22 51 97 10 67 92 30 26 80 71 14
61 67 43 94 61 49 53 61 17 82 2 41 29 % 29 41 2 82 17 61 53 49 61 94 43 67 61
49 47 20 95 33 87 82 43 22 81 1 62 14 % 14 62 1 81 22 43 82 87 33 95 20 47 49
97 72 69 15 0 29 78 2 36 56 31 64 71 % 71 64 31 56 36 2 78 29 0 15 69 72 97
41 95 6 40 52 86 77 94 43 56 35 22 85 % 85 22 35 56 43 94 77 86 52 40 6 95 41
5 50 0 35 85 66 57 % 57 66 85 35 0 50 5
53 93 93 66 51 34 98 % 98 34 51 66 93 93 53
16 42 9 53 57 76 84 26 11 56 84 89 61 % 61 89 84 56 11 26 84 76 57 53 9 42 16
91 97 14 32 52 3 18 % 18 3 52 32 14 97 91
62 9 28 53 11 84 7 43 87 10 11 84 84 % 84 84 11 10 87 43 7 84 11 53 28 9 62
35 38 4 40 31 26 52 10 29 34 18 22 78 % 78 22 18 34 29 10 52 26 31 40 4 38 35
10 69 50 86 87 9 54 92 3 40 34 22 77 % 77 22 34 40 3 92 54 9 87 86 50 69 10
90 60 50 98 55 38 6 89 6 18 56 63 96 % 96 63 56 18 6 89 6 38 55 98 50 60 90
80 12 84 8 39 25 21 % 21 25 39 8 84 12 80
79 8 49 86 23 45 11 % 11 45 23 86 49 8 79
99 85 2 41 33 12 31 71 22 28 30 26 3 % 3 26 30 28 22 71 31 12 33 41 2 85 99
53 82 95 65 43 5 45 % 45 5 43 65 95 82 53
75 89 42 33 5 61 77 32 93 11 0 64 0 % 0 64 0 11 93 32 77 61 5 33 42 89 75
34 97 43 72 6 19 10 63 77 50 25 3 60 % 60 3 25 50 77 63 10 19 6 72 43 97 34
52 52 82 39 67 0 37 % 37 0 67 39 82 52 52
22 51 56 74 29 42 35 % 35 42 29 74 56 51 22
34 8 97 12 17 31 43 71 71 54 47 31 53 % 53 31 47 54 71 71 43 31 17 12 97 8 34
93 25 44 77 9 29 33 % 33 29 9 77 44 25 93
53 67 15 27 81 53 1 % 1 53 81 27 15 67 53
93 58 24 27 85 91 26 % 26 91 85 27 24 58 93
64 80 71 43 91 69 57 53 4 8 30 53 41 % 41 53 30 8 4 53 57 69 91 43 71 80 64
5 43 67 64 54 51 92 83 95 37 88 75 49 % 49 75 88 37 95 83 92 51 54 64 67 43 5
64 24 27 10 54 25 23 15 75 38 38 22 86 % 86 22 38 38 75 15 23 25 54 10 27 24 64
87 46 86 41 21 76 36 % 36 76 21 41 86 46 87
87 44 47 36 73 67 66 % 66 67 73 36 47 44 87
64 29 34 28 26 25 92 78 22 65 35 60 68 % 68 60 35 65 22 78 92 25 26 28 34 29 64
49 37 59 30 92 50 55 2 10 22 17 94 3 % 3 94 17 22 10 2 55 50 92 30 59 37 49
57 90 80 4 56 65 85 % 85 65 56 4 80 90 57
16 99 60 34 76 90 83 % 83 90 76 34 60 99 16
94 8 47 38 9 73 37 11 66 9 15 17 26 % 26 17 15 9 66 11 37 73 9 38 47 8 94
77 25 99 74 78 2 5 0 6 89 18 7 8 % 8 7 18 89 6 0 5 2 78 74 99 25 77
22 1 79 28 34 79 39 87 68 67 17 5 95 % 95 5 17 67 68 87 39 79 34 28 79 1 22
47 90 69 72 41 73 28 27 41 26 58 5 30 % 30 5 58 26 41 27 28 73 41 72 69 90 47
21 10 36 29 74 19 44 75 75 82 45 28 15 % 15 28 45 82 75 75 44 19 74 29 36 10 21
61 94 44 41 75 76 43 59 62 5 23 22 88 % 88 22 23 5 62 59 43 76 75 41 44 94 61
25 16 56 52 40 5 60 % 60 5 40 52 56 16 25
3 81 45 3 73 11 14 % 14 11 73 3 45 81 3
5 86 70 85 69 30 14 0 74 24 49 68 71 % 71 68 49 24 74 0 14 30 69 85 70 86 5
9 36 5 39 78 5 81 1 43 99 37 16 73 % 73 16 37 99 43 1 81 5 78 39 5 36 9
77 47 77 44 36 12 50 32 68 78 30 31 67 % 67 31 30 78 68 32 50 12 36 44 77 47 77
14 63 62 24 23 52 12 1 18 14 95 50 30 % 30 50 95 14 18 1 12 52 23 24 62 63 14
0 26 97 70 60 40 88 % 88 40 60 70 97 26 0
93 40 91 75 5 7 26 % 26 7 5 75 91 40 93
49 26 17 40 77 52 56 97 41 1 56 45 18 % 18 45 56 1 41 97 56 52 77 40 17 26 49
54 66 81 32 29 17 87 % 87 17 29 32 81 66 54
6 80 16 78 3 71 4 17 38 35 96 69 73 % 73 69 96 35 38 17 4 71 3 78 16 80 6
60 47 50 45 61 30 31 84 74 6 88 29 18 % 18 29 88 6 74 84 31 30 61 45 50 47 60
17 63 12 11 70 42 55 41 23 6 69 63 42 % 42 63 69 6 23 41 55 42 70 11 12 63 17
91 94 98 70 89 74 37 65 89 70 82 46 66 % 66 46 82 70 89 65 37 74 89 70 98 94 91
28 88 0 98 4 61 90 83 11 32 27 88 63 % 63 88 27 32 11 83 90 61 4 98 0 88 28
63 16 98 93 99 36 60 46 44 4 86 81 3 % 3 81 86 4 44 46 60 36 99 93 98 16 63
61 52 75 37 60 78 14 % 14 78 60 37 75 52 61
40 96 88 56 38 69 87 73 24 68 13 44 36 % 36 44 13 68 24 73 87 69 38 56 88 96 40
44 23 95 71 57 51 94 84 53 60 2 34 42 % 42 34 2 60 53 84 94 51 57 71 95 23 44
70 57 17 70 2 94 68 66 29 93 74 86 19 % 19 86 74 93 29 66 68 94 2 70 17 57 70
26 50 9 99 54 47 36 % 36 47 54 99 9 50 26
0 67 87 17 82 90 30 % 30 90 82 17 87 67 0
49 91 73 74 7 37 19 % 19 37 7 74 73 91 49
70 49 98 96 22 54 71 22 0 19 28 61 97 % 97 61 28 19 0 22 71 54 22 96 98 49 70
9 38 16 49 19 20 99 % 99 20 19 49 16 38 9
28 68 67 0 21 63 69 51 48 41 83 42 63 % 63 42 83 41 48 51 69 63 21 0 67 68 28
76 86 51 30 27 73 49 % 49 73 27 30 51 86 76
93 44 26 15 3 11 1 78 65 40 29 51 87 % 87 51 29 40 65 78 1 11 3 15 26 44 93
62 80 33 57 16 7 95 88 5 81 53 64 99 % 99 64 53 81 5 88 95 7 16 57 33 80 62
50 86 27 87 50 58 85 % 85 58 50 87 27 86 50
80 85 42 21 85 41 4 % 4 41 85 21 42 85 80
64 20 77 88 9 69 94 21 38 40 80 72 14 % 14 72 80 40 38 21 94 69 9 88 77 20 64
83 64 92 81 98 35 52 32 50 99 99 3 26 % 26 3 99 99 50 32 52 35 98 81 92 64 83
67 36 8 13 55 67 8 % 8 67 55 13 8 36 67
21 29 81 45 48 37 61 33 89 1 47 53 49 % 49 53 47 1 89 33 61 37 48 45 81 29 21
65 20 3 84 66 4 33 % 33 4 66 84 3 20 65
62 28 55 29 3 57 58 % 58 57 3 29 55 28 62
38 1 34 39 26 7 34 % 34 7 26 39 34 1 38
0 47 0 43 17 70 64 37 61 14 95 3 15 % 15 3 95 14 61 37 64 70 17 43 0 47 0
71 38 99 21 3 77 98 18 32 88 55 4 41 % 41 4 55 88 32 18 98 77 3 21 99 38 71
64 59 99 22 52 84 62 66 39 64 51 31 54 % 54 31 51 64 39 66 62 84 52 22 99 59 64
97 85 1 0 21 16 90 42 65 12 58 71 44 % 44 71 58 12 65 42 90 16 21 0 1 85 97
76 15 69 3 46 85 73 38 79 13 80 40 88 % 88 40 80 13 79 38 73 85 46 3 69 15 76
46 35 45 98 21 99 44 78 56 24 23 60 69 % 69 60 23 24 56 78 44 99 21 98 45 35 46
63 31 39 0 25 96 55 % 55 96 25 0 39 31 63
40 58 71 75 38 68 55 % 55 68 38 75 71 58 40
55 64 72 66 40 90 74 % 74 90 40 66 72 64 55
28 89 55 22 85 84 67 % 67 84 85 22 55 89 28
12 6 49 71 82 47 21 % 21 47 82 71 49 6 12
64 18 58 65 13 85 88 % 88 85 13 65 58 18 64
64 54 13 90 45 43 47 % 47 43 45 90 13 54 64
76 43 83 13 84 49 93 % 93 49 84 13 83 43 76
71 38 3 15 74 68 13 8 4 13 74 41 90 % 90 41 74 13 4 8 13 68 74 15 3 38 71
66 25 33 28 83 2 78 72 44 37 17 28 46 % 46 28 17 37 44 72 78 2 83 28 33 25 66
13 0 18 61 40 44 37 36 64 73 51 79 49 % 49 79 51 73 64 36 37 44 40 61 18 0 13
31 14 21 49 34 70 72 % 72 70 34 49 21 14 31
50 15 51 47 25 35 39 36 10 57 72 35 52 % 52 35 72 57 10 36 39 35 25 47 51 15 50
85 60 27 19 49 5 2 % 2 5 49 19 27 60 85
87 50 20 3 85 82 83 % 83 82 85 3 20 50 87
28 17 1 85 19 55 79 38 49 80 97 78 27 % 27 78 97 80 49 38 79 55 19 85 1 17 28
21 34 3 96 94 81 40 % 40 81 94 96 3 34 21
38 1 33 22 98 74 21 17 59 22 43 12 92 % 92 12 43 22 59 17 21 74 98 22 33 1 38
49 6 4 80 35 71 18 78 7 8 97 3 48 % 48 3 97 8 7 78 18 71 35 80 4 6 49
96 16 39 69 75 98 69 % 69 98 75 69 39 16 96
5 10 56 54 76 43 67 % 67 43 76 54 56 10 5
58 43 46 77 98 46 52 % 52 46 98 77 46 43 58
5 62 7 28 94 74 6 0 32 81 26 26 88 % 88 26 26 81 32 0 6 74 94 28 7 62 5
19 58 62 26 74 41 93 93 91 91 75 89 4 % 4 89 75 91 91 93 93 41 74 26 62 58 19
41 84 12 93 70 82 68 8 54 29 70 54 49 % 49 54 70 29 54 8 68 82 70 93 12 84 41
18 52 43 58 31 35 81 % 81 35 31 58 43 52 18
16 46 85 87 89 95 63 % 63 95 89 87 85 46 16
50 59 75 87 29 15 11 % 11 15 29 87 75 59 50
34 43 72 2 79 18 26 % 26 18 79 2 72 43 34
7 84 74 31 14 5 93 16 95 99 91 8 1 % 1 8 91 99 95 16 93 5 14 31 74 84 7
41 22 43 49 88 90 35 60 3 79 63 94 73 % 73 94 63 79 3 60 35 90 88 49 43 22 41
1 50 84 51 42 78 73 % 73 78 42 51 84 50 1
45 9 33 7 47 22 34 % 34 22 47 7 33 9 45
31 87 89 76 25 48 92 14 19 73 7 92 52 % 52 92 7 73 19 14 92 48 25 76 89 87 31
59 73 83 31 84 18 54 41 8 26 49 54 75 % 75 54 49 26 8 41 54 18 84 31 83 73 59
11 75 28 51 59 72 29 69 95 36 88 75 6 % 6 75 88 36 95 69 29 72 59 51 28 75 11
78 81 0 90 75 93 44 % 44 93 75 90 0 81 78
72 15 16 82 92 39 89 53 42 42 16 54 88 % 88 54 16 42 42 53 89 39 92 82 16 15 72
70 70 45 70 80 77 70 % 70 77 80 70 45 70 70
50 43 25 67 32 94 42 % 42 94 32 67 25 43 50
50 60 16 7 56 91 74 % 74 91 56 7 16 60 50
6 20 0 20 28 95 15 39 13 69 54 84 15 % 15 84 54 69 13 39 15 95 28 20 0 20 6
40 31 50 65 30 95 12 % 12 95 30 65 50 31 40
20 71 47 80 52 12 33 0 67 63 40 67 75 % 75 67 40 63 67 0 33 12 52 80 47 71 20
44 70 18 25 20 53 65 % 65 53 20 25 18 70 44
79 46 94 28 17 79 80 % 80 79 17 28 94 46 79
52 0 81 69 71 65 89 84 69 84 42 51 74 % 74 51 42 84 69 84 89 65 71 69 81 0 52
84 82 2 90 62 23 44 % 44 23 62 90 2 82 84
16 18 84 9 77 76 88 69 99 56 70 5 72 % 72 5 70 56 99 69 88 76 77 9 84 18 16
0 6 37 18 4 63 18 % 18 63 4 18 37 6 0
10 8 11 71 15 90 76 43 17 93 98 30 64 % 64 30 98 93 17 43 76 90 15 71 11 8 10
44 89 13 11 47 81 92 % 92 81 47 11 13 89 44
89 50 29 20 5 39 47 % 47 39 5 20 29 50 89
53 52 38 7 9 95 46 6 86 11 98 54 35 % 35 54 98 11 86 6 46 95 9 7 38 52 53
54 60 67 97 17 35 64 83 67 41 57 5 37 % 37 5 57 41 67 83 64 35 17 97 67 60 54
41 86 28 3 79 95 47 57 53 58 48 91 89 % 89 91 48 58 53 57 47 95 79 3 28 86 41
42 68 43 2 80 62 39 7 74 91 57 1 23 % 23 1 57 91 74 7 39 62 80 2 43 68 42
57 43 85 55 57 78 98 64 2 53 69 40 18 % 18 40 69 53 2 64 98 78 57 55 85 43 57
96 48 93 10 90 94 48 % 48 94 90 10 93 48 96
23 40 9 54 23 79 95 % 95 79 23 54 9 40 23
66 78 24 38 73 79 62 39 67 24 24 22 60 % 60 22 24 24 67 39 62 79 73 38 24 78 66
23 8 31 7 77 50 58 3 14 28 93 44 86 % 86 44 93 28 14 3 58 50 77 7 31 8 23
92 96 86 66 43 74 79 % 79 74 43 66 86 96 92
27 83 64 85 64 22 39 5 21 81 93 40 28 % 28 40 93 81 21 5 39 22 64 85 64 83 27
55 39 6 12 29 89 87 88 56 38 21 2 82 % 82 2 21 38 56 88 87 89 29 12 6 39 55
98 74 20 91 88 30 34 % 34 30 88 91 20 74 98
16 29 52 84 61 76 39 % 39 76 61 84 52 29 16
37 94 15 19 40 87 48 % 48 87 40 19 15 94 37
23 97 49 2 96 76 93 52 0 13 18 50 95 % 95 50 18 13 0 52 93 76 96 2 49 97 23
23 10 68 26 4 16 36 % 36 16 4 26 68 10 23
48 83 58 37 63 51 81 % 81 51 63 37 58 83 48
35 74 40 2 41 69 73 % 73 69 41 2 40 74 35
41 26 57 81 40 61 99 51 30 27 88 9 50 % 50 9 88 27 30 51 99 61 40 81 57 26 41
40 20 8 53 48 51 65 9 41 25 3 40 87 % 87 40 3 25 41 9 65 51 48 53 8 20 40
92 37 19 36 25 62 50 % 50 62 25 36 19 37 92
32 31 32 59 76 53 59 82 85 17 9 85 76 % 76 85 9 17 85 82 59 53 76 59 32 31 32
17 52 72 65 97 16 20 % 20 16 97 65 72 52 17
87 2 71 38 61 66 33 % 33 66 61 38 71 2 87
87 6 7 12 53 41 31 % 31 41 53 12 7 6 87
94 4 16 33 91 28 7 87 45 76 78 50 6 % 6 50 78 76 45 87 7 28 91 33 16 4 94
65 38 36 37 0 10 39 % 39 10 0 37 36 38 65
26 61 80 0 3 53 20 9 2 76 37 68 37 % 37 68 37 76 2 9 20 53 3 0 80 61 26
22 1 49 73 73 72 14 91 77 53 29 99 50 % 50 99 29 53 77 91 14 72 73 73 49 1 22
99 68 45 82 93 73 44 60 5 5 21 53 10 % 10 53 21 5 5 60 44 73 93 82 45 68 99
77 14 51 40 46 94 58 % 58 94 46 40 51 14 77
39 10 39 58 62 36 39 65 81 99 67 6 19 % 19 6 67 99 81 65 39 36 62 58 39 10 39
79 41 67 5 12 93 38 % 38 93 12 5 67 41 79
24 83 7 16 39 54 44 % 44 54 39 16 7 83 24
69 35 98 74 40 48 40 62 76 59 6 78 25 % 25 78 6 59 76 62 40 48 40 74 98 35 69
67 18 73 51 4 21 62 82 11 94 59 62 35 % 35 62 59 94 11 82 62 21 4 51 73 18 67
99 50 41 13 16 92 83 3 1 93 14 15 90 % 90 15 14 93 1 3 83 92 16 13 41 50 99
81 54 2 93 13 9 97 % 97 9 13 93 2 54 81
49 91 86 84 17 21 53 72 44 2 89 2 45 % 45 2 89 2 44 72 53 21 17 84 86 91 49
2 14 5 20 2 6 93 46 11 41 94 26 14 % 14 26 94 41 11 46 93 6 2 20 5 14 2
15 30 45 49 68 19 1 % 1 19 68 49 45 30 15
35 88 75 94 98 61 85 % 85 61 98 94 75 88 35
67 82 42 74 11 71 96 % 96 71 11 74 42 82 67
84 94 94 31 95 64 51 % 51 64 95 31 94 94 84
20 90 62 39 35 96 41 49 29 9 71 92 40 % 40 92 71 9 29 49 41 96 35 39 62 90 20
41 45 69 34 2 65 33 % 33 65 2 34 69 45 41
1 43 31 46 12 88 91 % 91 88 12 46 31 43 1
0 36 61 77 96 82 81 % 81 82 96 77 61 36 0
83 79 91 73 84 72 24 % 24 72 84 73 91 79 83
73 88 42 87 56 2 8 92 98 80 60 49 55 % 55 49 60 80 98 92 8 2 56 87 42 88 73
86 87 64 85 71 54 93 24 3 8 64 7 57 % 57 7 64 8 3 24 93 54 71 85 64 87 86
72 40 66 29 60 29 68 % 68 29 60 29 66 40 72
64 37 51 21 64 94 59 85 34 33 70 88 24 % 24 88 70 33 34 85 59 94 64 21 51 37 64
83 75 65 87 27 48 24 23 92 8 75 4 9 % 9 4 75 8 92 23 24 48 27 87 65 75 83
3 41 52 27 99 28 45 % 45 28 99 27 52 41 3
70 1 94 31 94 91 12 54 24 52 70 82 12 % 12 82 70 52 24 54 12 91 94 31 94 1 70
90 80 46 44 13 94 10 % 10 94 13 44 46 80 90
34 62 15 16 31 32 66 % 66 32 31 16 15 62 34
22 37 55 85 82 73 6 77 63 4 53 81 35 % 35 81 53 4 63 77 6 73 82 85 55 37 22
3 19 67 46 87 59 48 8 83 12 20 2 49 % 49 2 20 12 83 8 48 59 87 46 67 19 3
97 54 49 43 79 24 64 % 64 24 79 43 49 54 97
93 77 61 80 6 92 23 17 38 51 85 64 59 % 59 64 85 51 38 17 23 92 6 80 61 77 93
24 37 32 66 76 84 67 % 67 84 76 66 32 37 24
87 49 44 60 4 61 9 5 62 40 56 93 0 % 0 93 56 40 62 5 9 61 4 60 44 49 87
50 64 81 48 87 70 41 % 41 70 87 48 81 64 50
33 93 37 29 41 69 27 % 27 69 41 29 37 93 33
76 92 82 16 44 68 59 % 59 68 44 16 82 92 76
99 75 6 88 17 72 70 % 70 72 17 88 6 75 99
66 34 95 7 36 76 27 81 23 35 82 56 38 % 38 56 82 35 23 81 27 76 36 7 95 34 66
56 33 56 61 36 96 79 7 90 14 14 43 91 % 91 43 14 14 90 7 79 96 36 61 56 33 56
96 98 3 40 63 37 31 42 77 23 28 80 97 % 97 80 28 23 77 42 31 37 63 40 3 98 96
61 39 52 2 86 31 39 91 58 81 45 24 54 % 54 24 45 81 58 91 39 31 86 2 52 39 61
77 21 64 47 27 75 75 % 75 75 27 47 64 21 77
19 46 37 76 21 74 49 46 32 30 26 30 18 % 18 30 26 30 32 46 49 74 21 76 37 46 19
92 19 11 46 14 50 36 62 23 5 15 97 5 % 5 97 15 5 23 62 36 50 14 46 11 19 92
42 51 31 25 76 63 49 75 62 29 31 2 78 % 78 2 31 29 62 75 49 63 76 25 31 51 42
8 85 97 80 94 91 50 % 50 91 94 80 97 85 8
55 40 49 40 37 54 39 % 39 54 37 40 49 40 55
88 11 87 98 8 83 55 53 46 6 50 51 84 % 84 51 50 6 46 53 55 83 8 98 87 11 88
58 57 90 82 18 74 30 % 30 74 18 82 90 57 58
98 97 69 81 89 19 11 56 13 82 31 9 6 % 6 9 31 82 13 56 11 19 89 81 69 97 98
16 44 83 52 64 96 25 % 25 96 64 52 83 44 16
87 53 46 92 59 0 45 24 36 61 60 4 22 % 22 4 60 61 36 24 45 0 59 92 46 53 87
9 73 34 33 25 15 91 15 1 26 86 29 27 % 27 29 86 26 1 15 91 15 25 33 34 73 9
89 87 0 81 42 66 4 % 4 66 42 81 0 87 89
55 47 40 92 63 44 63 17 31 11 40 36 36 % 36 36 40 11 31 17 63 44 63 92 40 47 55
72 88 78 58 94 82 37 4 44 88 2 42 47 % 47 42 2 88 44 4 37 82 94 58 78 88 72
33 34 85 25 78 76 24 % 24 76 78 25 85 34 33
41 37 73 56 48 32 46 % 46 32 48 56 73 37 41
63 40 7 32 7 38 84 % 84 38 7 32 7 40 63
94 84 83 41 63 7 59 70 84 27 45 67 63 % 63 67 45 27 84 70 59 7 63 41 83 84 94
48 96 44 60 36 13 49 % 49 13 36 60 44 96 48
72 47 80 48 57 79 69 % 69 79 57 48 80 47 72
46 78 12 15 32 86 95 % 95 86 32 15 12 78 46
61 84 4 84 74 29 26 % 26 29 74 84 4 84 61
7 39 89 94 18 90 66 79 97 47 40 64 94 % 94 64 40 47 97 79 66 90 18 94 89 39 7
44 5 26 78 93 63 38 % 38 63 93 78 26 5 44
78 81 8 20 28 52 84 27 63 50 83 79 2 % 2 79 83 50 63 27 84 52 28 20 8 81 78
59 61 5 12 19 27 35 92 29 54 64 91 30 % 30 91 64 54 29 92 35 27 19 12 5 61 59
15 24 26 60 44 23 98 % 98 23 44 60 26 24 15
90 51 91 44 60 74 85 47 56 65 29 22 76 % 76 22 29 65 56 47 85 74 60 44 91 51 90
55 59 1 63 2 77 32 80 72 2 90 60 97 % 97 60 90 2 72 80 32 77 2 63 1 59 55
22 79 33 96 46 80 33 % 33 80 46 96 33 79 22
71 55 63 39 10 74 33 30 61 97 58 10 36 % 36 10 58 97 61 30 33 74 10 39 63 55 71
50 17 80 40 78 54 35 % 35 54 78 40 80 17 50
55 41 90 98 19 98 55 74 28 53 94 10 63 % 63 10 94 53 28 74 55 98 19 98 90 41 55
15 54 87 86 37 39 80 70 39 27 52 82 12 % 12 82 52 27 39 70 80 39 37 86 87 54 15
62 95 14 50 96 91 75 % 75 91 96 50 14 95 62
25 50 98 37 19 40 17 % 17 40 19 37 98 50 25
61 99 12 43 1 76 45 % 45 76 1 43 12 99 61
99 94 26 29 79 44 57 64 44 78 85 2 60 % 60 2 85 78 44 64 57 44 79 29 26 94 99
15 13 81 22 47 8 99 92 34 29 91 57 64 % 64 57 91 29 34 92 99 8 47 22 81 13 15
83 3 87 0 88 84 55 6 28 97 85 15 38 % 38 15 85 97 28 6 55 84 88 0 87 3 83
62 14 42 60 9 82 80 13 4 53 7 29 69 % 69 29 7 53 4 13 80 82 9 60 42 14 62
6 90 56 88 42 75 12 % 12 75 42 88 56 90 6
35 63 26 54 9 25 61 42 10 61 80 41 88 % 88 41 80 61 10 42 61 25 9 54 26 63 35
41 34 26 43 99 17 87 3 55 86 24 2 17 % 17 2 24 86 55 3 87 17 99 43 26 34 41
97 37 33 82 23 86 68 % 68 86 23 82 33 37 97
24 76 13 34 40 16 40 % 40 16 40 34 13 76 24
42 89 48 5 74 2 65 84 17 53 21 98 80 % 80 98 21 53 17 84 65 2 74 5 48 89 42
84 17 28 71 45 65 99 25 21 81 85 74 11 % 11 74 85 81 21 25 99 65 45 71 28 17 84
5 49 64 32 55 0 40 % 40 0 55 32 64 49 5
28 17 81 11 54 9 70 17 45 32 14 30 74 % 74 30 14 32 45 17 70 9 54 11 81 17 28
52 82 73 92 35 49 35 8 57 47 87 40 96 % 96 40 87 47 57 8 35 49 35 92 73 82 52
62 59 77 14 68 76 52 21 34 3 37 43 41 % 41 43 37 3 34 21 52 76 68 14 77 59 62
85 3 60 52 27 4 54 36 46 54 57 4 65 % 65 4 57 54 46 36 54 4 27 52 60 3 85
54 12 13 58 54 88 28 11 83 88 32 62 21 % 21 62 32 88 83 11 28 88 54 58 13 12 54
56 4 62 34 60 79 72 % 72 79 60 34 62 4 56
67 77 57 33 44 92 90 % 90 92 44 33 57 77 67
0 53 5 14 49 96 23 % 23 96 49 14 5 53 0
52 57 35 16 98 16 13 37 56 19 30 33 83 % 83 33 30 19 56 37 13 16 98 16 35 57 52
36 73 43 84 67 99 80 55 25 27 84 32 79 % 79 32 84 27 25 55 80 99 67 84 43 73 36
78 99 21 53 14 48 1 % 1 48 14 53 21 99 78
48 40 6 13 37 70 29 % 29 70 37 13 6 40 48
61 88 99 59 93 1 1 % 1 1 93 59 99 88 61
46 65 64 89 84 31 29 % 29 31 84 89 64 65 46
57 2 97 96 1 36 37 81 93 56 71 25 41 % 41 25 71 56 93 81 37 36 1 96 97 2 57
42 99 57 83 57 37 26 4 67 95 18 70 61 % 61 70 18 95 67 4 26 37 57 83 57 99 42
52 42 58 36 15 16 75 % 75 16 15 36 58 42 52
19 90 56 10 54 17 12 % 12 17 54 10 56 90 19
20 24 33 58 80 14 24 64 75 40 26 8 58 % 58 8 26 40 75 64 24 14 80 58 33 24 20
56 72 76 63 64 43 56 % 56 43 64 63 76 72 56
37 88 92 33 31 99 91 % 91 99 31 33 92 88 37
51 39 48 45 49 34 82 % 82 34 49 45 48 39 51
50 27 32 79 7 12 63 % 63 12 7 79 32 27 50
95 54 57 53 16 6 66 59 87 17 64 20 30 % 30 20 64 17 87 59 66 6 16 53 57 54 95
89 75 38 50 8 11 81 % 81 11 8 50 38 75 89
35 89 73 39 57 83 23 % 23 83 57 39 73 89 35
39 20 90 12 43 5 97 % 97 5 43 12 90 20 39
40 7 70 52 45 13 2 % 2 13 45 52 70 7 40
20 4 66 18 73 36 74 % 74 36 73 18 66 4 20
56 16 89 83 76 20 92 % 92 20 76 83 89 16 56
9 10 26 8 10 35 82 14 22 76 70 63 32 % 32 63 70 76 22 14 82 35 10 8 26 10 9
3 60 56 47 14 23 8 % 8 23 14 47 56 60 3
34 57 42 46 32 87 6 72 59 43 38 8 27 % 27 8 38 43 59 72 6 87 32 46 42 57 34
10 70 66 57 75 49 20 % 20 49 75 57 66 70 10
13 73 56 26 33 71 40 % 40 71 33 26 56 73 13
35 5 19 28 89 46 11 % 11 46 89 28 19 5 35
44 41 88 38 62 79 16 37 31 66 15 74 67 % 67 74 15 66 31 37 16 79 62 38 88 41 44
41 39 34 15 53 40 40 86 73 58 9 58 14 % 14 58 9 58 73 86 40 40 53 15 34 39 41
11 54 57 62 30 74 31 65 35 49 40 25 51 % 51 25 40 49 35 65 31 74 30 62 57 54 11
6 33 91 21 72 83 73 % 73 83 72 21 91 33 6
27 65 60 92 18 51 75 86 2 19 97 27 68 % 68 27 97 19 2 86 75 51 18 92 60 65 27
26 87 47 62 30 50 78 % 78 50 30 62 47 87 26
27 51 17 20 38 28 79 % 79 28 38 20 17 51 27
86 78 3 16 38 35 21 7 57 20 75 80 64 % 64 80 75 20 57 7 21 35 38 16 3 78 86
34 7 8 67 86 36 74 % 74 36 86 67 8 7 34
18 52 3 49 55 77 15 % 15 77 55 49 3 52 18
28 75 42 61 38 35 73 3 87 88 48 35 93 % 93 35 48 88 87 3 73 35 38 61 42 75 28
53 36 48 34 56 62 17 % 17 62 56 34 48 36 53
36 39 87 21 12 16 38 12 56 61 31 65 67 % 67 65 31 61 56 12 38 16 12 21 87 39 36
40 15 1 79 66 67 14 % 14 67 66 79 1 15 40
67 6 66 22 17 58 30 26 56 88 50 47 4 % 4 47 50 88 56 26 30 58 17 22 66 6 67
33 96 61 28 27 39 50 % 50 39 27 28 61 96 33
43 46 77 3 51 44 39 95 60 58 75 21 93 % 93 21 75 58 60 95 39 44 51 3 77 46 43
83 19 26 97 57 32 3 % 3 32 57 97 26 19 83
17 94 51 4 4 36 19 % 19 36 4 4 51 94 17
15 85 54 19 17 30 25 % 25 30 17 19 54 85 15
54 68 49 41 62 67 77 75 85 47 84 76 77 % 77 76 84 47 85 75 77 67 62 41 49 68 54
35 76 84 53 97 11 48 % 48 11 97 53 84 76 35
63 5 93 63 37 40 20 % 20 40 37 63 93 5 63
41 27 35 38 73 42 68 % 68 42 73 38 35 27 41
79 55 55 30 91 42 60 % 60 42 91 30 55 55 79
61 15 27 79 99 52 19 % 19 52 99 79 27 15 61
82 53 79 98 33 60 88 % 88 60 33 98 79 53 82
91 8 66 58 65 36 94 35 32 6 1 69 86 % 86 69 1 6 32 35 94 36 65 58 66 8 91
44 42 14 68 87 27 81 % 81 27 87 68 14 42 44
98 93 40 95 46 36 96 28 24 9 81 2 41 % 41 2 81 9 24 28 96 36 46 95 40 93 98
88 31 45 78 81 63 32 68 5 55 5 58 51 % 51 58 5 55 5 68 32 63 81 78 45 31 88
53 66 14 99 36 71 72 % 72 71 36 99 14 66 53
88 91 87 69 98 70 13 % 13 70 98 69 87 91 88
87 54 12 37 1 57 56 9 51 58 34 75 6 % 6 75 34 58 51 9 56 57 1 37 12 54 87
61 57 31 47 63 73 44 99 55 6 82 1 0 % 0 1 82 6 55 99 44 73 63 47 31 57 61
6 61 75 67 21 92 72 % 72 92 21 67 75 61 6
5 20 30 19 41 80 50 44 25 66 80 97 11 % 11 97 80 66 25 44 50 80 41 19 30 20 5
29 43 23 58 11 66 17 % 17 66 11 58 23 43 29
97 26 74 25 99 69 49 68 10 92 94 4 58 % 58 4 94 92 10 68 49 69 99 25 74 26 97
60 3 89 5 21 38 23 % 23 38 21 5 89 3 60
19 4 0 6 92 40 93 35 30 28 11 51 40 % 40 51 11 28 30 35 93 40 92 6 0 4 19
98 5 37 81 12 63 81 92 4 37 97 48 7 % 7 48 97 37 4 92 81 63 12 81 37 5 98
33 71 46 94 59 29 76 % 76 29 59 94 46 71 33
56 64 46 41 14 23 17 92 56 48 53 93 86 % 86 93 53 48 56 92 17 23 14 41 46 64 56
87 87 53 0 84 42 53 30 48 75 52 86 1 % 1 86 52 75 48 30 53 42 84 0 53 87 87
16 27 34 28 7 77 87 63 57 65 48 65 65 % 65 65 48 65 57 63 87 77 7 28 34 27 16
25 37 21 46 18 42 48 96 62 40 88 28 93 % 93 28 88 40 62 96 48 42 18 46 21 37 25
15 18 53 85 19 46 78 % 78 46 19 85 53 18 15
10 87 39 37 37 65 57 86 19 97 26 79 10 % 10 79 26 97 19 86 57 65 37 37 39 87 10
20 78 15 74 0 91 38 43 63 90 46 71 85 % 85 71 46 90 63 43 38 91 0 74 15 78 20
21 51 40 44 67 81 20 97 62 43 51 39 57 % 57 39 51 43 62 97 20 81 67 44 40 51 21
30 29 93 17 45 36 86 8 6 97 7 10 87 % 87 10 7 97 6 8 86 36 45 17 93 29 30
60 10 64 66 86 88 20 % 20 88 86 66 64 10 60
35 77 14 80 25 51 42 86 90 75 47 56 21 % 21 56 47 75 90 86 42 51 25 80 14 77 35
8 78 66 82 29 88 91 % 91 88 29 82 66 78 8
71 38 9 91 16 17 6 13 13 1 1 98 17 % 17 98 1 1 13 13 6 17 16 91 9 38 71
51 83 48 15 35 11 46 % 46 11 35 15 48 83 51
32 48 21 19 17 24 97 % 97 24 17 19 21 48 32
42 38 39 78 46 83 18 % 18 83 46 78 39 38 42
6 46 31 66 85 18 48 % 48 18 85 66 31 46 6
29 27 20 19 67 79 74 % 74 79 67 19 20 27 29
87 90 3 48 75 75 24 12 25 62 11 89 30 % 30 89 11 62 25 12 24 75 75 48 3 90 87
43 30 59 20 78 79 95 3 58 79 16 72 25 % 25 72 16 79 58 3 95 79 78 20 59 30 43
41 90 83 90 63 88 44 66 88 4 25 47 3 % 3 47 25 4 88 66 44 88 63 90 83 90 41
70 60 5 99 7 53 33 38 56 54 1 96 79 % 79 96 1 54 56 38 33 53 7 99 5 60 70
5 66 65 97 11 24 72 % 72 24 11 97 65 66 5
58 25 28 72 42 94 11 % 11 94 42 72 28 25 58
24 16 25 92 12 25 84 79 44 97 70 10 43 % 43 10 70 97 44 79 84 25 12 92 25 16 24
77 36 11 50 31 95 60 31 82 67 75 68 65 % 65 68 75 67 82 31 60 95 31 50 11 36 77
96 80 44 74 97 62 87 % 87 62 97 74 44 80 96
60 70 3 92 79 21 13 63 38 66 57 46 3 % 3 46 57 66 38 63 13 21 79 92 3 70 60
86 32 0 93 47 68 22 % 22 68 47 93 0 32 86
81 71 28 71 77 5 69 % 69 5 77 71 28 71 81
4 21 11 55 95 39 40 84 30 47 55 76 85 % 85 76 55 47 30 84 40 39 95 55 11 21 4
43 21 80 31 69 8 75 26 53 29 98 18 98 % 98 18 98 29 53 26 75 8 69 31 80 21 43
61 46 42 10 15 7 94 99 91 89 45 78 86 % 86 78 45 89 91 99 94 7 15 10 42 46 61
52 44 86 32 1 90 72 96 63 70 97 48 27 % 27 48 97 70 63 96 72 90 1 32 86 44 52
98 28 65 63 42 58 68 % 68 58 42 63 65 28 98
32 68 48 18 23 27 7 47 66 39 61 90 21 % 21 90 61 39 66 47 7 27 23 18 48 68 32
80 31 2 69 96 80 43 68 68 35 2 65 78 % 78 65 2 35 68 68 43 80 96 69 2 31 80
5 10 82 32 97 21 81 64 43 21 48 74 13 % 13 74 48 21 43 64 81 21 97 32 82 10 5
59 10 66 68 6 91 90 % 90 91 6 68 66 10 59
64 75 20 46 66 13 69 61 27 32 59 67 0 % 0 67 59 32 27 61 69 13 66 46 20 75 64
45 41 13 37 47 98 46 % 46 98 47 37 13 41 45
22 93 73 73 53 94 98 19 92 4 12 73 91 % 91 73 12 4 92 19 98 94 53 73 73 93 22
4 74 88 12 86 91 83 % 83 91 86 12 88 74 4
16 15 21 89 38 27 2 % 2 27 38 89 21 15 16
85 53 96 93 35 50 36 31 86 99 17 81 30 % 30 81 17 99 86 31 36 50 35 93 96 53 85
38 97 69 0 83 39 7 % 7 39 83 0 69 97 38
5 37 26 59 50 82 33 38 80 49 16 81 95 % 95 81 16 49 80 38 33 82 50 59 26 37 5
24 24 65 39 84 1 94 % 94 1 84 39 65 24 24
3 33 63 51 2 99 46 66 65 52 2 75 88 % 88 75 2 52 65 66 46 99 2 51 63 33 3
14 15 11 43 97 13 32 79 38 29 45 50 48 % 48 50 45 29 38 79 32 13 97 43 11 15 14
39 64 84 93 5 3 9 % 9 3 5 93 84 64 39
93 41 52 88 56 0 46 % 46 0 56 88 52 41 93
55 36 41 97 80 46 9 68 16 3 43 5 47 % 47 5 43 3 16 68 9 46 80 97 41 36 55
45 75 43 29 70 8 75 % 75 8 70 29 43 75 45
89 32 24 69 20 1 50 % 50 1 20 69 24 32 89
75 63 51 34 25 3 12 % 12 3 25 34 51 63 75
50 55 47 89 91 99 5 % 5 99 91 89 47 55 50
59 11 20 42 3 81 54 % 54 81 3 42 20 11 59
81 62 96 57 47 69 12 % 12 69 47 57 96 62 81
21 93 89 65 15 22 38 % 38 22 15 65 89 93 21
22 53 45 16 7 19 42 45 5 99 53 18 43 % 43 18 53 99 5 45 42 19 7 16 45 53 22
4 39 88 23 92 25 2 % 2 25 92 23 88 39 4
63 37 97 11 48 30 16 % 16 30 48 11 97 37 63
85 63 8 32 11 40 51 % 51 40 11 32 8 63 85
6 31 47 82 90 24 23 56 95 19 22 10 76 % 76 10 22 19 95 56 23 24 90 82 47 31 6
41 5 27 60 76 26 38 % 38 26 76 60 27 5 41
19 23 18 95 52 53 24 % 24 53 52 95 18 23 19
28 91 23 88 88 83 95 % 95 83 88 88 23 91 28
11 25 76 46 99 42 53 91 48 67 48 78 16 % 16 78 48 67 48 91 53 42 99 46 76 25 11
74 36 60 12 43 5 63 % 63 5 43 12 60 36 74
12 56 64 55 92 98 38 % 38 98 92 55 64 56 12
60 7 44 89 92 12 23 61 71 2 65 67 21 % 21 67 65 2 71 61 23 12 92 89 44 7 60
84 62 4 10 95 22 27 % 27 22 95 10 4 62 84
11 14 51 60 75 24 17 45 80 6 3 23 68 % 68 23 3 6 80 45 17 24 75 60 51 14 11
63 18 6 23 35 85 68 21 95 24 80 89 14 % 14 89 80 24 95 21 68 85 35 23 6 18 63
53 42 60 89 70 64 76 88 51 47 83 29 94 % 94 29 83 47 51 88 76 64 70 89 60 42 53
92 27 87 57 55 2 12 % 12 2 55 57 87 27 92
94 6 58 73 5 20 72 % 72 20 5 73 58 6 94
54 1 69 8 83 19 30 % 30 19 83 8 69 1 54
3 14 89 3 49 32 92 % 92 32 49 3 89 14 3
51 30 55 21 73 22 43 % 43 22 73 21 55 30 51
83 69 72 4 84 6 45 79 38 78 97 62 80 % 80 62 97 78 38 79 45 6 84 4 72 69 83
31 89 52 96 5 23 15 2 85 27 43 73 96 % 96 73 43 27 85 2 15 23 5 96 52 89 31
29 90 66 51 7 23 28 % 28 23 7 51 66 90 29
1 97 99 21 65 22 13 % 13 22 65 21 99 97 1
66 22 45 91 66 58 4 34 24 50 62 48 8 % 8 48 62 50 24 34 4 58 66 91 45 22 66
97 34 98 83 11 1 55 % 55 1 11 83 98 34 97
76 40 58 15 90 53 45 63 6 77 58 92 51 % 51 92 58 77 6 63 45 53 90 15 58 40 76
41 18 31 81 87 67 82 85 48 24 95 45 25 % 25 45 95 24 48 85 82 67 87 81 31 18 41
18 32 27 60 31 69 26 % 26 69 31 60 27 32 18
41 94 67 9 95 52 14 10 88 82 90 37 95 % 95 37 90 82 88 10 14 52 95 9 67 94 41
21 14 45 79 23 99 14 % 14 99 23 79 45 14 21
44 12 29 39 84 50 97 1 85 83 93 88 89 % 89 88 93 83 85 1 97 50 84 39 29 12 44
41 25 8 56 81 87 94 99 53 34 66 50 33 % 33 50 66 34 53 99 94 87 81 56 8 25 41
77 10 98 71 96 87 67 88 46 37 11 21 39 % 39 21 11 37 46 88 67 87 96 71 98 10 77
78 59 61 11 40 72 38 % 38 72 40 11 61 59 78
74 91 43 41 45 18 95 40 11 59 1 71 16 % 16 71 1 59 11 40 95 18 45 41 43 91 74
74 15 89 24 52 78 32 28 52 38 8 18 82 % 82 18 8 38 52 28 32 78 52 24 89 15 74
19 31 62 66 12 76 18 39 22 43 43 90 0 % 0 90 43 43 22 39 18 76 12 66 62 31 19
50 80 28 75 46 79 61 52 16 62 28 70 93 % 93 70 28 62 16 52 61 79 46 75 28 80 50
17 35 7 40 43 48 65 21 89 18 40 90 11 % 11 90 40 18 89 21 65 48 43 40 7 35 17
11 74 78 95 21 69 21 % 21 69 21 95 78 74 11
62 4 82 67 79 51 69 % 69 51 79 67 82 4 62
53 63 80 90 35 80 51 2 11 95 98 47 28 % 28 47 98 95 11 2 51 80 35 90 80 63 53
25 64 75 91 8 29 65 % 65 29 8 91 75 64 25
55 3 47 35 55 68 0 64 42 23 6 90 82 % 82 90 6 23 42 64 0 68 55 35 47 3 55
51 14 47 47 71 13 55 % 55 13 71 47 47 14 51
46 69 26 44 81 9 55 % 55 9 81 44 26 69 46
59 96 0 54 9 0 70 % 70 0 9 54 0 96 59
94 38 29 53 14 43 77 % 77 43 14 53 29 38 94
81 31 8 2 34 61 30 83 12 49 58 11 46 % 46 11 58 49 12 83 30 61 34 2 8 31 81
22 53 18 77 89 85 42 60 46 50 73 45 24 % 24 45 73 50 46 60 42 85 89 77 18 53 22
74 49 6 80 62 61 59 % 59 61 62 80 6 49 74
86 37 44 72 64 37 19 71 98 83 77 19 62 % 62 19 77 83 98 71 19 37 64 72 44 37 86
54 74 27 96 87 23 2 % 2 23 87 96 27 74 54
75 5 92 56 35 68 12 97 67 79 98 30 96 % 96 30 98 79 67 97 12 68 35 56 92 5 75
45 79 40 59 78 87 14 % 14 87 78 59 40 79 45
78 69 91 27 98 58 98 % 98 58 98 27 91 69 78
31 33 86 34 27 0 31 % 31 0 27 34 86 33 31
77 27 62 81 82 61 51 % 51 61 82 81 62 27 77
10 49 39 25 21 21 42 45 90 68 5 93 41 % 41 93 5 68 90 45 42 21 21 25 39 49 10
25 12 84 33 96 99 87 91 75 75 32 83 19 % 19 83 32 75 75 91 87 99 96 33 84 12 25
32 79 57 92 10 21 9 % 9 21 10 92 57 79 32
20 34 18 73 59 8 54 % 54 8 59 73 18 34 20
87 20 77 2 68 48 82 % 82 48 68 2 77 20 87
82 63 52 33 85 43 0 % 0 43 85 33 52 63 82
42 86 75 93 76 12 9 % 9 12 76 93 75 86 42
56 61 41 36 11 64 42 51 82 14 81 52 99 % 99 52 81 14 82 51 42 64 11 36 41 61 56
57 65 25 99 84 22 18 57 66 48 19 85 44 % 44 85 19 48 66 57 18 22 84 99 25 65 57
22 84 72 38 15 10 95 47 80 66 39 2 98 % 98 2 39 66 80 47 95 10 15 38 72 84 22
6 52 91 9 2 23 80 % 80 23 2 9 91 52 6
13 43 0 26 89 62 87 13 79 0 75 58 34 % 34 58 75 0 79 13 87 62 89 26 0 43 13
60 30 22 63 66 16 70 % 70 16 66 63 22 30 60
68 76 44 39 72 52 85 % 85 52 72 39 44 76 68
77 67 62 99 38 2 37 % 37 2 38 99 62 67 77
9 14 45 81 29 70 92 % 92 70 29 81 45 14 9
29 45 26 95 42 98 65 % 65 98 42 95 26 45 29
34 86 47 26 46 57 47 14 85 93 3 73 50 % 50 73 3 93 85 14 47 57 46 26 47 86 34
92 41 20 43 13 69 79 % 79 69 13 43 20 41 92
54 54 66 27 70 53 90 % 90 53 70 27 66 54 54
68 62 5 57 51 95 52 25 80 33 29 52 40 % 40 52 29 33 80 25 52 95 51 57 5 62 68
72 28 16 79 23 27 4 63 11 40 88 99 3 % 3 99 88 40 11 63 4 27 23 79 16 28 72
49 54 63 79 2 85 29 67 49 36 31 46 67 % 67 46 31 36 49 67 29 85 2 79 63 54 49
99 51 65 90 30 68 19 % 19 68 30 90 65 51 99
27 44 87 96 86 43 11 % 11 43 86 96 87 44 27
51 41 36 13 34 26 67 51 8 29 31 90 22 % 22 90 31 29 8 51 67 26 34 13 36 41 51
96 58 41 55 90 70 53 62 89 64 63 76 0 % 0 76 63 64 89 62 53 70 90 55 41 58 96
98 73 90 74 22 20 96 % 96 20 22 74 90 73 98
90 36 36 42 25 97 88 94 22 49 63 14 94 % 94 14 63 49 22 94 88 97 25 42 36 36 90
14 5 26 81 1 58 30 % 30 58 1 81 26 5 14
14 39 11 48 36 84 30 % 30 84 36 48 11 39 14
98 49 21 36 77 0 45 65 39 87 6 86 49 % 49 86 6 87 39 65 45 0 77 36 21 49 98
78 52 56 90 79 49 29 83 83 20 77 61 29 % 29 61 77 20 83 83 29 49 79 90 56 52 78
63 51 95 11 37 98 5 % 5 98 37 11 95 51 63
11 32 33 65 43 30 53 41 19 87 83 14 55 % 55 14 83 87 19 41 53 30 43 65 33 32 11
78 29 14 5 60 97 48 38 98 0 62 8 65 % 65 8 62 0 98 38 48 97 60 5 14 29 78
34 18 43 8 57 57 10 % 10 57 57 8 43 18 34
4 51 45 74 1 92 75 % 75 92 1 74 45 51 4
25 50 72 18 83 24 75 % 75 24 83 18 72 50 25
54 33 79 62 57 99 99 96 25 0 93 69 0 % 0 69 93 0 25 96 99 99 57 62 79 33 54
30 9 28 68 69 83 64 % 64 83 69 68 28 9 30
97 25 39 20 59 82 11 53 49 72 50 12 13 % 13 12 50 72 49 53 11 82 59 20 39 25 97
50 32 2 22 61 26 95 % 95 26 61 22 2 32 50
31 4 87 80 54 49 38 % 38 49 54 80 87 4 31
48 64 14 62 69 12 90 14 90 42 30 27 64 % 64 27 30 42 90 14 90 12 69 62 14 64 48
37 87 48 15 71 60 1 % 1 60 71 15 48 87 37
44 38 58 69 59 91 61 17 18 93 33 29 23 % 23 29 33 93 18 17 61 91 59 69 58 38 44
78 99 51 94 65 71 63 % 63 71 65 94 51 99 78
85 99 65 40 57 57 80 72 34 80 75 33 72 % 72 33 75 80 34 72 80 57 57 40 65 99 85
44 71 28 11 29 39 90 86 90 12 27 17 65 % 65 17 27 12 90 86 90 39 29 11 28 71 44
6 94 19 0 61 33 64 % 64 33 61 0 19 94 6
81 20 75 43 99 6 43 76 96 76 64 56 87 % 87 56 64 76 96 76 43 6 99 43 75 20 81
65 11 5 53 63 5 0 % 0 5 63 53 5 11 65
60 50 15 48 7 33 22 % 22 33 7 48 15 50 60
72 24 14 55 96 30 88 41 45 35 66 37 15 % 15 37 66 35 45 41 88 30 96 55 14 24 72
54 97 74 26 10 96 55 % 55 96 10 26 74 97 54
27 71 72 43 86 70 2 % 2 70 86 43 72 71 27
72 89 48 89 69 23 76 % 76 23 69 89 48 89 72
34 81 18 63 53 37 59 % 59 37 53 63 18 81 34
18 73 68 51 99 92 51 17 21 77 1 6 19 % 19 6 1 77 21 17 51 92 99 51 68 73 18
35 29 63 5 86 45 67 20 32 86 75 31 68 % 68 31 75 86 32 20 67 45 86 5 63 29 35
75 62 29 93 87 63 62 % 62 63 87 93 29 62 75
37 76 43 77 4 79 26 40 14 13 26 26 85 % 85 26 26 13 14 40 26 79 4 77 43 76 37
70 64 53 16 82 46 22 91 63 8 7 28 64 % 64 28 7 8 63 91 22 46 82 16 53 64 70
16 41 67 54 9 77 49 44 54 67 59 17 49 % 49 17 59 67 54 44 49 77 9 54 67 41 16
7 33 17 2 5 10 16 85 70 76 45 30 41 % 41 30 45 76 70 85 16 10 5 2 17 33 7
72 58 81 90 79 69 90 % 90 69 79 90 81 58 72
89 20 90 31 36 82 35 39 31 38 10 0 19 % 19 0 10 38 31 39 35 82 36 31 90 20 89
74 81 32 94 0 44 87 38 55 17 52 49 88 % 88 49 52 17 55 38 87 44 0 94 32 81 74
18 51 12 16 93 86 13 10 89 22 41 73 27 % 27 73 41 22 89 10 13 86 93 16 12 51 18
77 29 80 79 76 92 81 % 81 92 76 79 80 29 77
88 74 52 91 24 81 99 % 99 81 24 91 52 74 88
6 82 73 79 83 5 43 % 43 5 83 79 73 82 6
78 3 76 77 65 13 43 % 43 13 65 77 76 3 78
45 19 3 59 17 69 69 69 39 49 90 65 1 % 1 65 90 49 39 69 69 69 17 59 3 19 45
92 11 4 91 18 55 34 % 34 55 18 91 4 11 92
78 78 70 99 42 87 14 56 13 64 77 1 88 % 88 1 77 64 13 56 14 87 42 99 70 78 78
14 28 71 72 13 47 68 % 68 47 13 72 71 28 14
27 46 40 48 85 81 84 % 84 81 85 48 40 46 27
43 41 67 45 35 5 71 % 71 5 35 45 67 41 43
5 62 44 49 7 24 1 16 58 32 57 81 85 % 85 81 57 32 58 16 1 24 7 49 44 62 5
77 46 25 40 59 34 4 % 4 34 59 40 25 46 77
15 67 99 18 62 35 74 % 74 35 62 18 99 67 15
60 39 47 37 5 48 80 % 80 48 5 37 47 39 60
1 56 90 20 88 62 86 95 19 65 14 78 58 % 58 78 14 65 19 95 86 62 88 20 90 56 1
39 83 81 53 95 70 70 93 23 87 47 83 44 % 44 83 47 87 23 93 70 70 95 53 81 83 39
98 91 32 81 25 85 13 % 13 85 25 81 32 91 98
39 22 34 24 26 68 1 1 19 61 29 75 17 % 17 75 29 61 19 1 1 68 26 24 34 22 39
75 66 50 2 67 92 81 6 67 76 58 68 87 % 87 68 58 76 67 6 81 92 67 2 50 66 75
73 68 54 8 55 16 26 97 38 56 89 82 8 % 8 82 89 56 38 97 26 16 55 8 54 68 73
49 0 67 41 40 85 55 47 37 14 59 96 36 % 36 96 59 14 37 47 55 85 40 41 67 0 49
82 88 28 0 76 82 89 % 89 82 76 0 28 88 82
73 31 77 45 95 79 12 7 54 82 20 74 23 % 23 74 20 82 54 7 12 79 95 45 77 31 73
11 67 7 93 7 95 47 % 47 95 7 93 7 67 11
0 73 9 8 97 44 79 % 79 44 97 8 9 73 0
50 88 60 46 14 40 8 % 8 40 14 46 60 88 50
18 68 5 92 85 52 24 % 24 52 85 92 5 68 18
61 54 19 46 70 57 10 % 10 57 70 46 19 54 61
71 5 5 28 89 22 63 % 63 22 89 28 5 5 71
13 41 10 98 31 85 62 43 12 66 86 98 65 % 65 98 86 66 12 43 62 85 31 98 10 41 13
36 99 49 18 16 57 25 % 25 57 16 18 49 99 36
90 67 39 47 96 70 79 71 36 10 88 65 38 % 38 65 88 10 36 71 79 70 96 47 39 67 90
13 59 8 90 58 35 59 87 56 99 27 9 17 % 17 9 27 99 56 87 59 35 58 90 8 59 13
31 58 5 93 45 56 95 7 61 20 8 14 46 % 46 14 8 20 61 7 95 56 45 93 5 58 31
89 48 11 17 8 84 55 % 55 84 8 17 11 48 89
21 30 65 76 9 72 14 % 14 72 9 76 65 30 21
65 33 27 23 58 64 94 % 94 64 58 23 27 33 65
57 34 47 87 43 32 46 % 46 32 43 87 47 34 57
60 81 36 85 94 63 78 52 92 52 37 27 91 % 91 27 37 52 92 52 78 63 94 85 36 81 60
80 15 87 40 26 26 86 86 36 70 71 65 76 % 76 65 71 70 36 86 86 26 26 40 87 15 80
94 9 93 59 92 47 19 38 27 47 20 94 83 % 83 94 20 47 27 38 19 47 92 59 93 9 94
80 66 10 71 80 70 4 96 41 46 97 20 86 % 86 20 97 46 41 96 4 70 80 71 10 66 80
45 40 42 15 40 30 39 % 39 30 40 15 42 40 45
67 11 33 53 83 9 32 % 32 9 83 53 33 11 67
49 79 96 80 30 84 12 61 46 11 77 31 15 % 15 31 77 11 46 61 12 84 30 80 96 79 49
83 87 11 48 82 60 61 62 46 24 47 45 18 % 18 45 47 24 46 62 61 60 82 48 11 87 83
76 29 47 50 72 63 13 % 13 63 72 50 47 29 76
24 70 30 31 95 77 62 % 62 77 95 31 30 70 24
57 93 25 63 26 6 70 1 69 61 53 32 4 % 4 32 53 61 69 1 70 6 26 63 25 93 57
6 67 0 73 3 23 23 52 47 64 0 54 75 % 75 54 0 64 47 52 23 23 3 73 0 67 6
38 19 97 50 88 2 4 29 56 89 51 2 95 % 95 2 51 89 56 29 4 2 88 50 97 19 38
74 87 61 23 74 52 77 89 45 17 48 87 16 % 16 87 48 17 45 89 77 52 74 23 61 87 74
81 59 50 77 97 26 59 % 59 26 97 77 50 59 81
61 18 99 15 97 88 74 % 74 88 97 15 99 18 61
13 17 85 43 12 55 47 % 47 55 12 43 85 17 13
40 16 47 88 60 12 46 36 75 43 73 23 93 % 93 23 73 43 75 36 46 12 60 88 47 16 40
6 45 24 3 21 80 13 44 41 95 81 32 70 % 70 32 81 95 41 44 13 80 21 3 24 45 6
8 96 32 97 87 34 86 88 56 63 53 83 67 % 67 83 53 63 56 88 86 34 87 97 32 96 8
11 22 55 29 84 65 84 92 88 28 13 88 97 % 97 88 13 28 88 92 84 65 84 29 55 22 11
66 71 5 22 76 22 34 % 34 22 76 22 5 71 66
21 41 38 10 27 57 67 % 67 57 27 10 38 41 21
73 48 80 39 74 61 85 68 41 4 95 49 31 % 31 49 95 4 41 68 85 61 74 39 80 48 73
10 23 69 26 22 59 85 % 85 59 22 26 69 23 10
2 86 76 94 66 28 37 30 93 1 74 68 14 % 14 68 74 1 93 30 37 28 66 94 76 86 2
55 49 21 77 23 27 1 1 58 17 50 18 55 % 55 18 50 17 58 1 1 27 23 77 21 49 55
15 57 51 65 60 2 19 57 37 2 29 53 69 % 69 53 29 2 37 57 19 2 60 65 51 57 15
90 52 40 24 92 47 74 % 74 47 92 24 40 52 90
73 79 56 24 29 51 80 % 80 51 29 24 56 79 73
69 66 14 78 90 84 34 16 46 55 26 32 86 % 86 32 26 55 46 16 34 84 90 78 14 66 69
94 27 50 50 14 42 34 % 34 42 14 50 50 27 94
36 2 89 96 73 0 90 % 90 0 73 96 89 2 36
44 9 21 14 65 72 76 70 6 92 73 14 14 % 14 14 73 92 6 70 76 72 65 14 21 9 44
69 63 82 69 49 11 83 90 91 75 16 44 7 % 7 44 16 75 91 90 83 11 49 69 82 63 69
54 62 38 29 45 41 90 % 90 41 45 29 38 62 54
92 68 95 62 29 50 32 % 32 50 29 62 95 68 92
40 82 27 96 5 74 55 % 55 74 5 96 27 82 40
92 16 91 55 99 49 98 % 98 49 99 55 91 16 92
89 47 92 37 87 55 30 % 30 55 87 37 92 47 89
13 57 38 94 60 84 63 88 86 48 44 43 6 % 6 43 44 48 86 88 63 84 60 94 38 57 13
40 11 81 85 4 19 23 % 23 19 4 85 81 11 40
4 25 64 10 90 5 29 % 29 5 90 10 64 25 4
93 48 96 12 31 76 63 68 95 38 79 8 22 % 22 8 79 38 95 68 63 76 31 12 96 48 93
49 59 38 96 75 42 95 % 95 42 75 96 38 59 49
83 11 4 73 41 41 25 71 39 83 97 77 14 % 14 77 97 83 39 71 25 41 41 73 4 11 83
29 17 31 23 14 69 37 87 80 59 90 67 22 % 22 67 90 59 80 87 37 69 14 23 31 17 29
45 75 51 24 62 25 69 % 69 25 62 24 51 75 45
12 82 27 98 22 13 7 % 7 13 22 98 27 82 12
99 26 8 87 42 12 5 93 10 74 15 18 13 % 13 18 15 74 10 93 5 12 42 87 8 26 99
61 95 53 43 20 19 68 % 68 19 20 43 53 95 61
52 16 47 97 51 78 89 30 88 18 53 19 67 % 67 19 53 18 88 30 89 78 51 97 47 16 52
38 98 59 34 44 49 99 % 99 49 44 34 59 98 38
51 92 13 77 87 58 14 % 14 58 87 77 13 92 51
90 92 9 42 34 14 53 % 53 14 34 42 9 92 90
90 3 35 80 36 12 76 54 66 93 99 45 1 % 1 45 99 93 66 54 76 12 36 80 35 3 90
14 73 75 90 99 85 82 % 82 85 99 90 75 73 14
93 76 72 52 55 9 13 % 13 9 55 52 72 76 93
96 23 76 79 3 14 27 25 49 3 57 19 82 % 82 19 57 3 49 25 27 14 3 79 76 23 96
14 88 90 7 40 15 63 % 63 15 40 7 90 88 14
79 36 45 26 10 61 88 0 32 40 32 56 44 % 44 56 32 40 32 0 88 61 10 26 45 36 79
23 45 79 91 28 57 81 % 81 57 28 91 79 45 23
10 32 98 91 89 66 30 39 53 54 56 23 92 % 92 23 56 54 53 39 30 66 89 91 98 32 10
57 48 67 9 14 98 15 % 15 98 14 9 67 48 57
78 8 68 55 13 68 3 % 3 68 13 55 68 8 78
84 65 83 78 78 74 4 54 4 78 81 54 82 % 82 54 81 78 4 54 4 74 78 78 83 65 84
41 8 9 16 24 79 96 % 96 79 24 16 9 8 41
78 5 75 58 26 6 15 75 79 37 1 98 50 % 50 98 1 37 79 75 15 6 26 58 75 5 78
52 14 45 44 52 53 97 93 65 25 70 1 93 % 93 1 70 25 65 93 97 53 52 44 45 14 52
66 80 87 25 67 81 3 19 33 40 28 87 25 % 25 87 28 40 33 19 3 81 67 25 87 80 66
83 83 28 26 38 68 70 % 70 68 38 26 28 83 83
69 53 27 70 64 61 17 % 17 61 64 70 27 53 69
89 76 40 78 19 59 84 % 84 59 19 78 40 76 89
40 35 70 61 14 80 24 39 8 1 49 8 0 % 0 8 49 1 8 39 24 80 14 61 70 35 40
81 36 68 96 10 42 50 16 30 0 58 56 36 % 36 56 58 0 30 16 50 42 10 96 68 36 81
8 1 77 78 59 80 75 82 93 16 82 90 32 % 32 90 82 16 93 82 75 80 59 78 77 1 8
71 42 35 75 10 34 46 % 46 34 10 75 35 42 71
49 98 9 70 67 68 80 37 86 68 18 89 24 % 24 89 18 68 86 37 80 68 67 70 9 98 49
76 22 27 62 70 82 58 23 5 56 41 4 16 % 16 4 41 56 5 23 58 82 70 62 27 22 76
61 66 17 52 82 28 9 % 9 28 82 52 17 66 61
14 44 6 5 35 68 33 % 33 68 35 5 6 44 14
2 53 37 69 62 94 85 % 85 94 62 69 37 53 2
98 45 39 71 52 67 6 82 70 67 33 11 25 % 25 11 33 67 70 82 6 67 52 71 39 45 98
29 96 79 73 75 23 30 13 0 0 84 33 25 % 25 33 84 0 0 13 30 23 75 73 79 96 29
32 23 45 11 64 87 97 11 39 13 66 95 54 % 54 95 66 13 39 11 97 87 64 11 45 23 32
33 66 38 52 45 48 8 % 8 48 45 52 38 66 33
56 65 63 34 59 16 72 5 91 69 67 35 5 % 5 35 67 69 91 5 72 16 59 34 63 65 56
62 29 86 14 68 74 93 84 15 9 54 71 54 % 54 71 54 9 15 84 93 74 68 14 86 29 62
95 87 56 12 96 3 21 % 21 3 96 12 56 87 95
60 58 90 8 1 11 1 % 1 11 1 8 90 58 60
0 49 62 33 47 20 68 % 68 20 47 33 62 49 0
86 35 71 81 75 7 91 % 91 7 75 81 71 35 86
26 27 13 5 75 70 52 % 52 70 75 5 13 27 26
68 23 37 19 98 43 38 % 38 43 98 19 37 23 68
51 10 55 3 30 65 83 7 99 21 92 86 35 % 35 86 92 21 99 7 83 65 30 3 55 10 51
82 5 75 22 57 93 76 68 83 94 57 59 47 % 47 59 57 94 83 68 76 93 57 22 75 5 82
9 54 9 78 70 88 18 % 18 88 70 78 9 54 9
40 15 5 8 28 97 4 87 19 23 86 43 58 % 58 43 86 23 19 87 4 97 28 8 5 15 40
63 92 52 41 42 11 94 8 20 73 59 17 11 % 11 17 59 73 20 8 94 11 42 41 52 92 63
36 27 84 71 39 42 88 % 88 42 39 71 84 27 36
69 46 3 64 77 39 36 % 36 39 77 64 3 46 69
89 3 59 19 52 74 28 61 61 33 2 68 29 % 29 68 2 33 61 61 28 74 52 19 59 3 89
59 5 7 23 67 43 66 86 62 37 94 13 24 % 24 13 94 37 62 86 66 43 67 23 7 5 59
4 76 66 5 80 7 18 50 89 77 48 29 45 % 45 29 48 77 89 50 18 7 80 5 66 76 4
9 11 42 28 88 9 95 % 95 9 88 28 42 11 9
0 11 49 47 70 92 83 1 29 75 92 78 66 % 66 78 92 75 29 1 83 92 70 47 49 11 0
89 8 72 16 21 35 34 46 17 26 19 38 11 % 11 38 19 26 17 46 34 35 21 16 72 8 89
93 14 15 59 60 4 55 57 59 35 82 99 23 % 23 99 82 35 59 57 55 4 60 59 15 14 93
69 8 60 16 64 31 42 % 42 31 64 16 60 8 69
1 35 33 73 93 82 32 % 32 82 93 73 33 35 1
9 52 89 9 38 1 3 68 86 48 14 10 60 % 60 10 14 48 86 68 3 1 38 9 89 52 9
13 19 51 51 59 80 43 51 67 73 97 78 86 % 86 78 97 73 67 51 43 80 59 51 51 19 13
22 26 7 55 65 95 41 % 41 95 65 55 7 26 22
0 4 96 43 96 88 95 71 31 19 51 61 26 % 26 61 51 19 31 71 95 88 96 43 96 4 0
79 94 92 62 34 96 68 98 25 37 66 86 93 % 93 86 66 37 25 98 68 96 34 62 92 94 79
69 51 56 10 7 84 47 60 95 89 30 74 81 % 81 74 30 89 95 60 47 84 7 10 56 51 69
78 38 43 88 96 83 22 14 36 10 0 57 36 % 36 57 0 10 36 14 22 83 96 88 43 38 78
23 25 85 52 91 0 20 67 8 73 9 25 29 % 29 25 9 73 8 67 20 0 91 52 85 25 23
51 51 92 63 25 12 78 % 78 12 25 63 92 51 51
47 64 86 45 17 27 59 11 85 37 75 14 29 % 29 14 75 37 85 11 59 27 17 45 86 64 47
97 34 81 3 38 85 28 % 28 85 38 3 81 34 97
21 41 18 30 41 19 24 % 24 19 41 30 18 41 21
70 32 78 5 30 36 57 % 57 36 30 5 78 32 70
43 1 79 15 55 82 55 77 90 60 6 5 54 % 54 5 6 60 90 77 55 82 55 15 79 1 43
66 53 73 25 87 72 1 % 1 72 87 25 73 53 66
18 41 35 0 14 79 74 34 20 31 91 83 67 % 67 83 91 31 20 34 74 79 14 0 35 41 18
11 65 56 11 11 15 57 % 57 15 11 11 56 65 11
3 50 36 18 62 27 20 % 20 27 62 18 36 50 3
37 69 98 78 13 25 84 44 29 41 68 39 50 % 50 39 68 41 29 44 84 25 13 78 98 69 37
43 73 26 90 68 14 16 % 16 14 68 90 26 73 43
36 38 65 86 53 5 71 98 48 84 38 39 49 % 49 39 38 84 48 98 71 5 53 86 65 38 36
30 22 61 75 81 75 37 65 13 6 73 69 65 % 65 69 73 6 13 65 37 75 81 75 61 22 30
77 73 72 76 60 50 80 30 94 2 35 4 8 % 8 4 35 2 94 30 80 50 60 76 72 73 77
11 78 46 2 72 45 42 % 42 45 72 2 46 78 11
7 24 99 59 61 14 99 % 99 14 61 59 99 24 7
65 97 58 96 16 59 18 % 18 59 16 96 58 97 65
71 93 4 64 82 63 71 % 71 63 82 64 4 93 71
67 98 5 88 56 78 67 % 67 78 56 88 5 98 67
7 5 44 31 92 67 88 94 91 65 57 86 70 % 70 86 57 65 91 94 88 67 92 31 44 5 7
96 50 5 26 76 76 70 96 51 71 19 62 56 % 56 62 19 71 51 96 70 76 76 26 5 50 96
11 81 17 27 90 38 43 % 43 38 90 27 17 81 11
46 52 46 82 9 22 11 28 76 90 11 18 19 % 19 18 11 90 76 28 11 22 9 82 46 52 46
54 84 74 17 25 14 98 59 67 88 80 81 57 % 57 81 80 88 67 59 98 14 25 17 74 84 54
83 98 65 88 9 93 98 % 98 93 9 88 65 98 83
12 56 38 97 57 65 13 16 17 62 40 15 63 % 63 15 40 62 17 16 13 65 57 97 38 56 12
95 81 15 20 5 33 11 % 11 33 5 20 15 81 95
13 61 12 8 11 22 40 49 55 18 48 65 18 % 18 65 48 18 55 49 40 22 11 8 12 61 13
50 36 42 0 74 69 61 % 61 69 74 0 42 36 50
40 38 44 34 74 19 82 97 34 29 27 10 73 % 73 10 27 29 34 97 82 19 74 34 44 38 40
46 99 19 72 37 45 99 % 99 45 37 72 19 99 46
13 58 28 98 36 88 29 % 29 88 36 98 28 58 13
27 21 34 13 92 92 75 % 75 92 92 13 34 21 27
89 59 20 15 49 87 74 55 13 87 60 64 92 % 92 64 60 87 13 55 74 87 49 15 20 59 89
15 5 11 29 84 3 21 41 53 53 41 52 55 % 55 52 41 53 53 41 21 3 84 29 11 5 15
33 64 91 75 18 20 93 8 93 12 12 97 74 % 74 97 12 12 93 8 93 20 18 75 91 64 33
12 77 1 53 87 66 45 8 96 69 38 27 8 % 8 27 38 69 96 8 45 66 87 53 1 77 12
11 28 81 84 53 1 71 57 1 80 20 59 98 % 98 59 20 80 1 57 71 1 53 84 81 28 11
51 94 14 63 47 59 79 % 79 59 47 63 14 94 51
70 28 41 78 48 11 26 75 56 23 60 0 63 % 63 0 60 23 56 75 26 11 48 78 41 28 70
25 13 35 14 51 68 47 53 34 5 74 57 59 % 59 57 74 5 34 53 47 68 51 14 35 13 25
92 69 88 65 60 4 53 % 53 4 60 65 88 69 92
40 92 61 8 85 29 77 % 77 29 85 8 61 92 40
35 90 33 95 15 85 44 96 57 57 89 5 43 % 43 5 89 57 57 96 44 85 15 95 33 90 35
51 55 28 78 14 98 28 % 28 98 14 78 28 55 51
2 11 61 77 5 30 10 % 10 30 5 77 61 11 2
1 70 82 54 12 20 64 % 64 20 12 54 82 70 1
30 98 35 90 51 2 25 % 25 2 51 90 35 98 30
61 63 37 12 80 56 71 50 64 8 12 42 73 % 73 42 12 8 64 50 71 56 80 12 37 63 61
82 68 75 11 17 40 23 % 23 40 17 11 75 68 82
32 62 55 89 82 84 23 % 23 84 82 89 55 62 32
3 24 29 70 78 88 20 % 20 88 78 70 29 24 3
53 90 24 25 91 75 1 % 1 75 91 25 24 90 53
24 88 89 40 51 12 21 16 30 48 44 15 31 % 31 15 44 48 30 16 21 12 51 40 89 88 24
40 96 13 44 81 43 70 97 40 31 74 59 82 % 82 59 74 31 40 97 70 43 81 44 13 96 40
97 26 81 84 1 15 40 % 40 15 1 84 81 26 97
19 38 11 35 81 66 78 16 39 5 62 74 38 % 38 74 62 5 39 16 78 66 81 35 11 38 19
17 36 53 41 78 42 9 44 64 75 85 18 74 % 74 18 85 75 64 44 9 42 78 41 53 36 17
70 72 28 88 12 56 53 % 53 56 12 88 28 72 70
35 20 90 81 41 13 13 47 36 28 54 50 95 % 95 50 54 28 36 47 13 13 41 81 90 20 35
87 88 27 72 68 30 63 20 74 48 48 20 20 % 20 20 48 48 74 20 63 30 68 72 27 88 87
34 65 28 46 85 48 16 % 16 48 85 46 28 65 34
82 51 77 21 26 26 31 47 16 2 74 48 54 % 54 48 74 2 16 47 31 26 26 21 77 51 82
92 54 93 95 65 68 95 76 12 90 13 6 72 % 72 6 13 90 12 76 95 68 65 95 93 54 92
8 81 1 53 20 12 67 58 1 85 82 78 28 % 28 78 82 85 1 58 67 12 20 53 1 81 8
98 39 27 7 27 93 33 67 52 9 28 25 65 % 65 25 28 9 52 67 33 93 27 7 27 39 98
45 68 3 74 23 83 38 % 38 83 23 74 3 68 45
10 22 43 72 5 64 94 % 94 64 5 72 43 22 10
5 70 72 86 37 60 6 % 6 60 37 86 72 70 5
2 19 5 60 90 63 92 % 92 63 90 60 5 19 2
32 63 9 10 73 27 75 % 75 27 73 10 9 63 32
41 90 39 12 34 93 43 96 23 39 81 24 4 % 4 24 81 39 23 96 43 93 34 12 39 90 41
99 61 65 7 87 86 78 33 36 71 12 83 57 % 57 83 12 71 36 33 78 86 87 7 65 61 99
36 23 56 17 34 26 27 37 90 75 85 74 35 % 35 74 85 75 90 37 27 26 34 17 56 23 36
87 49 3 38 65 67 25 97 62 91 8 38 89 % 89 38 8 91 62 97 25 67 65 38 3 49 87
58 1 41 58 77 77 25 33 69 80 87 24 34 % 34 24 87 80 69 33 25 77 77 58 41 1 58
95 88 40 48 27 29 96 % 96 29 27 48 40 88 95
95 58 99 50 0 38 61 38 75 56 81 85 43 % 43 85 81 56 75 38 61 38 0 50 99 58 95
49 23 75 72 52 83 33 % 33 83 52 72 75 23 49
20 45 40 56 52 98 36 81 14 78 14 3 74 % 74 3 14 78 14 81 36 98 52 56 40 45 20
77 0 17 6 10 96 24 6 74 63 48 82 8 % 8 82 48 63 74 6 24 96 10 6 17 0 77
67 28 48 35 35 9 79 % 79 9 35 35 48 28 67
59 57 86 37 29 49 38 16 87 76 17 22 39 % 39 22 17 76 87 16 38 49 29 37 86 57 59
11 12 67 66 27 35 72 % 72 35 27 66 67 12 11
82 93 19 31 85 23 25 49 56 24 79 44 5 % 5 44 79 24 56 49 25 23 85 31 19 93 82
64 14 59 95 10 76 13 % 13 76 10 95 59 14 64
64 9 98 52 88 3 97 % 97 3 88 52 98 9 64
8 8 71 42 99 36 11 64 87 14 19 69 20 % 20 69 19 14 87 64 11 36 99 42 71 8 8
58 8 37 15 5 2 84 % 84 2 5 15 37 8 58
99 14 29 47 32 89 89 % 89 89 32 47 29 14 99
1 22 46 93 6 39 6 30 71 45 60 48 36 % 36 48 60 45 71 30 6 39 6 93 46 22 1
17 83 59 56 93 12 69 32 32 1 25 82 33 % 33 82 25 1 32 32 69 12 93 56 59 83 17
98 48 13 95 88 11 64 77 60 29 6 67 92 % 92 67 6 29 60 77 64 11 88 95 13 48 98
84 67 20 62 97 77 66 % 66 77 97 62 20 67 84
56 51 24 38 75 2 43 54 3 48 96 13 64 % 64 13 96 48 3 54 43 2 75 38 24 51 56
54 84 47 49 70 73 61 % 61 73 70 49 47 84 54
65 25 30 70 64 5 69 25 18 69 26 30 47 % 47 30 26 69 18 25 69 5 64 70 30 25 65
81 35 77 80 8 52 83 2 61 95 90 60 39 % 39 60 90 95 61 2 83 52 8 80 77 35 81
42 32 87 35 46 27 98 % 98 27 46 35 87 32 42
17 51 5 55 7 99 79 % 79 99 7 55 5 51 17
30 29 6 63 4 82 34 95 95 57 49 34 71 % 71 34 49 57 95 95 34 82 4 63 6 29 30
18 96 8 19 36 0 83 77 89 9 25 16 30 % 30 16 25 9 89 77 83 0 36 19 8 96 18
50 17 68 29 63 93 0 25 15 43 95 87 61 % 61 87 95 43 15 25 0 93 63 29 68 17 50
62 89 1 63 58 94 27 % 27 94 58 63 1 89 62
79 36 22 0 80 31 98 % 98 31 80 0 22 36 79
33 35 92 21 67 11 46 % 46 11 67 21 92 35 33
3 65 11 69 36 34 90 % 90 34 36 69 11 65 3
59 40 36 62 50 27 78 73 61 51 23 90 92 % 92 90 23 51 61 73 78 27 50 62 36 40 59
55 25 58 63 0 42 2 16 72 4 78 71 8 % 8 71 78 4 72 16 2 42 0 63 58 25 55
40 11 71 71 63 13 36 % 36 13 63 71 71 11 40
79 50 37 81 7 46 90 % 90 46 7 81 37 50 79
58 4 31 49 55 81 91 % 91 81 55 49 31 4 58
16 46 49 8 90 97 56 % 56 97 90 8 49 46 16
58 65 94 49 46 23 46 55 51 80 72 29 85 % 85 29 72 80 51 55 46 23 46 49 94 65 58
25 20 8 49 21 7 27 2 89 45 92 39 13 % 13 39 92 45 89 2 27 7 21 49 8 20 25
51 79 26 56 96 74 71 % 71 74 96 56 26 79 51
80 0 48 9 56 60 71 52 69 47 65 6 88 % 88 6 65 47 69 52 71 60 56 9 48 0 80
73 19 90 62 40 82 67 2 17 21 53 64 52 % 52 64 53 21 17 2 67 82 40 62 90 19 73
69 77 84 67 55 0 19 % 19 0 55 67 84 77 69
85 83 15 35 51 20 37 10 23 86 62 47 45 % 45 47 62 86 23 10 37 20 51 35 15 83 85
11 89 21 0 78 22 68 % 68 22 78 0 21 89 11
30 13 55 52 48 83 44 % 44 83 48 52 55 13 30
95 94 56 62 72 55 83 % 83 55 72 62 56 94 95
43 78 45 33 47 78 62 18 92 95 2 70 65 % 65 70 2 95 92 18 62 78 47 33 45 78 43
35 97 35 39 87 98 7 % 7 98 87 39 35 97 35
6 38 60 34 55 9 75 51 98 68 93 72 2 % 2 72 93 68 98 51 75 9 55 34 60 38 6
19 40 84 8 88 90 27 % 27 90 88 8 84 40 19
15 98 37 91 59 45 1 % 1 45 59 91 37 98 15
35 51 45 95 8 18 40 62 83 71 12 51 81 % 81 51 12 71 83 62 40 18 8 95 45 51 35
2 56 45 70 98 22 87 % 87 22 98 70 45 56 2
32 67 0 51 22 26 99 % 99 26 22 51 0 67 32
17 45 70 31 67 73 70 % 70 73 67 31 70 45 17
67 79 47 46 79 48 39 % 39 48 79 46 47 79 67
96 3 80 45 48 19 45 76 2 9 42 56 56 % 56 56 42 9 2 76 45 19 48 45 80 3 96
37 66 49 60 86 3 42 90 38 54 10 30 96 % 96 30 10 54 38 90 42 3 86 60 49 66 37
37 25 24 7 43 25 7 19 95 27 39 42 62 % 62 42 39 27 95 19 7 25 43 7 24 25 37
32 3 18 87 59 18 20 93 68 96 89 18 37 % 37 18 89 96 68 93 20 18 59 87 18 3 32
32 22 4 4 2 37 7 77 12 72 23 12 54 % 54 12 23 72 12 77 7 37 2 4 4 22 32
72 41 22 92 86 30 64 % 64 30 86 92 22 41 72
15 49 42 82 62 0 7 6 26 58 27 39 18 % 18 39 27 58 26 6 7 0 62 82 42 49 15
51 14 99 83 83 43 35 % 35 43 83 83 99 14 51
16 76 42 69 1 84 63 93 81 83 38 77 15 % 15 77 38 83 81 93 63 84 1 69 42 76 16
39 61 75 43 11 83 50 % 50 83 11 43 75 61 39
97 17 20 85 46 23 70 11 60 9 98 34 43 % 43 34 98 9 60 11 70 23 46 85 20 17 97
24 71 98 63 88 58 44 41 6 90 25 75 29 % 29 75 25 90 6 41 44 58 88 63 98 71 24
85 10 37 73 45 87 73 76 32 87 35 63 56 % 56 63 35 87 32 76 73 87 45 73 37 10 85
28 84 63 7 40 60 36 89 61 64 24 36 70 % 70 36 24 64 61 89 36 60 40 7 63 84 28
59 46 71 20 76 43 99 84 26 98 4 55 94 % 94 55 4 98 26 84 99 43 76 20 71 46 59
62 91 72 78 61 26 8 % 8 26 61 78 72 91 62
42 32 55 78 73 67 67 91 40 41 7 16 54 % 54 16 7 41 40 91 67 67 73 78 55 32 42
52 28 78 82 71 98 49 7 47 3 3 53 5 % 5 53 3 3 47 7 49 98 71 82 78 28 52
94 93 6 31 29 56 20 55 47 48 56 51 2 % 2 51 56 48 47 55 20 56 29 31 6 93 94
40 39 5 87 65 45 33 % 33 45 65 87 5 39 40
23 84 37 22 24 53 46 3 8 86 98 13 93 % 93 13 98 86 8 3 46 53 24 22 37 84 23
49 46 25 40 76 26 34 % 34 26 76 40 25 46 49
8 24 45 48 63 31 12 % 12 31 63 48 45 24 8
8 94 31 46 36 19 45 % 45 19 36 46 31 94 8
17 57 2 31 38 43 65 49 73 21 7 43 29 % 29 43 7 21 73 49 65 43 38 31 2 57 17
21 58 93 60 84 12 62 % 62 12 84 60 93 58 21
15 45 3 67 65 68 46 % 46 68 65 67 3 45 15
46 29 68 9 54 28 43 13 30 36 66 56 13 % 13 56 66 36 30 13 43 28 54 9 68 29 46
56 39 89 38 22 30 4 % 4 30 22 38 89 39 56
76 31 99 21 97 27 46 % 46 27 97 21 99 31 76
72 84 71 82 45 94 85 % 85 94 45 82 71 84 72
26 23 45 32 29 60 62 % 62 60 29 32 45 23 26
62 40 11 84 65 43 65 15 47 97 67 27 5 % 5 27 67 97 47 15 65 43 65 84 11 40 62
36 7 24 50 66 74 72 % 72 74 66 50 24 7 36
90 13 37 50 44 10 70 10 99 89 26 70 3 % 3 70 26 89 99 10 70 10 44 50 37 13 90
16 0 45 45 6 48 56 93 8 75 23 67 3 % 3 67 23 75 8 93 56 48 6 45 45 0 16
44 32 38 95 32 21 17 % 17 21 32 95 38 32 44
54 50 91 19 63 40 59 97 2 23 25 16 81 % 81 16 25 23 2 97 59 40 63 19 91 50 54
44 14 69 45 41 22 64 77 63 90 15 88 32 % 32 88 15 90 63 77 64 22 41 45 69 14 44
89 82 92 99 86 58 11 % 11 58 86 99 92 82 89
9 57 42 20 55 22 22 % 22 22 55 20 42 57 9
30 22 26 19 68 94 14 % 14 94 68 19 26 22 30
49 71 60 47 76 9 40 93 88 57 46 53 48 % 48 53 46 57 88 93 40 9 76 47 60 71 49
16 16 72 61 9 72 71 % 71 72 9 61 72 16 16
16 89 96 94 15 83 93 97 9 76 60 90 11 % 11 90 60 76 9 97 93 83 15 94 96 89 16
12 56 94 26 64 76 46 % 46 76 64 26 94 56 12
98 46 39 59 73 37 55 % 55 37 73 59 39 46 98
76 25 65 52 68 59 41 % 41 59 68 52 65 25 76
50 78 77 90 44 78 58 71 46 50 90 62 52 % 52 62 90 50 46 71 58 78 44 90 77 78 50
4 37 99 85 46 51 18 94 77 15 52 23 54 % 54 23 52 15 77 94 18 51 46 85 99 37 4
39 13 12 92 13 99 4 11 94 6 80 45 38 % 38 45 80 6 94 11 4 99 13 92 12 13 39
2 70 12 86 67 69 65 % 65 69 67 86 12 70 2
58 56 74 75 85 26 72 36 46 54 53 54 57 % 57 54 53 54 46 36 72 26 85 75 74 56 58
48 7 58 31 72 66 99 % 99 66 72 31 58 7 48
43 31 14 63 12 85 76 % 76 85 12 63 14 31 43
58 46 55 6 52 83 4 11 8 8 24 96 42 % 42 96 24 8 8 11 4 83 52 6 55 46 58
11 70 56 48 64 6 9 47 19 63 48 86 43 % 43 86 48 63 19 47 9 6 64 48 56 70 11
60 94 58 41 15 74 75 34 41 8 26 8 34 % 34 8 26 8 41 34 75 74 15 41 58 94 60
18 68 83 90 54 2 89 % 89 2 54 90 83 68 18
42 11 17 64 7 57 23 41 21 63 71 26 54 % 54 26 71 63 21 41 23 57 7 64 17 11 42
70 8 46 60 34 85 68 % 68 85 34 60 46 8 70
59 35 68 70 94 16 28 % 28 16 94 70 68 35 59
92 89 33 56 1 89 58 75 80 3 70 29 89 % 89 29 70 3 80 75 58 89 1 56 33 89 92
75 67 43 72 4 67 96 95 62 58 2 5 26 % 26 5 2 58 62 95 96 67 4 72 43 67 75
11 36 64 4 17 46 44 0 86 43 11 90 38 % 38 90 11 43 86 0 44 46 17 4 64 36 11
72 72 1 50 11 67 95 84 88 87 86 16 65 % 65 16 86 87 88 84 95 67 11 50 1 72 72
80 64 31 68 66 98 6 32 27 49 40 81 73 % 73 81 40 49 27 32 6 98 66 68 31 64 80
9 15 81 45 42 95 98 % 98 95 42 45 81 15 9
23 0 18 60 14 14 11 % 11 14 14 60 18 0 23
48 14 26 42 79 36 38 27 24 35 29 82 99 % 99 82 29 35 24 27 38 36 79 42 26 14 48
30 79 84 1 13 18 23 % 23 18 13 1 84 79 30
96 62 32 35 93 75 16 % 16 75 93 35 32 62 96
57 82 76 11 30 41 99 7 4 91 75 71 58 % 58 71 75 91 4 7 99 41 30 11 76 82 57
45 25 7 8 19 10 0 68 59 92 14 94 44 % 44 94 14 92 59 68 0 10 19 8 7 25 45
41 48 75 58 6 62 44 90 46 79 37 49 12 % 12 49 37 79 46 90 44 62 6 58 75 48 41
24 77 83 84 9 80 93 73 88 57 37 40 82 % 82 40 37 57 88 73 93 80 9 84 83 77 24
40 54 76 10 71 45 35 58 35 51 37 58 5 % 5 58 37 51 35 58 35 45 71 10 76 54 40
55 64 12 97 16 82 78 % 78 82 16 97 12 64 55
92 95 11 13 8 78 89 % 89 78 8 13 11 95 92
89 2 4 51 76 28 2 24 19 96 73 98 17 % 17 98 73 96 19 24 2 28 76 51 4 2 89
29 74 67 54 34 64 18 % 18 64 34 54 67 74 29
69 38 76 5 53 10 39 % 39 10 53 5 76 38 69
96 51 20 65 36 89 60 % 60 89 36 65 20 51 96
41 99 91 95 52 8 74 24 10 52 12 6 13 % 13 6 12 52 10 24 74 8 52 95 91 99 41
42 98 58 48 24 15 29 51 82 38 90 78 83 % 83 78 90 38 82 51 29 15 24 48 58 98 42
3 28 14 39 58 45 87 21 65 5 44 46 75 % 75 46 44 5 65 21 87 45 58 39 14 28 3
98 42 86 13 84 36 49 52 15 43 54 58 72 % 72 58 54 43 15 52 49 36 84 13 86 42 98
31 23 75 62 29 80 14 % 14 80 29 62 75 23 31
77 73 55 4 96 60 66 % 66 60 96 4 55 73 77
64 46 17 44 49 92 27 % 27 92 49 44 17 46 64
73 22 99 55 25 88 34 % 34 88 25 55 99 22 73
3 71 22 18 77 96 97 % 97 96 77 18 22 71 3
47 84 66 84 57 57 88 % 88 57 57 84 66 84 47
8 97 60 35 49 75 35 92 73 44 16 81 30 % 30 81 16 44 73 92 35 75 49 35 60 97 8
29 93 13 67 6 1 14 45 53 77 78 82 71 % 71 82 78 77 53 45 14 1 6 67 13 93 29
97 42 29 44 73 3 47 % 47 3 73 44 29 42 97
49 58 38 23 4 19 6 % 6 19 4 23 38 58 49
41 32 37 67 57 95 8 15 71 88 72 38 21 % 21 38 72 88 71 15 8 95 57 67 37 32 41
34 32 90 25 55 87 25 62 56 99 59 24 63 % 63 24 59 99 56 62 25 87 55 25 90 32 34
51 6 55 50 80 22 25 61 64 27 75 98 61 % 61 98 75 27 64 61 25 22 80 50 55 6 51
17 21 51 43 67 90 34 7 4 91 39 7 71 % 71 7 39 91 4 7 34 90 67 43 51 21 17
69 62 90 84 42 96 69 % 69 96 42 84 90 62 69
21 73 59 66 28 14 93 70 80 29 11 92 89 % 89 92 11 29 80 70 93 14 28 66 59 73 21
48 73 86 21 80 49 82 64 57 9 41 43 25 % 25 43 41 9 57 64 82 49 80 21 86 73 48
13 62 20 10 92 33 92 19 8 59 81 66 87 % 87 66 81 59 8 19 92 33 92 10 20 62 13
38 63 5 31 69 24 14 % 14 24 69 31 5 63 38
52 42 41 65 60 46 22 % 22 46 60 65 41 42 52
71 0 15 61 87 55 57 % 57 55 87 61 15 0 71
76 44 34 58 83 5 49 % 49 5 83 58 34 44 76
95 99 77 44 5 31 22 74 56 27 54 25 59 % 59 25 54 27 56 74 22 31 5 44 77 99 95
42 8 32 94 13 93 5 94 9 93 36 17 24 % 24 17 36 93 9 94 5 93 13 94 32 8 42
74 91 62 67 99 30 71 % 71 30 99 67 62 91 74
64 8 67 93 66 5 52 4 36 7 71 91 1 % 1 91 71 7 36 4 52 5 66 93 67 8 64
50 91 40 82 67 68 84 % 84 68 67 82 40 91 50
94 51 17 50 28 64 45 % 45 64 28 50 17 51 94
14 25 26 14 31 11 17 % 17 11 31 14 26 25 14
10 72 63 34 34 94 86 % 86 94 34 34 63 72 10
43 73 12 20 86 61 48 % 48 61 86 20 12 73 43
68 95 94 83 1 12 1 % 1 12 1 83 94 95 68
42 8 16 22 19 8 96 19 57 51 14 27 38 % 38 27 14 51 57 19 96 8 19 22 16 8 42
95 49 75 75 17 84 55 27 57 69 77 48 42 % 42 48 77 69 57 27 55 84 17 75 75 49 95
74 35 82 63 78 88 95 26 30 39 16 64 18 % 18 64 16 39 30 26 95 88 78 63 82 35 74
7 18 22 9 2 92 17 92 41 44 82 40 87 % 87 40 82 44 41 92 17 92 2 9 22 18 7
32 6 21 88 45 41 60 87 96 45 4 69 38 % 38 69 4 45 96 87 60 41 45 88 21 6 32
50 47 53 62 65 16 94 94 58 3 14 5 78 % 78 5 14 3 58 94 94 16 65 62 53 47 50
6 19 59 91 42 24 24 6 28 52 86 12 34 % 34 12 86 52 28 6 24 24 42 91 59 19 6
42 17 20 44 20 58 60 42 14 69 63 12 35 % 35 12 63 69 14 42 60 58 20 44 20 17 42
31 10 45 87 76 83 17 89 70 93 58 59 52 % 52 59 58 93 70 89 17 83 76 87 45 10 31
19 62 58 71 94 11 98 % 98 11 94 71 58 62 19
49 58 57 74 82 28 40 62 76 34 37 16 67 % 67 16 37 34 76 62 40 28 82 74 57 58 49
15 80 16 31 88 51 26 % 26 51 88 31 16 80 15
86 94 49 0 81 69 0 36 18 51 85 10 87 % 87 10 85 51 18 36 0 69 81 0 49 94 86
67 23 88 42 7 97 17 % 17 97 7 42 88 23 67
54 70 46 69 57 46 52 % 52 46 57 69 46 70 54
60 38 97 84 79 16 99 50 14 25 36 78 91 % 91 78 36 25 14 50 99 16 79 84 97 38 60
94 51 87 71 33 56 91 36 76 96 67 54 43 % 43 54 67 96 76 36 91 56 33 71 87 51 94
23 71 74 93 46 98 57 % 57 98 46 93 74 71 23
83 36 82 32 30 14 12 % 12 14 30 32 82 36 83
75 1 18 77 7 76 29 16 29 88 73 49 77 % 77 49 73 88 29 16 29 76 7 77 18 1 75
3 2 71 44 46 57 90 % 90 57 46 44 71 2 3
89 20 38 39 94 13 67 89 59 96 22 35 54 % 54 35 22 96 59 89 67 13 94 39 38 20 89
57 92 82 14 83 38 41 12 21 49 17 21 93 % 93 21 17 49 21 12 41 38 83 14 82 92 57
73 35 80 38 46 64 71 % 71 64 46 38 80 35 73
16 36 61 20 92 17 21 % 21 17 92 20 61 36 16
96 3 29 26 66 4 10 % 10 4 66 26 29 3 96
58 1 74 67 80 53 82 67 95 29 97 50 66 % 66 50 97 29 95 67 82 53 80 67 74 1 58
54 53 50 99 23 95 49 % 49 95 23 99 50 53 54
54 33 79 88 93 9 65 82 63 82 67 30 2 % 2 30 67 82 63 82 65 9 93 88 79 33 54
43 43 25 97 10 43 79 88 81 56 57 20 12 % 12 20 57 56 81 88 79 43 10 97 25 43 43
5 25 49 94 42 25 60 % 60 25 42 94 49 25 5
88 75 81 47 98 18 13 99 98 90 88 61 26 % 26 61 88 90 98 99 13 18 98 47 81 75 88
5 72 51 66 44 57 49 2 57 42 22 91 4 % 4 91 22 42 57 2 49 57 44 66 51 72 5
68 25 55 97 13 69 0 % 0 69 13 97 55 25 68
72 31 38 97 12 26 61 49 7 64 14 69 70 % 70 69 14 64 7 49 61 26 12 97 38 31 72
13 10 54 21 18 27 28 % 28 27 18 21 54 10 13
33 67 89 62 73 29 38 44 8 99 24 51 37 % 37 51 24 99 8 44 38 29 73 62 89 67 33
2 64 62 28 7 3 96 % 96 3 7 28 62 64 2
76 49 14 22 52 73 97 49 8 62 84 19 15 % 15 19 84 62 8 49 97 73 52 22 14 49 76
29 81 66 22 58 28 65 % 65 28 58 22 66 81 29
83 41 80 34 34 11 5 70 28 87 73 55 77 % 77 55 73 87 28 70 5 11 34 34 80 41 83
19 48 62 41 54 8 40 % 40 8 54 41 62 48 19
76 57 40 59 94 35 71 68 81 85 53 93 79 % 79 93 53 85 81 68 71 35 94 59 40 57 76
9 50 84 38 0 88 81 7 49 20 14 1 69 % 69 1 14 20 49 7 81 88 0 38 84 50 9
63 68 2 90 24 72 0 % 0 72 24 90 2 68 63
22 36 85 42 2 66 72 20 54 99 61 41 8 % 8 41 61 99 54 20 72 66 2 42 85 36 22
10 66 64 11 78 87 85 96 11 49 19 30 4 % 4 30 19 49 11 96 85 87 78 11 64 66 10
10 58 10 95 34 9 2 19 60 7 10 14 1 % 1 14 10 7 60 19 2 9 34 95 10 58 10
20 14 16 15 55 97 14 % 14 97 55 15 16 14 20
89 35 96 0 3 52 25 % 25 52 3 0 96 35 89
97 10 82 85 39 49 16 % 16 49 39 85 82 10 97
85 18 57 90 29 4 50 % 50 4 29 90 57 18 85
57 87 61 93 4 97 88 1 79 39 60 99 31 % 31 99 60 39 79 1 88 97 4 93 61 87 57
66 41 55 41 98 15 78 6 43 55 53 36 90 % 90 36 53 55 43 6 78 15 98 41 55 41 66
18 86 9 20 84 4 22 57 71 68 82 63 91 % 91 63 82 68 71 57 22 4 84 20 9 86 18
59 36 73 23 66 63 3 % 3 63 66 23 73 36 59
71 32 3 70 15 32 69 % 69 32 15 70 3 32 71
59 9 11 94 18 71 5 % 5 71 18 94 11 9 59
13 21 47 82 91 63 55 % 55 63 91 82 47 21 13
53 47 68 64 66 70 18 19 47 25 17 40 11 % 11 40 17 25 47 19 18 70 66 64 68 47 53
40 98 33 81 4 60 44 % 44 60 4 81 33 98 40
36 80 87 79 43 36 75 % 75 36 43 79 87 80 36
47 50 89 75 54 11 20 % 20 11 54 75 89 50 47
86 10 50 24 68 84 33 5 88 29 66 17 77 % 77 17 66 29 88 5 33 84 68 24 50 10 86
40 41 41 80 37 25 56 61 76 11 40 26 77 % 77 26 40 11 76 61 56 25 37 80 41 41 40
46 36 27 9 9 48 48 96 54 33 41 75 28 % 28 75 41 33 54 96 48 48 9 9 27 36 46
49 81 27 32 6 44 13 88 97 55 6 88 46 % 46 88 6 55 97 88 13 44 6 32 27 81 49
22 48 55 86 44 24 86 38 64 96 47 11 46 % 46 11 47 96 64 38 86 24 44 86 55 48 22
92 43 5 85 58 82 15 % 15 82 58 85 5 43 92
74 81 79 64 74 46 77 % 77 46 74 64 79 81 74
86 69 55 29 63 46 36 13 56 38 68 33 33 % 33 33 68 38 56 13 36 46 63 29 55 69 86
87 61 31 78 75 19 30 78 16 4 13 62 87 % 87 62 13 4 16 78 30 19 75 78 31 61 87
1 89 26 69 47 32 50 49 11 24 44 92 28 % 28 92 44 24 11 49 50 32 47 69 26 89 1
96 12 34 8 3 97 84 10 11 90 18 74 43 % 43 74 18 90 11 10 84 97 3 8 34 12 96
18 55 33 90 24 58 92 27 0 26 11 56 21 % 21 56 11 26 0 27 92 58 24 90 33 55 18
5 40 41 2 20 10 58 % 58 10 20 2 41 40 5
19 41 47 68 78 80 56 % 56 80 78 68 47 41 19
97 31 55 6 61 25 4 % 4 25 61 6 55 31 97
7 23 86 35 82 77 78 % 78 77 82 35 86 23 7
83 95 33 79 91 83 83 88 88 31 29 28 20 % 20 28 29 31 88 88 83 83 91 79 33 95 83
35 73 17 16 93 73 25 % 25 73 93 16 17 73 35
40 83 64 99 47 13 54 54 84 77 43 84 2 % 2 84 43 77 84 54 54 13 47 99 64 83 40
43 23 83 77 46 84 19 % 19 84 46 77 83 23 43
81 24 21 5 64 89 2 16 36 75 68 68 54 % 54 68 68 75 36 16 2 89 64 5 21 24 81
32 57 67 93 51 48 18 96 32 30 40 47 85 % 85 47 40 30 32 96 18 48 51 93 67 57 32
83 21 97 44 56 63 67 77 2 72 9 68 93 % 93 68 9 72 2 77 67 63 56 44 97 21 83
30 59 64 39 5 44 77 76 33 36 93 7 26 % 26 7 93 36 33 76 77 44 5 39 64 59 30
54 88 66 41 2 8 13 61 92 17 78 83 29 % 29 83 78 17 92 61 13 8 2 41 66 88 54
43 68 35 62 68 89 43 83 51 37 52 85 21 % 21 85 52 37 51 83 43 89 68 62 35 68 43
4 53 89 21 29 94 51 78 97 35 37 35 78 % 78 35 37 35 97 78 51 94 29 21 89 53 4
29 67 51 2 18 87 22 85 51 39 99 93 0 % 0 93 99 39 51 85 22 87 18 2 51 67 29
69 97 89 19 13 42 65 % 65 42 13 19 89 97 69
72 18 87 73 81 29 46 99 52 76 59 42 19 % 19 42 59 76 52 99 46 29 81 73 87 18 72
37 30 33 53 12 3 32 % 32 3 12 53 33 30 37
70 86 83 34 32 66 71 59 44 30 73 68 57 % 57 68 73 30 44 59 71 66 32 34 83 86 70
83 95 93 24 85 75 72 69 59 81 74 39 39 % 39 39 74 81 59 69 72 75 85 24 93 95 83
62 87 55 66 54 23 36 68 83 23 12 39 63 % 63 39 12 23 83 68 36 23 54 66 55 87 62
95 20 80 66 93 8 76 11 57 44 67 84 65 % 65 84 67 44 57 11 76 8 93 66 80 20 95
29 85 93 16 18 67 22 16 15 29 45 40 57 % 57 40 45 29 15 16 22 67 18 16 93 85 29
17 32 47 31 91 48 29 44 45 39 16 28 86 % 86 28 16 39 45 44 29 48 91 31 47 32 17
95 14 65 17 45 63 94 69 94 37 54 31 80 % 80 31 54 37 94 69 94 63 45 17 65 14 95
7 0 49 88 48 95 52 98 6 94 58 21 78 % 78 21 58 94 6 98 52 95 48 88 49 0 7
23 27 54 81 50 75 9 % 9 75 50 81 54 27 23
92 81 13 66 14 52 34 % 34 52 14 66 13 81 92
38 7 69 79 16 35 18 % 18 35 16 79 69 7 38
32 14 61 78 76 7 79 % 79 7 76 78 61 14 32
36 0 23 56 87 71 72 % 72 71 87 56 23 0 36
28 60 95 69 77 39 64 % 64 39 77 69 95 60 28
30 72 95 60 84 89 85 % 85 89 84 60 95 72 30
11 27 87 90 68 80 8 % 8 80 68 90 87 27 11
21 7 50 12 41 57 45 % 45 57 41 12 50 7 21
80 35 11 33 18 40 62 % 62 40 18 33 11 35 80
16 58 91 72 29 94 8 33 26 26 66 82 54 % 54 82 66 26 26 33 8 94 29 72 91 58 16
91 25 31 21 96 83 98 % 98 83 96 21 31 25 91
28 24 98 30 40 29 2 % 2 29 40 30 98 24 28
12 58 35 17 62 36 31 % 31 36 62 17 35 58 12
37 21 99 29 48 15 18 % 18 15 48 29 99 21 37
67 18 9 51 42 73 16 52 34 30 70 99 33 % 33 99 70 30 34 52 16 73 42 51 9 18 67
63 31 83 13 7 34 4 88 92 1 76 67 26 % 26 67 76 1 92 88 4 34 7 13 83 31 63
27 13 88 39 15 51 26 2 15 9 32 84 56 % 56 84 32 9 15 2 26 51 15 39 88 13 27
29 51 37 53 41 88 21 % 21 88 41 53 37 51 29
75 90 49 86 97 49 77 70 26 82 91 73 39 % 39 73 91 82 26 70 77 49 97 86 49 90 75
82 18 4 86 88 66 11 % 11 66 88 86 4 18 82
89 31 65 44 62 96 42 % 42 96 62 44 65 31 89
69 18 32 49 32 0 32 % 32 0 32 49 32 18 69
49 18 29 94 22 76 21 61 30 37 58 43 86 % 86 43 58 37 30 61 21 76 22 94 29 18 49
57 37 65 32 69 99 41 % 41 99 69 32 65 37 57
50 52 2 71 60 15 23 42 14 94 39 75 85 % 85 75 39 94 14 42 23 15 60 71 2 52 50
46 94 88 91 78 45 76 % 76 45 78 91 88 94 46
28 18 5 32 72 13 28 % 28 13 72 32 5 18 28
5 48 9 44 69 51 44 32 3 41 79 16 33 % 33 16 79 41 3 32 44 51 69 44 9 48 5
1 67 82 68 54 2 0 % 0 2 54 68 82 67 1
94 57 46 38 72 11 28 % 28 11 72 38 46 57 94
80 38 54 74 23 54 96 82 62 16 69 42 5 % 5 42 69 16 62 82 96 54 23 74 54 38 80
78 43 4 10 4 65 15 69 54 17 53 98 80 % 80 98 53 17 54 69 15 65 4 10 4 43 78
32 85 45 59 69 47 5 39 90 7 29 89 79 % 79 89 29 7 90 39 5 47 69 59 45 85 32
50 93 26 82 68 29 50 65 20 30 31 78 36 % 36 78 31 30 20 65 50 29 68 82 26 93 50
99 76 47 25 50 6 5 % 5 6 50 25 47 76 99
72 53 11 56 44 72 23 % 23 72 44 56 11 53 72
47 31 99 63 70 1 38 % 38 1 70 63 99 31 47
18 20 2 58 60 64 88 % 88 64 60 58 2 20 18
17 67 71 17 28 36 37 % 37 36 28 17 71 67 17
78 25 96 91 45 17 58 10 74 41 57 18 48 % 48 18 57 41 74 10 58 17 45 91 96 25 78
87 86 52 83 13 35 40 % 40 35 13 83 52 86 87
23 60 50 87 70 22 52 % 52 22 70 87 50 60 23
91 30 77 83 45 86 81 44 98 92 27 82 80 % 80 82 27 92 98 44 81 86 45 83 77 30 91
98 39 48 64 76 73 91 71 6 43 49 28 17 % 17 28 49 43 6 71 91 73 76 64 48 39 98
32 22 92 77 29 86 83 % 83 86 29 77 92 22 32
34 92 20 61 26 4 3 % 3 4 26 61 20 92 34
47 40 7 83 89 23 50 % 50 23 89 83 7 40 47
10 41 54 79 30 32 75 % 75 32 30 79 54 41 10
74 83 87 98 51 81 89 % 89 81 51 98 87 83 74
62 60 21 67 26 77 3 93 44 25 51 22 50 % 50 22 51 25 44 93 3 77 26 67 21 60 62
12 91 20 98 59 90 37 % 37 90 59 98 20 91 12
14 32 63 20 20 98 99 % 99 98 20 20 63 32 14
60 32 72 31 27 93 24 56 71 44 7 84 49 % 49 84 7 44 71 56 24 93 27 31 72 32 60
0 20 20 53 33 22 92 20 97 42 40 32 19 % 19 32 40 42 97 20 92 22 33 53 20 20 0
75 48 81 3 49 67 57 15 11 46 24 7 46 % 46 7 24 46 11 15 57 67 49 3 81 48 75
69 38 99 57 35 77 91 % 91 77 35 57 99 38 69
65 98 27 36 46 82 46 40 44 77 83 72 67 % 67 72 83 77 44 40 46 82 46 36 27 98 65
8 1 46 64 4 61 25 % 25 61 4 64 46 1 8
88 52 98 43 77 41 54 % 54 41 77 43 98 52 88
15 96 79 41 57 7 11 % 11 7 57 41 79 96 15
51 56 42 69 94 73 68 90 88 34 53 23 2 % 2 23 53 34 88 90 68 73 94 69 42 56 51
65 85 77 14 87 36 12 73 21 17 14 99 46 % 46 99 14 17 21 73 12 36 87 14 77 85 65
79 56 44 86 64 30 28 35 76 93 29 29 70 % 70 29 29 93 76 35 28 30 64 86 44 56 79
15 2 93 17 66 5 34 78 27 91 52 35 83 % 83 35 52 91 27 78 34 5 66 17 93 2 15
39 31 27 30 72 4 57 54 46 6 56 95 34 % 34 95 56 6 46 54 57 4 72 30 27 31 39
32 37 74 95 92 46 0 % 0 46 92 95 74 37 32
39 14 50 80 40 63 83 % 83 63 40 80 50 14 39
27 26 88 15 93 47 35 69 28 93 47 27 83 % 83 27 47 93 28 69 35 47 93 15 88 26 27
6 43 62 56 10 55 62 % 62 55 10 56 62 43 6
25 42 14 40 39 28 32 % 32 28 39 40 14 42 25
23 14 90 90 34 36 61 % 61 36 34 90 90 14 23
8 63 16 94 61 28 79 38 68 13 8 44 68 % 68 44 8 13 68 38 79 28 61 94 16 63 8
18 44 29 4 58 26 56 87 39 76 62 83 4 % 4 83 62 76 39 87 56 26 58 4 29 44 18
84 0 89 91 84 22 38 54 2 18 1 65 69 % 69 65 1 18 2 54 38 22 84 91 89 0 84
49 35 15 80 49 82 12 39 79 61 7 88 95 % 95 88 7 61 79 39 12 82 49 80 15 35 49
44 18 11 1 4 19 28 % 28 19 4 1 11 18 44
72 12 95 40 28 34 78 % 78 34 28 40 95 12 72
5 71 35 82 11 73 6 % 6 73 11 82 35 71 5
72 26 23 30 65 37 1 17 80 73 49 41 10 % 10 41 49 73 80 17 1 37 65 30 23 26 72
53 6 15 98 52 34 90 % 90 34 52 98 15 6 53
18 13 19 31 47 0 4 38 34 47 43 19 19 % 19 19 43 47 34 38 4 0 47 31 19 13 18
87 88 69 47 87 1 63 % 63 1 87 47 69 88 87
89 45 10 9 51 38 72 % 72 38 51 9 10 45 89
49 12 7 38 94 83 49 % 49 83 94 38 7 12 49
41 37 34 18 78 80 12 26 96 24 75 2 85 % 85 2 75 24 96 26 12 80 78 18 34 37 41
9 54 60 50 93 98 38 % 38 98 93 50 60 54 9
35 43 87 82 71 63 93 97 93 46 35 75 76 % 76 75 35 46 93 97 93 63 71 82 87 43 35
81 77 46 99 93 10 37 % 37 10 93 99 46 77 81
16 24 13 59 81 47 95 % 95 47 81 59 13 24 16
11 94 90 99 98 3 49 % 49 3 98 99 90 94 11
57 92 64 9 28 33 99 % 99 33 28 9 64 92 57
37 28 72 94 62 79 84 16 13 58 84 20 67 % 67 20 84 58 13 16 84 79 62 94 72 28 37
65 81 41 42 25 99 2 % 2 99 25 42 41 81 65
58 4 13 30 7 18 74 % 74 18 7 30 13 4 58
84 47 63 21 9 11 46 % 46 11 9 21 63 47 84
64 73 38 87 37 63 88 % 88 63 37 87 38 73 64
75 66 7 57 82 81 53 34 71 18 69 22 23 % 23 22 69 18 71 34 53 81 82 57 7 66 75
57 13 56 31 61 35 46 87 37 84 6 96 29 % 29 96 6 84 37 87 46 35 61 31 56 13 57
22 40 38 75 17 3 68 5 91 65 53 68 90 % 90 68 53 65 91 5 68 3 17 75 38 40 22
41 83 88 11 37 72 69 29 96 68 55 77 77 % 77 77 55 68 96 29 69 72 37 11 88 83 41
49 69 65 35 91 47 98 % 98 47 91 35 65 69 49
63 42 61 98 58 8 3 % 3 8 58 98 61 42 63
71 21 37 98 22 64 13 % 13 64 22 98 37 21 71
60 82 87 3 91 45 59 % 59 45 91 3 87 82 60
67 5 85 11 20 22 13 % 13 22 20 11 85 5 67
4 29 0 36 34 99 32 % 32 99 34 36 0 29 4
60 24 54 98 8 99 86 % 86 99 8 98 54 24 60
46 71 41 8 45 30 60 72 71 8 90 18 18 % 18 18 90 8 71 72 60 30 45 8 41 71 46
62 84 64 75 67 82 16 59 67 20 50 99 11 % 11 99 50 20 67 59 16 82 67 75 64 84 62
7 15 17 95 62 31 68 % 68 31 62 95 17 15 7
28 85 9 36 99 51 92 % 92 51 99 36 9 85 28
39 36 76 56 32 65 52 % 52 65 32 56 76 36 39
85 72 17 80 10 27 43 67 43 90 4 49 94 % 94 49 4 90 43 67 43 27 10 80 17 72 85
31 69 78 92 70 7 68 % 68 7 70 92 78 69 31
3 10 42 42 56 14 25 % 25 14 56 42 42 10 3
53 58 79 34 31 61 42 % 42 61 31 34 79 58 53
20 35 19 6 39 15 97 3 91 71 96 63 11 % 11 63 96 71 91 3 97 15 39 6 19 35 20
41 57 7 99 38 47 73 % 73 47 38 99 7 57 41
3 14 37 45 24 36 43 51 97 36 83 87 60 % 60 87 83 36 97 51 43 36 24 45 37 14 3
97 61 8 94 70 91 63 3 31 63 81 98 36 % 36 98 81 63 31 3 63 91 70 94 8 61 97
8 71 95 58 96 96 89 % 89 96 96 58 95 71 8
86 58 98 74 80 92 21 48 4 4 42 5 52 % 52 5 42 4 4 48 21 92 80 74 98 58 86
62 77 76 28 55 90 33 51 10 57 89 11 10 % 10 11 89 57 10 51 33 90 55 28 76 77 62
63 42 9 58 46 21 21 89 61 63 88 6 49 % 49 6 88 63 61 89 21 21 46 58 9 42 63
71 62 32 9 59 21 91 % 91 21 59 9 32 62 71
64 16 27 59 68 81 82 % 82 81 68 59 27 16 64
22 23 58 46 23 25 61 % 61 25 23 46 58 23 22
88 78 32 64 63 56 46 79 9 99 69 15 25 % 25 15 69 99 9 79 46 56 63 64 32 78 88
67 35 24 27 24 4 34 81 76 87 65 51 48 % 48 51 65 87 76 81 34 4 24 27 24 35 67
98 62 55 24 25 38 16 % 16 38 25 24 55 62 98
67 31 97 6 18 73 62 % 62 73 18 6 97 31 67
22 5 82 8 51 92 9 % 9 92 51 8 82 5 22
8 52 63 94 50 84 85 47 29 37 17 49 56 % 56 49 17 37 29 47 85 84 50 94 63 52 8
45 89 7 75 2 13 37 % 37 13 2 75 7 89 45
79 25 63 53 7 1 17 % 17 1 7 53 63 25 79
60 13 59 38 31 92 67 % 67 92 31 38 59 13 60
17 44 67 7 41 65 80 % 80 65 41 7 67 44 17
89 83 12 18 53 20 68 32 97 50 80 87 55 % 55 87 80 50 97 32 68 20 53 18 12 83 89
50 68 97 82 14 47 17 86 17 28 71 53 25 % 25 53 71 28 17 86 17 47 14 82 97 68 50
56 93 46 91 45 26 82 79 17 48 81 86 96 % 96 86 81 48 17 79 82 26 45 91 46 93 56
93 43 93 16 96 98 61 4 45 75 64 86 73 % 73 86 64 75 45 4 61 98 96 16 93 43 93
77 23 58 59 66 72 44 % 44 72 66 59 58 23 77
55 84 1 28 32 16 42 54 83 8 13 10 60 % 60 10 13 8 83 54 42 16 32 28 1 84 55
51 27 65 59 25 27 65 % 65 27 25 59 65 27 51
52 89 74 86 61 1 70 % 70 1 61 86 74 89 52
15 73 83 45 36 31 54 29 90 37 40 11 71 % 71 11 40 37 90 29 54 31 36 45 83 73 15
98 53 81 97 32 40 99 % 99 40 32 97 81 53 98
89 18 30 29 99 20 17 % 17 20 99 29 30 18 89
53 61 85 65 9 98 29 93 3 76 35 80 1 % 1 80 35 76 3 93 29 98 9 65 85 61 53
82 60 14 84 35 11 50 % 50 11 35 84 14 60 82
13 96 84 12 64 78 52 67 73 49 87 43 93 % 93 43 87 49 73 67 52 78 64 12 84 96 13
8 2 9 2 6 5 58 24 8 98 44 25 60 % 60 25 44 98 8 24 58 5 6 2 9 2 8
36 93 6 2 16 85 29 60 40 44 33 6 76 % 76 6 33 44 40 60 29 85 16 2 6 93 36
0 70 57 72 21 28 9 % 9 28 21 72 57 70 0
1 90 21 26 53 16 26 % 26 16 53 26 21 90 1
75 50 72 85 97 46 59 % 59 46 97 85 72 50 75
10 97 71 84 98 36 79 % 79 36 98 84 71 97 10
77 95 56 11 3 76 28 73 2 63 80 71 7 % 7 71 80 63 2 73 28 76 3 11 56 95 77
29 55 29 73 2 65 48 50 65 10 93 18 87 % 87 18 93 10 65 50 48 65 2 73 29 55 29
44 28 5 43 86 91 44 57 69 28 20 43 56 % 56 43 20 28 69 57 44 91 86 43 5 28 44
57 81 34 62 53 96 88 % 88 96 53 62 34 81 57
36 50 75 21 63 75 66 % 66 75 63 21 75 50 36
86 66 76 10 24 30 72 33 38 6 52 5 7 % 7 5 52 6 38 33 72 30 24 10 76 66 86
90 76 21 28 58 83 90 83 54 45 38 25 84 % 84 25 38 45 54 83 90 83 58 28 21 76 90
59 30 81 60 31 28 97 49 77 75 37 91 33 % 33 91 37 75 77 49 97 28 31 60 81 30 59
21 53 34 95 1 16 84 49 38 72 6 55 57 % 57 55 6 72 38 49 84 16 1 95 34 53 21
77 81 56 63 89 46 98 % 98 46 89 63 56 81 77
96 37 23 4 65 56 59 % 59 56 65 4 23 37 96
35 90 8 57 33 71 87 84 49 98 93 30 63 % 63 30 93 98 49 84 87 71 33 57 8 90 35
36 81 24 78 5 67 52 % 52 67 5 78 24 81 36
99 39 1 39 81 73 98 28 92 61 64 74 54 % 54 74 64 61 92 28 98 73 81 39 1 39 99
51 22 49 69 89 37 95 47 77 72 68 93 35 % 35 93 68 72 77 47 95 37 89 69 49 22 51
92 4 25 45 77 80 34 % 34 80 77 45 25 4 92
74 33 64 43 5 72 44 25 3 91 98 71 80 % 80 71 98 91 3 25 44 72 5 43 64 33 74
13 23 23 2 79 7 27 19 48 23 93 28 59 % 59 28 93 23 48 19 27 7 79 2 23 23 13
60 75 88 42 99 6 42 2 73 20 94 50 66 % 66 50 94 20 73 2 42 6 99 42 88 75 60
78 3 48 92 80 21 70 % 70 21 80 92 48 3 78
60 25 28 62 14 1 41 70 75 50 6 77 40 % 40 77 6 50 75 70 41 1 14 62 28 25 60
78 1 24 90 84 83 13 % 13 83 84 90 24 1 78
64 93 13 52 29 94 65 7 96 25 39 30 66 % 66 30 39 25 96 7 65 94 29 52 13 93 64
78 39 47 37 34 86 68 % 68 86 34 37 47 39 78
58 20 92 77 40 29 41 86 25 40 84 21 81 % 81 21 84 40 25 86 41 29 40 77 92 20 58
99 39 21 69 83 39 30 38 54 39 94 24 9 % 9 24 94 39 54 38 30 39 83 69 21 39 99
96 29 34 32 20 83 72 % 72 83 20 32 34 29 96
55 77 39 89 49 54 24 32 96 92 34 27 91 % 91 27 34 92 96 32 24 54 49 89 39 77 55
8 10 62 58 10 80 61 % 61 80 10 58 62 10 8
51 68 96 35 91 16 54 77 24 12 55 49 78 % 78 49 55 12 24 77 54 16 91 35 96 68 51
30 78 48 78 94 52 37 95 70 51 81 4 5 % 5 4 81 51 70 95 37 52 94 78 48 78 30
61 88 10 73 82 13 82 % 82 13 82 73 10 88 61
33 4 39 49 54 97 69 % 69 97 54 49 39 4 33
42 62 73 47 4 95 54 % 54 95 4 47 73 62 42
81 3 57 18 30 94 84 % 84 94 30 18 57 3 81
97 48 7 59 73 97 96 % 96 97 73 59 7 48 97
27 85 38 56 31 59 90 % 90 59 31 56 38 85 27
82 42 77 29 88 11 8 % 8 11 88 29 77 42 82
0 86 18 99 15 75 93 % 93 75 15 99 18 86 0
62 88 50 49 4 68 16 % 16 68 4 49 50 88 62
76 22 0 42 69 0 12 36 52 76 40 37 66 % 66 37 40 76 52 36 12 0 69 42 0 22 76
31 3 38 52 54 94 96 % 96 94 54 52 38 3 31
9 36 40 85 89 95 5 25 70 23 66 23 69 % 69 23 66 23 70 25 5 95 89 85 40 36 9
98 95 5 23 43 69 62 % 62 69 43 23 5 95 98
45 9 22 60 7 6 83 % 83 6 7 60 22 9 45
96 19 12 21 31 51 95 95 48 94 28 95 77 % 77 95 28 94 48 95 95 51 31 21 12 19 96
97 43 89 12 47 4 7 % 7 4 47 12 89 43 97
94 3 34 69 54 43 21 % 21 43 54 69 34 3 94
72 21 48 35 98 67 2 % 2 67 98 35 48 21 72
43 97 93 6 25 39 83 % 83 39 25 6 93 97 43
72 41 10 52 60 15 93 49 13 60 36 94 25 % 25 94 36 60 13 49 93 15 60 52 10 41 72
48 11 21 75 44 41 66 % 66 41 44 75 21 11 48
21 4 88 7 83 9 69 7 18 44 39 74 22 % 22 74 39 44 18 7 69 9 83 7 88 4 21
60 48 14 51 86 18 72 % 72 18 86 51 14 48 60
25 80 4 91 53 54 31 % 31 54 53 91 4 80 25
56 56 83 8 84 77 98 76 74 14 67 16 34 % 34 16 67 14 74 76 98 77 84 8 83 56 56
1 94 63 78 47 98 82 48 94 39 20 70 62 % 62 70 20 39 94 48 82 98 47 78 63 94 1
88 14 82 12 65 32 36 % 36 32 65 12 82 14 88
71 48 48 8 59 2 59 % 59 2 59 8 48 48 71
85 98 83 35 90 43 20 17 72 17 58 30 30 % 30 30 58 17 72 17 20 43 90 35 83 98 85
36 40 38 67 9 65 25 83 41 89 16 89 93 % 93 89 16 89 41 83 25 65 9 67 38 40 36
14 86 5 62 27 18 27 % 27 18 27 62 5 86 14
28 20 12 23 32 68 96 68 2 78 39 96 91 % 91 96 39 78 2 68 96 68 32 23 12 20 28
48 48 61 66 55 3 38 % 38 3 55 66 61 48 48
59 62 0 37 76 63 4 % 4 63 76 37 0 62 59
42 71 44 47 64 1 64 4 2 34 59 88 14 % 14 88 59 34 2 4 64 1 64 47 44 71 42
36 76 88 37 30 34 3 % 3 34 30 37 88 76 36
97 49 88 97 89 40 66 % 66 40 89 97 88 49 97
57 75 83 70 10 30 19 22 34 20 18 87 42 % 42 87 18 20 34 22 19 30 10 70 83 75 57
91 76 20 11 1 32 79 26 84 60 61 58 7 % 7 58 61 60 84 26 79 32 1 11 20 76 91
71 10 43 60 12 84 47 % 47 84 12 60 43 10 71
54 33 74 29 69 43 3 % 3 43 69 29 74 33 54
87 0 21 37 6 13 25 % 25 13 6 37 21 0 87
71 26 43 41 88 95 59 77 45 87 58 98 63 % 63 98 58 87 45 77 59 95 88 41 43 26 71
10 55 67 48 10 84 33 23 95 54 16 92 76 % 76 92 16 54 95 23 33 84 10 48 67 55 10
15 85 19 67 82 95 35 84 11 25 99 42 33 % 33 42 99 25 11 84 35 95 82 67 19 85 15
23 6 21 71 83 53 96 % 96 53 83 71 21 6 23
18 18 9 55 6 89 29 86 8 33 45 11 98 % 98 11 45 33 8 86 29 89 6 55 9 18 18
99 82 76 18 41 19 43 % 43 19 41 18 76 82 99
44 36 81 12 41 57 41 % 41 57 41 12 81 36 44
63 98 95 88 35 58 45 % 45 58 35 88 95 98 63
26 41 18 42 46 60 57 16 27 92 27 6 8 % 8 6 27 92 27 16 57 60 46 42 18 41 26
16 32 25 34 53 69 59 38 65 60 78 28 67 % 67 28 78 60 65 38 59 69 53 34 25 32 16
71 7 48 1 16 67 86 80 36 48 11 64 96 % 96 64 11 48 36 80 86 67 16 1 48 7 71
26 25 33 82 58 39 66 72 79 36 63 44 56 % 56 44 63 36 79 72 66 39 58 82 33 25 26
99 18 63 40 51 83 9 % 9 83 51 40 63 18 99
81 30 96 21 26 87 81 % 81 87 26 21 96 30 81
52 93 36 86 91 55 93 59 83 26 21 24 3 % 3 24 21 26 83 59 93 55 91 86 36 93 52
67 76 56 94 95 86 98 % 98 86 95 94 56 76 67
16 56 86 99 88 6 16 69 4 11 69 92 57 % 57 92 69 11 4 69 16 6 88 99 86 56 16
18 69 6 50 30 27 3 3 7 28 97 51 17 % 17 51 97 28 7 3 3 27 30 50 6 69 18
24 68 97 39 33 76 87 % 87 76 33 39 97 68 24
39 12 48 33 23 37 10 % 10 37 23 33 48 12 39
26 67 19 26 58 66 41 6 60 37 65 99 78 % 78 99 65 37 60 6 41 66 58 26 19 67 26
70 5 49 54 79 1 13 19 56 23 56 32 3 % 3 32 56 23 56 19 13 1 79 54 49 5 70
87 9 74 49 29 61 45 % 45 61 29 49 74 9 87
63 31 64 81 87 74 3 3 2 40 48 18 33 % 33 18 48 40 2 3 3 74 87 81 64 31 63
28 81 1 24 61 30 62 34 93 22 92 99 43 % 43 99 92 22 93 34 62 30 61 24 1 81 28
23 64 61 69 45 51 82 76 42 10 97 46 48 % 48 46 97 10 42 76 82 51 45 69 61 64 23
55 41 3 8 66 47 96 47 17 13 58 42 61 % 61 42 58 13 17 47 96 47 66 8 3 41 55
73 61 82 77 37 55 18 90 90 64 57 21 25 % 25 21 57 64 90 90 18 55 37 77 82 61 73
71 28 61 55 78 15 62 % 62 15 78 55 61 28 71
17 81 41 20 40 87 22 99 95 62 17 0 65 % 65 0 17 62 95 99 22 87 40 20 41 81 17
76 21 12 84 99 46 8 % 8 46 99 84 12 21 76
79 3 82 54 74 40 85 % 85 40 74 54 82 3 79
66 93 26 32 79 35 65 % 65 35 79 32 26 93 66
70 68 31 2 53 85 52 99 23 68 63 45 59 % 59 45 63 68 23 99 52 85 53 2 31 68 70
36 71 30 81 58 89 92 % 92 89 58 81 30 71 36
50 10 41 12 31 70 45 % 45 70 31 12 41 10 50
23 56 64 39 43 53 99 % 99 53 43 39 64 56 23
27 96 40 82 42 50 67 % 67 50 42 82 40 96 27
1 36 14 82 16 42 76 37 25 97 74 44 87 % 87 44 74 97 25 37 76 42 16 82 14 36 1
85 36 98 34 14 38 26 % 26 38 14 34 98 36 85
82 68 41 63 64 4 79 9 38 56 53 49 53 % 53 49 53 56 38 9 79 4 64 63 41 68 82
53 85 46 29 1 17 6 % 6 17 1 29 46 85 53
98 78 55 86 40 43 30 26 55 36 25 91 6 % 6 91 25 36 55 26 30 43 40 86 55 78 98
40 44 38 60 36 84 91 % 91 84 36 60 38 44 40
93 41 9 1 96 77 59 54 95 28 7 96 89 % 89 96 7 28 95 54 59 77 96 1 9 41 93
27 10 93 42 2 44 19 % 19 44 2 42 93 10 27
61 15 23 22 58 24 53 27 45 67 89 59 77 % 77 59 89 67 45 27 53 24 58 22 23 15 61
61 24 75 16 95 22 43 % 43 22 95 16 75 24 61
50 53 27 52 76 89 23 75 63 66 62 22 79 % 79 22 62 66 63 75 23 89 76 52 27 53 50
8 93 2 94 13 32 43 % 43 32 13 94 2 93 8
56 34 20 77 94 45 10 97 50 43 5 33 68 % 68 33 5 43 50 97 10 45 94 77 20 34 56
24 52 36 9 24 71 67 88 25 69 46 96 8 % 8 96 46 69 25 88 67 71 24 9 36 52 24
50 33 50 84 61 96 63 % 63 96 61 84 50 33 50
65 37 20 84 91 43 4 87 2 41 22 46 38 % 38 46 22 41 2 87 4 43 91 84 20 37 65
88 11 23 10 74 62 21 % 21 62 74 10 23 11 88
39 20 84 90 4 63 19 % 19 63 4 90 84 20 39
50 37 52 12 30 28 25 87 20 18 24 6 86 % 86 6 24 18 20 87 25 28 30 12 52 37 50
39 2 14 51 9 40 69 % 69 40 9 51 14 2 39
50 18 63 62 6 78 75 12 58 50 49 36 87 % 87 36 49 50 58 12 75 78 6 62 63 18 50
40 56 97 97 58 52 75 % 75 52 58 97 97 56 40
78 67 77 89 88 65 71 66 78 40 0 49 54 % 54 49 0 40 78 66 71 65 88 89 77 67 78
13 73 90 96 99 53 58 86 12 58 75 11 6 % 6 11 75 58 12 86 58 53 99 96 90 73 13
93 57 36 78 26 63 38 % 38 63 26 78 36 57 93
13 8 45 54 47 35 33 44 22 81 66 85 92 % 92 85 66 81 22 44 33 35 47 54 45 8 13
4 96 50 64 9 53 1 93 30 16 94 45 56 % 56 45 94 16 30 93 1 53 9 64 50 96 4
65 81 57 60 34 64 40 36 36 35 98 87 93 % 93 87 98 35 36 36 40 64 34 60 57 81 65
27 97 94 91 18 0 23 % 23 0 18 91 94 97 27
50 71 75 89 65 91 35 96 12 2 5 98 30 % 30 98 5 2 12 96 35 91 65 89 75 71 50
85 55 33 89 50 40 97 9 52 37 59 97 35 % 35 97 59 37 52 9 97 40 50 89 33 55 85
97 39 40 44 43 44 58 64 45 8 38 72 53 % 53 72 38 8 45 64 58 44 43 44 40 39 97
69 86 82 60 49 96 31 % 31 96 49 60 82 86 69
91 91 16 43 70 30 60 49 16 72 87 29 51 % 51 29 87 72 16 49 60 30 70 43 16 91 91
43 81 14 42 30 4 38 % 38 4 30 42 14 81 43
85 75 70 46 41 62 26 % 26 62 41 46 70 75 85
24 37 91 77 49 92 27 25 69 81 39 54 89 % 89 54 39 81 69 25 27 92 49 77 91 37 24
40 87 48 1 2 85 95 % 95 85 2 1 48 87 40
19 42 79 63 12 99 11 % 11 99 12 63 79 42 19
93 89 10 69 36 22 33 48 41 88 3 42 19 % 19 42 3 88 41 48 33 22 36 69 10 89 93
96 85 19 86 64 74 51 % 51 74 64 86 19 85 96
29 31 76 92 28 25 76 % 76 25 28 92 76 31 29
66 53 49 55 0 80 7 92 71 10 58 41 19 % 19 41 58 10 71 92 7 80 0 55 49 53 66
79 23 84 90 20 60 94 60 96 85 33 43 46 % 46 43 33 85 96 60 94 60 20 90 84 23 79
26 84 23 49 78 45 92 48 50 86 81 47 76 % 76 47 81 86 50 48 92 45 78 49 23 84 26
87 54 45 55 69 43 18 % 18 43 69 55 45 54 87
18 2 81 82 47 68 83 % 83 68 47 82 81 2 18
2 79 64 27 80 61 62 % 62 61 80 27 64 79 2
66 58 8 76 68 44 17 13 85 51 98 48 40 % 40 48 98 51 85 13 17 44 68 76 8 58 66
21 25 23 12 67 84 98 2 1 79 96 92 50 % 50 92 96 79 1 2 98 84 67 12 23 25 21
21 12 72 15 98 0 16 % 16 0 98 15 72 12 21
43 46 39 67 81 1 81 81 39 10 59 51 17 % 17 51 59 10 39 81 81 1 81 67 39 46 43
27 15 49 27 48 53 13 % 13 53 48 27 49 15 27
35 72 99 98 72 63 76 85 67 12 32 0 35 % 35 0 32 12 67 85 76 63 72 98 99 72 35
55 23 52 17 15 64 58 11 73 0 90 62 24 % 24 62 90 0 73 11 58 64 15 17 52 23 55
35 24 46 52 9 11 6 36 40 86 61 48 52 % 52 48 61 86 40 36 6 11 9 52 46 24 35
36 17 73 64 80 26 13 75 86 28 75 25 17 % 17 25 75 28 86 75 13 26 80 64 73 17 36
5 99 16 26 45 51 26 % 26 51 45 26 16 99 5
42 64 92 46 21 68 64 70 5 79 21 3 42 % 42 3 21 79 5 70 64 68 21 46 92 64 42
28 93 56 60 7 6 82 29 71 54 73 88 29 % 29 88 73 54 71 29 82 6 7 60 56 93 28
89 88 29 51 91 76 66 15 97 25 19 68 94 % 94 68 19 25 97 15 66 76 91 51 29 88 89
41 53 11 50 67 87 1 % 1 87 67 50 11 53 41
40 90 92 6 11 3 27 16 33 58 11 9 62 % 62 9 11 58 33 16 27 3 11 6 92 90 40
37 97 4 70 79 89 53 3 80 46 7 95 91 % 91 95 7 46 80 3 53 89 79 70 4 97 37
99 25 94 88 36 72 46 64 0 93 39 25 8 % 8 25 39 93 0 64 46 72 36 88 94 25 99
54 37 48 28 9 70 93 % 93 70 9 28 48 37 54
3 73 75 48 55 18 24 99 89 90 62 31 68 % 68 31 62 90 89 99 24 18 55 48 75 73 3
66 26 11 51 81 53 62 4 89 94 99 37 0 % 0 37 99 94 89 4 62 53 81 51 11 26 66
13 94 54 32 84 54 21 4 72 51 99 27 64 % 64 27 99 51 72 4 21 54 84 32 54 94 13
31 6 54 91 54 46 56 10 52 53 86 23 70 % 70 23 86 53 52 10 56 46 54 91 54 6 31
50 31 89 55 83 99 60 83 51 25 46 68 38 % 38 68 46 25 51 83 60 99 83 55 89 31 50
15 77 50 50 42 41 67 % 67 41 42 50 50 77 15
29 22 17 63 91 69 73 9 39 49 82 90 15 % 15 90 82 49 39 9 73 69 91 63 17 22 29
30 37 99 90 78 82 86 % 86 82 78 90 99 37 30
89 5 38 17 36 99 82 3 65 97 42 84 35 % 35 84 42 97 65 3 82 99 36 17 38 5 89
3 10 59 63 29 25 75 % 75 25 29 63 59 10 3
69 67 28 84 20 96 82 55 34 64 23 74 56 % 56 74 23 64 34 55 82 96 20 84 28 67 69
98 9 88 22 70 89 41 % 41 89 70 22 88 9 98
99 27 66 41 37 60 37 % 37 60 37 41 66 27 99
9 78 84 81 29 53 74 43 4 76 22 87 30 % 30 87 22 76 4 43 74 53 29 81 84 78 9
50 7 88 23 37 51 81 % 81 51 37 23 88 7 50
16 33 41 49 58 23 64 % 64 23 58 49 41 33 16
8 4 77 50 52 63 34 5 35 87 62 10 51 % 51 10 62 87 35 5 34 63 52 50 77 4 8
70 85 59 14 49 38 47 10 5 80 8 40 44 % 44 40 8 80 5 10 47 38 49 14 59 85 70
21 84 81 29 96 4 79 57 37 35 21 88 17 % 17 88 21 35 37 57 79 4 96 29 81 84 21
67 65 50 72 35 60 13 % 13 60 35 72 50 65 67
90 33 23 2 57 86 19 2 11 80 70 62 16 % 16 62 70 80 11 2 19 86 57 2 23 33 90
5 61 21 59 22 53 66 % 66 53 22 59 21 61 5
15 37 44 13 0 69 1 % 1 69 0 13 44 37 15
76 97 73 27 0 54 14 84 34 62 89 49 46 % 46 49 89 62 34 84 14 54 0 27 73 97 76
67 69 20 28 85 2 41 % 41 2 85 28 20 69 67
45 95 75 94 97 5 35 % 35 5 97 94 75 95 45
67 93 40 49 37 31 85 % 85 31 37 49 40 93 67
26 98 53 26 99 34 23 25 19 97 34 42 57 % 57 42 34 97 19 25 23 34 99 26 53 98 26
51 7 80 35 45 27 18 % 18 27 45 35 80 7 51
5 56 11 0 69 24 60 13 88 0 17 55 56 % 56 55 17 0 88 13 60 24 69 0 11 56 5
87 33 72 8 69 79 9 1 47 53 86 99 89 % 89 99 86 53 47 1 9 79 69 8 72 33 87
74 15 8 2 36 63 0 20 68 94 37 78 80 % 80 78 37 94 68 20 0 63 36 2 8 15 74
70 32 19 46 11 43 81 0 59 63 56 39 64 % 64 39 56 63 59 0 81 43 11 46 19 32 70
46 14 19 93 39 86 36 82 23 41 63 66 79 % 79 66 63 41 23 82 36 86 39 93 19 14 46
80 28 55 82 47 93 28 42 25 55 42 16 37 % 37 16 42 55 25 42 28 93 47 82 55 28 80
20 98 88 59 0 27 51 % 51 27 0 59 88 98 20
60 1 85 32 15 42 62 % 62 42 15 32 85 1 60
47 13 97 74 79 62 95 % 95 62 79 74 97 13 47
69 92 50 98 45 61 18 % 18 61 45 98 50 92 69
21 68 29 53 8 86 97 % 97 86 8 53 29 68 21
55 38 27 10 33 27 52 34 18 75 25 4 3 % 3 4 25 75 18 34 52 27 33 10 27 38 55
3 49 18 16 78 31 25 60 0 76 37 23 83 % 83 23 37 76 0 60 25 31 78 16 18 49 3
9 73 56 53 45 17 97 60 25 70 62 15 38 % 38 15 62 70 25 60 97 17 45 53 56 73 9
54 36 9 51 49 83 0 71 6 44 88 54 24 % 24 54 88 44 6 71 0 83 49 51 9 36 54
13 35 98 23 85 5 43 87 65 53 34 19 64 % 64 19 34 53 65 87 43 5 85 23 98 35 13
86 83 21 28 23 85 12 19 16 65 21 40 32 % 32 40 21 65 16 19 12 85 23 28 21 83 86
64 29 52 92 42 78 86 % 86 78 42 92 52 29 64
23 85 75 98 55 48 96 99 52 17 26 12 44 % 44 12 26 17 52 99 96 48 55 98 75 85 23
66 32 48 17 33 5 33 % 33 5 33 17 48 32 66
24 19 81 78 95 71 31 % 31 71 95 78 81 19 24
97 3 62 4 99 87 52 12 65 7 95 68 87 % 87 68 95 7 65 12 52 87 99 4 62 3 97
27 58 30 14 39 96 63 % 63 96 39 14 30 58 27
91 54 68 23 76 24 10 28 61 38 59 32 90 % 90 32 59 38 61 28 10 24 76 23 68 54 91
2 81 67 9 38 34 85 % 85 34 38 9 67 81 2
65 86 3 73 94 84 0 % 0 84 94 73 3 86 65
50 52 97 49 56 28 62 94 46 81 28 48 31 % 31 48 28 81 46 94 62 28 56 49 97 52 50
57 10 53 8 25 7 54 % 54 7 25 8 53 10 57
14 28 17 17 74 21 39 84 67 47 49 19 11 % 11 19 49 47 67 84 39 21 74 17 17 28 14
2 56 73 11 40 99 28 % 28 99 40 11 73 56 2
61 36 77 69 46 85 8 98 21 63 18 52 9 % 9 52 18 63 21 98 8 85 46 69 77 36 61
54 31 37 73 20 36 72 86 47 61 97 20 39 % 39 20 97 61 47 86 72 36 20 73 37 31 54
76 39 90 32 57 15 9 % 9 15 57 32 90 39 76
65 63 7 95 65 30 87 81 4 4 84 35 29 % 29 35 84 4 4 81 87 30 65 95 7 63 65
47 23 60 93 59 49 0 % 0 49 59 93 60 23 47
72 99 53 47 76 58 94 % 94 58 76 47 53 99 72
54 94 98 85 36 58 59 % 59 58 36 85 98 94 54
46 28 88 22 6 18 88 81 18 75 98 65 80 % 80 65 98 75 18 81 88 18 6 22 88 28 46
30 45 23 99 34 3 72 % 72 3 34 99 23 45 30
38 47 81 36 79 85 90 28 4 16 92 57 34 % 34 57 92 16 4 28 90 85 79 36 81 47 38
32 95 4 51 38 7 54 % 54 7 38 51 4 95 32
54 67 77 81 83 73 85 % 85 73 83 81 77 67 54
87 56 60 46 42 27 14 % 14 27 42 46 60 56 87
14 1 37 18 69 19 77 7 97 29 25 20 91 % 91 20 25 29 97 7 77 19 69 18 37 1 14
11 48 69 0 41 19 68 % 68 19 41 0 69 48 11
66 23 41 60 59 84 61 % 61 84 59 60 41 23 66
86 32 89 76 20 70 82 % 82 70 20 76 89 32 86
93 21 56 80 64 19 47 41 2 27 3 49 89 % 89 49 3 27 2 41 47 19 64 80 56 21 93
61 19 17 78 48 67 22 % 22 67 48 78 17 19 61
33 77 59 34 85 78 96 % 96 78 85 34 59 77 33
3 2 94 14 35 99 11 % 11 99 35 14 94 2 3
25 6 4 26 53 88 92 % 92 88 53 26 4 6 25
75 18 3 77 36 84 55 % 55 84 36 77 3 18 75
19 68 97 65 76 77 54 71 29 33 91 18 18 % 18 18 91 33 29 71 54 77 76 65 97 68 19
24 21 34 50 58 78 49 % 49 78 58 50 34 21 24
14 14 76 30 28 75 19 23 80 61 92 27 6 % 6 27 92 61 80 23 19 75 28 30 76 14 14
77 69 68 28 36 52 98 43 50 60 38 53 94 % 94 53 38 60 50 43 98 52 36 28 68 69 77
68 1 86 10 68 42 23 44 43 4 42 46 56 % 56 46 42 4 43 44 23 42 68 10 86 1 68
53 20 81 65 25 20 10 91 91 1 9 37 67 % 67 37 9 1 91 91 10 20 25 65 81 20 53
89 80 72 3 90 18 38 % 38 18 90 3 72 80 89
93 85 8 99 23 16 60 48 23 50 63 15 90 % 90 15 63 50 23 48 60 16 23 99 8 85 93
32 92 15 73 78 68 57 95 26 63 84 95 69 % 69 95 84 63 26 95 57 68 78 73 15 92 32
97 77 23 97 90 16 49 % 49 16 90 97 23 77 97
82 31 65 13 90 32 62 % 62 32 90 13 65 31 82
76 60 15 22 50 44 8 55 26 80 77 75 90 % 90 75 77 80 26 55 8 44 50 22 15 60 76
75 17 81 81 27 86 31 % 31 86 27 81 81 17 75
24 20 37 52 3 59 24 % 24 59 3 52 37 20 24
54 92 29 16 94 93 64 % 64 93 94 16 29 92 54
13 62 66 83 30 30 30 % 30 30 30 83 66 62 13
5 35 74 80 89 97 5 % 5 97 89 80 74 35 5
89 48 7 90 72 75 92 % 92 75 72 90 7 48 89
11 5 50 29 42 82 72 0 56 46 9 13 16 % 16 13 9 46 56 0 72 82 42 29 50 5 11
36 97 75 97 70 76 1 % 1 76 70 97 75 97 36
28 44 55 57 24 3 44 % 44 3 24 57 55 44 28
59 23 13 84 0 39 7 % 7 39 0 84 13 23 59
87 99 26 0 4 74 36 % 36 74 4 0 26 99 87
70 91 37 12 23 1 70 % 70 1 23 12 37 91 70
11 69 23 15 89 72 45 % 45 72 89 15 23 69 11
50 43 40 93 8 19 30 11 93 3 24 39 57 % 57 39 24 3 93 11 30 19 8 93 40 43 50
10 59 49 85 49 84 38 92 99 57 76 83 85 % 85 83 76 57 99 92 38 84 49 85 49 59 10
64 73 95 97 85 81 52 59 86 20 18 6 14 % 14 6 18 20 86 59 52 81 85 97 95 73 64
22 16 52 70 82 36 16 23 92 67 32 37 38 % 38 37 32 67 92 23 16 36 82 70 52 16 22
16 69 73 61 44 12 22 79 3 39 17 6 6 % 6 6 17 39 3 79 22 12 44 61 73 69 16
60 7 79 1 82 16 78 % 78 16 82 1 79 7 60
37 3 27 86 97 16 53 % 53 16 97 86 27 3 37
45 72 94 3 85 37 56 % 56 37 85 3 94 72 45
59 4 69 60 34 35 98 % 98 35 34 60 69 4 59
47 29 11 67 49 66 24 9 83 65 74 94 22 % 22 94 74 65 83 9 24 66 49 67 11 29 47
87 90 57 17 99 28 82 % 82 28 99 17 57 90 87
63 79 87 61 57 37 3 14 86 61 73 5 19 % 19 5 73 61 86 14 3 37 57 61 87 79 63
2 10 16 81 83 59 36 % 36 59 83 81 16 10 2
28 66 1 27 72 48 72 % 72 48 72 27 1 66 28
78 20 46 74 78 93 38 29 62 38 72 80 53 % 53 80 72 38 62 29 38 93 78 74 46 20 78
81 49 21 98 72 71 30 83 91 97 96 71 29 % 29 71 96 97 91 83 30 71 72 98 21 49 81
61 32 82 44 78 45 98 31 14 0 72 17 96 % 96 17 72 0 14 31 98 45 78 44 82 32 61
4 75 31 72 88 94 37 17 84 2 41 74 49 % 49 74 41 2 84 17 37 94 88 72 31 75 4
41 10 91 98 85 57 6 9 98 34 23 94 91 % 91 94 23 34 98 9 6 57 85 98 91 10 41
18 69 85 89 97 19 88 % 88 19 97 89 85 69 18
10 81 52 92 56 87 60 89 38 61 3 99 64 % 64 99 3 61 38 89 60 87 56 92 52 81 10
42 17 28 66 77 91 29 % 29 91 77 66 28 17 42
90 97 15 22 52 35 26 18 88 49 98 85 80 % 80 85 98 49 88 18 26 35 52 22 15 97 90
46 89 64 8 59 73 93 % 93 73 59 8 64 89 46
5 59 50 85 16 84 52 % 52 84 16 85 50 59 5
34 32 54 53 8 53 30 47 57 65 3 75 86 % 86 75 3 65 57 47 30 53 8 53 54 32 34
73 50 46 46 48 56 9 % 9 56 48 46 46 50 73
66 49 22 62 84 84 6 % 6 84 84 62 22 49 66
72 82 59 10 74 67 66 % 66 67 74 10 59 82 72
7 78 6 33 14 82 26 % 26 82 14 33 6 78 7
46 90 77 30 52 56 70 % 70 56 52 30 77 90 46
7 2 78 31 75 10 97 % 97 10 75 31 78 2 7
14 64 52 4 17 47 99 % 99 47 17 4 52 64 14
79 81 66 46 6 9 97 99 60 80 28 12 19 % 19 12 28 80 60 99 97 9 6 46 66 81 79
92 69 11 97 22 41 63 % 63 41 22 97 11 69 92
5 15 69 12 11 71 55 55 96 35 14 55 31 % 31 55 14 35 96 55 55 71 11 12 69 15 5
50 0 16 98 77 56 80 93 55 70 33 61 6 % 6 61 33 70 55 93 80 56 77 98 16 0 50
26 36 84 10 25 92 32 % 32 92 25 10 84 36 26
36 11 86 51 11 19 67 % 67 19 11 51 86 11 36
46 59 87 10 92 50 25 % 25 50 92 10 87 59 46
13 23 26 95 48 52 81 % 81 52 48 95 26 23 13
63 25 59 95 94 96 20 % 20 96 94 95 59 25 63
88 75 20 91 33 55 2 24 71 87 65 40 44 % 44 40 65 87 71 24 2 55 33 91 20 75 88
98 74 48 45 88 80 12 44 11 4 73 72 51 % 51 72 73 4 11 44 12 80 88 45 48 74 98
30 95 42 41 24 80 40 % 40 80 24 41 42 95 30
20 24 54 82 9 58 51 % 51 58 9 82 54 24 20
62 58 97 65 53 26 98 57 94 59 60 69 96 % 96 69 60 59 94 57 98 26 53 65 97 58 62
82 72 56 90 52 0 40 % 40 0 52 90 56 72 82
24 7 18 68 23 25 89 76 14 95 80 3 62 % 62 3 80 95 14 76 89 25 23 68 18 7 24
68 72 1 81 50 53 68 % 68 53 50 81 1 72 68
26 28 93 5 5 71 84 27 11 24 50 99 23 % 23 99 50 24 11 27 84 71 5 5 93 28 26
62 9 60 33 86 35 43 % 43 35 86 33 60 9 62
14 53 77 12 52 47 97 83 67 3 28 95 11 % 11 95 28 3 67 83 97 47 52 12 77 53 14
21 23 65 59 20 40 98 % 98 40 20 59 65 23 21
78 60 82 86 95 25 67 94 76 67 44 55 4 % 4 55 44 67 76 94 67 25 95 86 82 60 78
61 94 79 94 75 98 84 % 84 98 75 94 79 94 61
18 15 72 81 49 64 55 6 68 78 59 28 3 % 3 28 59 78 68 6 55 64 49 81 72 15 18
54 62 42 23 30 71 3 % 3 71 30 23 42 62 54
84 55 43 77 44 95 42 60 88 24 56 54 81 % 81 54 56 24 88 60 42 95 44 77 43 55 84
30 69 10 63 38 74 41 1 32 98 58 61 95 % 95 61 58 98 32 1 41 74 38 63 10 69 30
56 45 87 83 48 67 70 % 70 67 48 83 87 45 56
1 1 69 52 56 25 39 24 24 72 56 93 55 % 55 93 56 72 24 24 39 25 56 52 69 1 1
23 7 87 50 85 88 87 59 65 4 29 2 87 % 87 2 29 4 65 59 87 88 85 50 87 7 23
34 7 45 32 8 68 9 % 9 68 8 32 45 7 34
82 25 55 73 58 42 25 99 27 11 86 71 39 % 39 71 86 11 27 99 25 42 58 73 55 25 82
57 64 52 81 59 35 11 38 83 47 30 77 94 % 94 77 30 47 83 38 11 35 59 81 52 64 57
4 4 53 38 21 65 24 3 62 6 19 59 89 % 89 59 19 6 62 3 24 65 21 38 53 4 4
42 76 53 30 60 23 84 % 84 23 60 30 53 76 42
24 72 20 0 43 71 44 86 64 22 64 2 36 % 36 2 64 22 64 86 44 71 43 0 20 72 24
82 2 48 29 79 44 16 25 13 47 4 58 32 % 32 58 4 47 13 25 16 44 79 29 48 2 82
82 78 91 72 58 16 17 % 17 16 58 72 91 78 82
72 31 75 9 29 28 5 4 75 71 15 37 63 % 63 37 15 71 75 4 5 28 29 9 75 31 72
60 71 62 41 28 14 9 3 63 9 89 44 67 % 67 44 89 9 63 3 9 14 28 41 62 71 60
44 3 11 84 83 50 48 87 83 45 95 0 92 % 92 0 95 45 83 87 48 50 83 84 11 3 44
94 33 10 4 3 91 13 % 13 91 3 4 10 33 94
55 6 75 46 44 96 45 % 45 96 44 46 75 6 55
12 82 67 9 13 14 44 1 65 21 55 36 87 % 87 36 55 21 65 1 44 14 13 9 67 82 12
14 52 42 72 37 61 79 62 59 62 80 25 21 % 21 25 80 62 59 62 79 61 37 72 42 52 14
33 81 78 81 69 66 77 13 3 27 0 36 39 % 39 36 0 27 3 13 77 66 69 81 78 81 33
34 68 56 3 59 89 70 % 70 89 59 3 56 68 34
17 44 46 85 67 13 34 99 75 61 81 10 25 % 25 10 81 61 75 99 34 13 67 85 46 44 17
53 63 85 18 63 73 67 36 16 48 65 59 52 % 52 59 65 48 16 36 67 73 63 18 85 63 53
71 70 64 11 87 26 77 % 77 26 87 11 64 70 71
4 54 23 88 35 49 17 % 17 49 35 88 23 54 4
41 6 32 66 74 3 50 % 50 3 74 66 32 6 41
2 45 49 8 14 75 62 % 62 75 14 8 49 45 2
41 45 25 50 33 69 1 % 1 69 33 50 25 45 41
70 81 7 68 39 51 15 56 98 29 96 4 91 % 91 4 96 29 98 56 15 51 39 68 7 81 70
76 48 44 40 5 47 64 % 64 47 5 40 44 48 76
2 90 27 84 30 33 96 % 96 33 30 84 27 90 2
38 69 21 95 48 90 29 17 49 49 84 22 82 % 82 22 84 49 49 17 29 90 48 95 21 69 38
14 43 17 83 0 46 83 8 40 22 0 91 73 % 73 91 0 22 40 8 83 46 0 83 17 43 14
28 18 22 22 38 18 83 % 83 18 38 22 22 18 28
85 81 52 83 42 31 13 % 13 31 42 83 52 81 85
18 7 32 81 16 19 31 64 20 45 61 16 78 % 78 16 61 45 20 64 31 19 16 81 32 7 18
12 52 35 25 2 75 15 15 8 43 52 30 15 % 15 30 52 43 8 15 15 75 2 25 35 52 12
34 86 14 13 83 9 51 % 51 9 83 13 14 86 34
12 40 12 34 80 36 63 % 63 36 80 34 12 40 12
7 93 47 55 76 90 76 % 76 90 76 55 47 93 7
71 22 93 83 20 28 45 % 45 28 20 83 93 22 71
98 71 27 70 99 62 31 % 31 62 99 70 27 71 98
35 9 49 63 43 96 73 11 11 84 7 1 29 % 29 1 7 84 11 11 73 96 43 63 49 9 35
55 57 30 48 96 88 29 % 29 88 96 48 30 57 55
77 8 32 85 22 41 80 % 80 41 22 85 32 8 77
19 68 47 71 75 59 54 91 56 73 70 77 18 % 18 77 70 73 56 91 54 59 75 71 47 68 19
30 61 32 91 29 34 11 92 93 1 3 72 20 % 20 72 3 1 93 92 11 34 29 91 32 61 30
64 33 20 39 74 7 14 37 16 21 91 3 62 % 62 3 91 21 16 37 14 7 74 39 20 33 64
96 28 15 17 9 18 65 42 89 41 66 81 26 % 26 81 66 41 89 42 65 18 9 17 15 28 96
35 28 26 10 36 62 53 % 53 62 36 10 26 28 35
54 43 55 89 61 73 68 82 34 34 62 22 68 % 68 22 62 34 34 82 68 73 61 89 55 43 54
97 47 8 27 74 70 62 47 79 34 59 10 43 % 43 10 59 34 79 47 62 70 74 27 8 47 97
85 93 7 33 93 73 52 % 52 73 93 33 7 93 85
81 58 88 95 34 20 17 87 59 87 35 27 64 % 64 27 35 87 59 87 17 20 34 95 88 58 81
23 17 93 70 86 46 22 52 30 88 43 53 15 % 15 53 43 88 30 52 22 46 86 70 93 17 23
72 21 72 39 31 78 89 % 89 78 31 39 72 21 72
2 82 14 51 99 10 63 % 63 10 99 51 14 82 2
81 37 15 29 9 5 70 % 70 5 9 29 15 37 81
64 35 45 4 61 69 12 % 12 69 61 4 45 35 64
87 62 81 29 57 83 48 47 61 24 74 86 36 % 36 86 74 24 61 47 48 83 57 29 81 62 87
87 58 93 82 97 20 97 % 97 20 97 82 93 58 87
12 7 57 58 72 29 87 % 87 29 72 58 57 7 12
98 67 38 79 77 19 59 30 1 98 3 21 59 % 59 21 3 98 1 30 59 19 77 79 38 67 98
45 58 40 31 20 91 51 32 55 28 18 60 11 % 11 60 18 28 55 32 51 91 20 31 40 58 45
82 95 42 57 74 36 11 % 11 36 74 57 42 95 82
73 48 72 26 41 8 51 83 84 46 35 46 28 % 28 46 35 46 84 83 51 8 41 26 72 48 73
37 50 49 22 1 17 60 % 60 17 1 22 49 50 37
22 18 43 22 86 55 97 % 97 55 86 22 43 18 22
53 44 32 51 70 76 89 % 89 76 70 51 32 44 53
40 22 36 16 7 35 45 94 66 28 60 26 88 % 88 26 60 28 66 94 45 35 7 16 36 22 40
44 65 24 98 28 2 64 33 34 43 62 20 82 % 82 20 62 43 34 33 64 2 28 98 24 65 44
25 44 81 22 75 67 88 89 52 49 64 15 99 % 99 15 64 49 52 89 88 67 75 22 81 44 25
80 71 43 28 75 6 24 % 24 6 75 28 43 71 80
93 53 62 93 29 96 17 0 66 82 70 76 30 % 30 76 70 82 66 0 17 96 29 93 62 53 93
75 21 84 46 19 57 23 86 31 86 29 22 45 % 45 22 29 86 31 86 23 57 19 46 84 21 75
6 93 16 23 27 95 53 98 36 58 78 23 29 % 29 23 78 58 36 98 53 95 27 23 16 93 6
26 19 26 6 87 73 26 64 16 93 86 46 41 % 41 46 86 93 16 64 26 73 87 6 26 19 26
68 55 89 77 39 42 15 77 34 54 55 51 59 % 59 51 55 54 34 77 15 42 39 77 89 55 68
97 65 49 41 29 25 62 % 62 25 29 41 49 65 97
0 16 3 81 88 48 48 % 48 48 88 81 3 16 0
39 2 26 24 67 4 38 40 36 7 96 47 20 % 20 47 96 7 36 40 38 4 67 24 26 2 39
74 81 5 40 70 44 7 % 7 44 70 40 5 81 74
41 30 98 37 3 66 79 95 70 72 59 16 42 % 42 16 59 72 70 95 79 66 3 37 98 30 41
65 45 43 52 5 46 34 % 34 46 5 52 43 45 65
86 69 3 67 95 86 39 % 39 86 95 67 3 69 86
76 47 90 12 68 53 23 % 23 53 68 12 90 47 76
92 54 82 11 65 4 27 77 8 41 87 20 61 % 61 20 87 41 8 77 27 4 65 11 82 54 92
65 18 87 65 59 21 98 % 98 21 59 65 87 18 65
27 47 43 27 76 14 33 41 31 90 93 16 13 % 13 16 93 90 31 41 33 14 76 27 43 47 27
48 16 99 2 68 78 48 % 48 78 68 2 99 16 48
61 31 19 0 49 76 34 % 34 76 49 0 19 31 61
3 10 51 11 79 75 13 85 80 14 62 48 31 % 31 48 62 14 80 85 13 75 79 11 51 10 3
87 95 18 89 4 25 9 9 14 90 26 80 67 % 67 80 26 90 14 9 9 25 4 89 18 95 87
52 91 36 92 22 23 87 12 87 36 23 75 46 % 46 75 23 36 87 12 87 23 22 92 36 91 52
13 64 4 37 36 55 89 79 28 8 88 7 19 % 19 7 88 8 28 79 89 55 36 37 4 64 13
78 21 22 43 25 11 82 32 27 9 6 46 1 % 1 46 6 9 27 32 82 11 25 43 22 21 78
8 88 69 72 37 47 43 58 12 50 41 90 68 % 68 90 41 50 12 58 43 47 37 72 69 88 8
18 62 39 31 59 41 84 % 84 41 59 31 39 62 18
5 46 42 12 36 55 9 % 9 55 36 12 42 46 5
8 67 89 82 7 18 50 36 4 89 94 33 63 % 63 33 94 89 4 36 50 18 7 82 89 67 8
62 36 3 68 71 40 1 % 1 40 71 68 3 36 62
5 47 48 39 35 75 57 % 57 75 35 39 48 47 5
94 81 35 24 68 49 31 % 31 49 68 24 35 81 94
78 90 34 88 96 43 63 0 96 75 51 21 80 % 80 21 51 75 96 0 63 43 96 88 34 90 78
68 6 31 97 67 51 66 5 81 24 83 55 32 % 32 55 83 24 81 5 66 51 67 97 31 6 68
67 66 22 70 50 96 58 40 26 93 45 63 51 % 51 63 45 93 26 40 58 96 50 70 22 66 67
81 21 18 4 25 63 7 37 44 3 84 8 74 % 74 8 84 3 44 37 7 63 25 4 18 21 81
96 44 90 1 92 50 75 18 22 60 80 49 72 % 72 49 80 60 22 18 75 50 92 1 90 44 96
58 28 37 39 22 94 91 7 93 41 63 60 78 % 78 60 63 41 93 7 91 94 22 39 37 28 58
42 76 68 6 18 80 14 % 14 80 18 6 68 76 42
40 33 25 70 3 99 45 % 45 99 3 70 25 33 40
96 94 73 17 57 2 42 69 41 67 90 88 69 % 69 88 90 67 41 69 42 2 57 17 73 94 96
55 95 42 61 78 44 96 % 96 44 78 61 42 95 55
51 93 42 43 37 96 55 68 57 94 17 78 62 % 62 78 17 94 57 68 55 96 37 43 42 93 51
98 79 34 12 85 25 75 % 75 25 85 12 34 79 98
47 56 61 76 66 57 87 68 62 12 32 1 71 % 71 1 32 12 62 68 87 57 66 76 61 56 47
28 49 83 59 31 34 83 % 83 34 31 59 83 49 28
4 7 95 60 32 67 48 % 48 67 32 60 95 7 4
58 87 80 4 43 3 96 21 23 64 52 59 45 % 45 59 52 64 23 21 96 3 43 4 80 87 58
79 39 66 99 10 13 0 79 59 74 46 59 29 % 29 59 46 74 59 79 0 13 10 99 66 39 79
42 12 91 82 94 52 80 % 80 52 94 82 91 12 42
56 58 61 25 74 35 84 61 68 35 43 45 87 % 87 45 43 35 68 61 84 35 74 25 61 58 56
55 91 11 6 63 59 53 9 17 7 79 68 80 % 80 68 79 7 17 9 53 59 63 6 11 91 55
70 88 87 42 90 11 57 % 57 11 90 42 87 88 70
61 86 35 48 58 61 17 17 88 4 51 18 34 % 34 18 51 4 88 17 17 61 58 48 35 86 61
40 50 4 87 21 62 3 % 3 62 21 87 4 50 40
82 87 29 3 13 31 78 % 78 31 13 3 29 87 82
68 63 19 76 48 44 0 % 0 44 48 76 19 63 68
31 58 55 54 54 26 66 34 8 76 96 5 88 % 88 5 96 76 8 34 66 26 54 54 55 58 31
76 52 81 73 7 65 22 % 22 65 7 73 81 52 76
54 49 78 53 95 19 16 76 32 36 85 73 15 % 15 73 85 36 32 76 16 19 95 53 78 49 54
8 36 83 20 8 96 48 35 23 68 63 75 3 % 3 75 63 68 23 35 48 96 8 20 83 36 8
15 70 85 42 55 51 15 99 12 74 19 80 1 % 1 80 19 74 12 99 15 51 55 42 85 70 15
21 65 8 98 37 92 70 % 70 92 37 98 8 65 21
38 97 54 26 95 70 50 91 89 70 41 52 84 % 84 52 41 70 89 91 50 70 95 26 54 97 38
80 15 86 59 14 70 7 % 7 70 14 59 86 15 80
53 47 69 87 30 8 33 % 33 8 30 87 69 47 53
2 97 21 40 29 4 62 90 29 82 94 33 93 % 93 33 94 82 29 90 62 4 29 40 21 97 2
40 71 55 53 99 42 17 71 14 28 44 15 25 % 25 15 44 28 14 71 17 42 99 53 55 71 40
36 37 22 2 77 66 69 50 25 55 71 26 81 % 81 26 71 55 25 50 69 66 77 2 22 37 36
87 50 27 73 96 54 16 % 16 54 96 73 27 50 87
72 37 1 96 68 94 54 % 54 94 68 96 1 37 72
59 5 56 54 99 86 49 85 80 88 47 17 94 % 94 17 47 88 80 85 49 86 99 54 56 5 59
44 7 10 77 3 12 67 36 33 4 50 6 67 % 67 6 50 4 33 36 67 12 3 77 10 7 44
25 25 88 72 70 84 50 % 50 84 70 72 88 25 25
77 59 67 61 40 64 18 5 35 24 53 17 44 % 44 17 53 24 35 5 18 64 40 61 67 59 77
94 20 18 25 80 0 36 20 80 3 11 11 96 % 96 11 11 3 80 20 36 0 80 25 18 20 94
33 98 81 2 64 13 5 59 79 30 87 45 68 % 68 45 87 30 79 59 5 13 64 2 81 98 33
3 1 42 21 60 21 77 83 92 82 15 98 93 % 93 98 15 82 92 83 77 21 60 21 42 1 3
22 34 54 42 71 95 24 % 24 95 71 42 54 34 22
47 68 91 33 62 60 36 % 36 60 62 33 91 68 47
75 44 56 71 57 11 11 % 11 11 57 71 56 44 75
61 82 14 95 0 84 83 % 83 84 0 95 14 82 61
15 65 31 20 52 43 18 % 18 43 52 20 31 65 15
58 95 13 7 74 94 74 % 74 94 74 7 13 95 58
1 90 5 54 50 7 7 14 5 4 95 93 65 % 65 93 95 4 5 14 7 7 50 54 5 90 1
18 54 61 60 23 86 3 86 93 88 9 17 56 % 56 17 9 88 93 86 3 86 23 60 61 54 18
78 19 44 68 22 1 74 % 74 1 22 68 44 19 78
70 72 78 91 90 15 12 % 12 15 90 91 78 72 70
21 56 11 9 22 60 54 % 54 60 22 9 11 56 21
93 46 20 89 45 45 5 % 5 45 45 89 20 46 93
14 64 35 14 21 43 48 % 48 43 21 14 35 64 14
64 78 13 98 61 70 98 % 98 70 61 98 13 78 64
90 48 33 76 96 60 89 21 85 96 39 11 29 % 29 11 39 96 85 21 89 60 96 76 33 48 90
80 88 23 2 7 47 60 53 75 67 23 19 10 % 10 19 23 67 75 53 60 47 7 2 23 88 80
3 0 17 36 3 77 43 19 78 28 60 32 50 % 50 32 60 28 78 19 43 77 3 36 17 0 3
29 33 67 99 1 86 10 % 10 86 1 99 67 33 29
22 52 90 7 2 8 26 37 37 10 89 32 40 % 40 32 89 10 37 37 26 8 2 7 90 52 22
71 45 39 95 44 53 82 % 82 53 44 95 39 45 71
12 33 79 72 52 88 37 % 37 88 52 72 79 33 12
57 64 55 61 77 1 24 26 5 58 7 40 6 % 6 40 7 58 5 26 24 1 77 61 55 64 57
21 95 43 95 35 17 90 98 81 23 3 42 92 % 92 42 3 23 81 98 90 17 35 95 43 95 21
47 4 95 88 63 73 5 % 5 73 63 88 95 4 47
5 20 11 1 29 99 61 94 31 40 97 72 88 % 88 72 97 40 31 94 61 99 29 1 11 20 5
41 75 56 94 42 38 33 55 78 51 35 53 54 % 54 53 35 51 78 55 33 38 42 94 56 75 41
8 47 56 52 61 4 49 % 49 4 61 52 56 47 8
89 56 59 39 56 72 21 55 33 91 51 72 62 % 62 72 51 91 33 55 21 72 56 39 59 56 89
82 30 57 54 97 15 23 20 51 90 71 5 24 % 24 5 71 90 51 20 23 15 97 54 57 30 82
1 11 88 27 33 35 2 13 3 92 79 98 16 % 16 98 79 92 3 13 2 35 33 27 88 11 1
71 31 89 37 17 20 92 31 91 25 5 41 32 % 32 41 5 25 91 31 92 20 17 37 89 31 71
91 52 40 19 6 14 14 % 14 14 6 19 40 52 91
2 2 47 91 41 24 5 % 5 24 41 91 47 2 2
52 65 82 8 66 76 37 58 38 9 98 40 55 % 55 40 98 9 38 58 37 76 66 8 82 65 52
72 13 54 43 71 15 72 % 72 15 71 43 54 13 72
7 65 96 71 61 14 83 % 83 14 61 71 96 65 7
42 27 67 35 18 77 19 80 60 71 62 14 8 % 8 14 62 71 60 80 19 77 18 35 67 27 42
26 87 13 75 39 56 92 % 92 56 39 75 13 87 26
73 4 45 66 45 49 31 96 11 88 56 21 37 % 37 21 56 88 11 96 31 49 45 66 45 4 73
44 80 77 20 5 34 63 58 16 25 47 33 13 % 13 33 47 25 16 58 63 34 5 20 77 80 44
67 93 23 12 87 67 27 % 27 67 87 12 23 93 67
60 15 8 45 75 70 6 2 82 69 62 31 38 % 38 31 62 69 82 2 6 70 75 45 8 15 60
8 28 90 82 84 37 49 % 49 37 84 82 90 28 8
66 47 92 49 28 65 69 74 1 82 84 75 23 % 23 75 84 82 1 74 69 65 28 49 92 47 66
26 60 48 12 94 58 62 % 62 58 94 12 48 60 26
27 86 64 54 10 41 37 40 39 78 32 59 37 % 37 59 32 78 39 40 37 41 10 54 64 86 27
77 43 46 44 82 74 63 % 63 74 82 44 46 43 77
87 57 42 50 79 0 8 24 40 36 36 8 75 % 75 8 36 36 40 24 8 0 79 50 42 57 87
45 1 5 52 60 75 77 % 77 75 60 52 5 1 45
54 29 72 82 12 32 11 0 66 50 60 16 9 % 9 16 60 50 66 0 11 32 12 82 72 29 54
87 34 15 68 51 51 26 % 26 51 51 68 15 34 87
97 76 59 64 53 67 73 80 11 4 98 40 60 % 60 40 98 4 11 80 73 67 53 64 59 76 97
57 9 46 88 13 97 75 % 75 97 13 88 46 9 57
73 77 51 32 70 2 92 20 13 22 98 29 61 % 61 29 98 22 13 20 92 2 70 32 51 77 73
38 12 36 53 4 16 33 % 33 16 4 53 36 12 38
66 82 55 15 81 31 63 % 63 31 81 15 55 82 66
76 24 47 62 43 59 56 26 38 76 89 83 20 % 20 83 89 76 38 26 56 59 43 62 47 24 76
22 21 71 56 95 16 38 35 45 0 29 68 34 % 34 68 29 0 45 35 38 16 95 56 71 21 22
26 50 95 90 5 21 81 75 89 18 87 19 19 % 19 19 87 18 89 75 81 21 5 90 95 50 26
15 68 49 32 24 98 40 50 56 70 46 57 90 % 90 57 46 70 56 50 40 98 24 32 49 68 15
89 24 19 45 22 51 84 % 84 51 22 45 19 24 89
19 25 15 38 10 44 61 % 61 44 10 38 15 25 19
67 41 31 55 73 88 70 20 50 68 30 56 36 % 36 56 30 68 50 20 70 88 73 55 31 41 67
49 93 95 82 7 51 40 62 89 23 25 41 24 % 24 41 25 23 89 62 40 51 7 82 95 93 49
4 96 98 47 23 73 54 10 78 71 46 81 3 % 3 81 46 71 78 10 54 73 23 47 98 96 4
27 24 85 25 89 18 81 37 61 57 4 99 90 % 90 99 4 57 61 37 81 18 89 25 85 24 27
34 95 0 87 7 74 27 36 6 95 53 3 33 % 33 3 53 95 6 36 27 74 7 87 0 95 34
8 32 65 64 87 90 44 40 81 62 46 85 62 % 62 85 46 62 81 40 44 90 87 64 65 32 8
22 75 0 53 11 6 55 33 77 78 16 22 20 % 20 22 16 78 77 33 55 6 11 53 0 75 22
34 23 83 54 52 41 81 37 21 22 98 42 28 % 28 42 98 22 21 37 81 41 52 54 83 23 34
28 89 80 1 8 68 50 % 50 68 8 1 80 89 28
41 84 16 59 67 55 29 22 32 43 42 6 65 % 65 6 42 43 32 22 29 55 67 59 16 84 41
1 97 47 7 71 15 80 % 80 15 71 7 47 97 1
84 9 0 6 72 24 52 % 52 24 72 6 0 9 84
47 7 72 42 12 19 84 5 46 6 25 60 27 % 27 60 25 6 46 5 84 19 12 42 72 7 47
92 88 17 50 81 10 29 19 5 18 86 70 86 % 86 70 86 18 5 19 29 10 81 50 17 88 92
68 13 5 86 45 21 14 % 14 21 45 86 5 13 68
34 95 72 68 48 33 69 91 85 61 26 11 4 % 4 11 26 61 85 91 69 33 48 68 72 95 34
92 16 50 35 70 9 27 % 27 9 70 35 50 16 92
45 5 98 84 15 65 60 19 67 85 76 4 42 % 42 4 76 85 67 19 60 65 15 84 98 5 45
90 30 90 15 55 21 48 35 91 21 63 43 18 % 18 43 63 21 91 35 48 21 55 15 90 30 90
15 22 15 16 7 92 69 22 83 78 46 4 21 % 21 4 46 78 83 22 69 92 7 16 15 22 15
88 17 26 16 3 65 50 % 50 65 3 16 26 17 88
93 62 53 98 39 54 57 47 27 0 12 91 96 % 96 91 12 0 27 47 57 54 39 98 53 62 93
5 58 30 25 3 4 41 12 26 37 15 92 61 % 61 92 15 37 26 12 41 4 3 25 30 58 5
38 63 12 13 71 37 8 % 8 37 71 13 12 63 38
52 69 35 93 20 78 11 18 96 94 67 88 43 % 43 88 67 94 96 18 11 78 20 93 35 69 52
28 58 72 45 46 38 0 8 59 34 1 84 73 % 73 84 1 34 59 8 0 38 46 45 72 58 28
91 91 99 87 18 91 27 26 59 83 55 15 72 % 72 15 55 83 59 26 27 91 18 87 99 91 91
18 87 54 70 62 65 22 42 40 29 4 15 22 % 22 15 4 29 40 42 22 65 62 70 54 87 18
9 22 43 57 61 52 46 % 46 52 61 57 43 22 9
48 87 36 96 65 54 9 90 18 29 49 10 33 % 33 10 49 29 18 90 9 54 65 96 36 87 48
54 49 49 60 95 16 19 % 19 16 95 60 49 49 54
0 73 49 74 54 78 10 48 26 44 60 47 94 % 94 47 60 44 26 48 10 78 54 74 49 73 0
0 8 52 11 41 73 29 14 8 36 78 49 58 % 58 49 78 36 8 14 29 73 41 11 52 8 0
66 42 90 9 43 40 80 % 80 40 43 9 90 42 66
52 72 28 1 56 87 17 19 77 64 41 18 17 % 17 18 41 64 77 19 17 87 56 1 28 72 52
62 99 69 46 92 73 64 % 64 73 92 46 69 99 62
40 62 44 40 84 1 85 % 85 1 84 40 44 62 40
31 0 77 25 70 42 69 % 69 42 70 25 77 0 31
40 24 59 67 7 63 42 2 3 76 86 59 14 % 14 59 86 76 3 2 42 63 7 67 59 24 40
43 8 29 55 50 7 50 % 50 7 50 55 29 8 43
40 29 88 94 69 70 10 29 86 24 43 90 98 % 98 90 43 24 86 29 10 70 69 94 88 29 40
29 52 73 17 63 87 77 21 5 61 60 77 67 % 67 77 60 61 5 21 77 87 63 17 73 52 29
33 65 53 95 64 84 75 % 75 84 64 95 53 65 33
41 79 8 93 49 15 24 % 24 15 49 93 8 79 41
19 95 74 59 89 48 75 84 73 54 20 34 19 % 19 34 20 54 73 84 75 48 89 59 74 95 19
19 64 14 55 84 24 32 62 81 40 12 91 19 % 19 91 12 40 81 62 32 24 84 55 14 64 19
28 83 99 25 51 31 71 % 71 31 51 25 99 83 28
37 50 18 65 63 77 75 % 75 77 63 65 18 50 37
88 92 41 48 57 24 79 % 79 24 57 48 41 92 88
37 68 62 63 97 66 59 84 22 91 45 43 81 % 81 43 45 91 22 84 59 66 97 63 62 68 37
14 32 1 80 39 2 77 % 77 2 39 80 1 32 14
39 54 25 78 50 83 35 % 35 83 50 78 25 54 39
81 94 59 58 32 48 29 % 29 48 32 58 59 94 81
46 39 38 62 50 89 3 % 3 89 50 62 38 39 46
13 65 20 65 80 11 81 % 81 11 80 65 20 65 13
58 21 50 18 70 87 89 87 7 49 45 93 42 % 42 93 45 49 7 87 89 87 70 18 50 21 58
88 13 85 9 19 13 88 1 60 49 23 41 18 % 18 41 23 49 60 1 88 13 19 9 85 13 88
63 7 70 53 70 92 24 % 24 92 70 53 70 7 63
33 35 6 42 33 84 80 6 19 99 89 0 76 % 76 0 89 99 19 6 80 84 33 42 6 35 33
8 34 62 13 51 79 36 50 16 0 0 74 48 % 48 74 0 0 16 50 36 79 51 13 62 34 8
69 26 85 88 98 69 17 18 7 71 78 97 18 % 18 97 78 71 7 18 17 69 98 88 85 26 69
93 74 57 18 5 19 52 % 52 19 5 18 57 74 93
55 2 32 67 25 77 46 81 13 4 96 76 19 % 19 76 96 4 13 81 46 77 25 67 32 2 55
83 66 68 79 90 60 24 % 24 60 90 79 68 66 83
0 58 18 49 47 30 23 16 58 75 94 96 6 % 6 96 94 75 58 16 23 30 47 49 18 58 0
48 48 42 36 38 56 53 % 53 56 38 36 42 48 48
71 31 15 57 33 26 39 % 39 26 33 57 15 31 71
11 20 70 0 93 23 33 % 33 23 93 0 70 20 11
39 79 23 1 92 16 78 % 78 16 92 1 23 79 39
67 47 81 80 41 77 9 % 9 77 41 80 81 47 67
74 66 26 35 76 18 24 % 24 18 76 35 26 66 74
58 99 90 80 31 25 7 43 98 82 43 63 62 % 62 63 43 82 98 43 7 25 31 80 90 99 58
88 4 67 45 36 27 95 67 37 93 48 46 88 % 88 46 48 93 37 67 95 27 36 45 67 4 88
13 61 33 19 25 24 80 % 80 24 25 19 33 61 13
89 91 90 33 56 32 93 % 93 32 56 33 90 91 89
41 81 32 55 65 98 31 79 4 35 93 68 60 % 60 68 93 35 4 79 31 98 65 55 32 81 41
82 87 62 76 28 32 47 1 53 33 25 50 47 % 47 50 25 33 53 1 47 32 28 76 62 87 82
62 85 67 21 10 92 94 31 84 2 22 80 39 % 39 80 22 2 84 31 94 92 10 21 67 85 62
11 95 83 25 64 33 27 90 74 86 38 60 81 % 81 60 38 86 74 90 27 33 64 25 83 95 11
39 26 33 90 93 59 86 85 39 88 90 86 67 % 67 86 90 88 39 85 86 59 93 90 33 26 39
21 65 55 0 8 97 91 84 33 50 95 67 81 % 81 67 95 50 33 84 91 97 8 0 55 65 21
78 89 47 43 62 58 0 45 2 17 72 37 4 % 4 37 72 17 2 45 0 58 62 43 47 89 78
12 20 67 23 40 38 56 23 90 52 94 47 65 % 65 47 94 52 90 23 56 38 40 23 67 20 12
2 39 34 52 17 55 61 % 61 55 17 52 34 39 2
89 85 66 66 29 76 4 65 42 85 96 73 17 % 17 73 96 85 42 65 4 76 29 66 66 85 89
89 14 30 5 19 61 13 37 91 68 75 43 8 % 8 43 75 68 91 37 13 61 19 5 30 14 89
37 74 30 37 61 90 22 % 22 90 61 37 30 74 37
38 53 58 86 18 52 59 % 59 52 18 86 58 53 38
57 42 81 88 92 98 0 % 0 98 92 88 81 42 57
71 42 5 12 21 34 30 % 30 34 21 12 5 42 71
12 36 90 54 43 24 41 % 41 24 43 54 90 36 12
30 91 26 9 45 70 48 43 69 0 41 69 98 % 98 69 41 0 69 43 48 70 45 9 26 91 30
64 10 21 66 32 41 14 81 61 56 6 24 69 % 69 24 6 56 61 81 14 41 32 66 21 10 64
53 93 22 0 89 64 55 % 55 64 89 0 22 93 53
35 12 30 73 94 72 47 36 43 99 50 69 33 % 33 69 50 99 43 36 47 72 94 73 30 12 35
35 54 79 30 68 55 9 2 26 80 66 70 86 % 86 70 66 80 26 2 9 55 68 30 79 54 35
82 52 77 11 18 99 72 44 58 95 35 57 45 % 45 57 35 95 58 44 72 99 18 11 77 52 82
93 36 5 53 56 72 91 % 91 72 56 53 5 36 93
99 34 45 63 30 12 57 % 57 12 30 63 45 34 99
22 3 22 84 59 51 51 36 1 15 77 46 48 % 48 46 77 15 1 36 51 51 59 84 22 3 22
10 65 38 27 7 20 1 23 2 54 23 70 51 % 51 70 23 54 2 23 1 20 7 27 38 65 10
23 31 95 42 58 69 98 % 98 69 58 42 95 31 23
68 61 91 51 89 81 78 99 95 70 46 16 14 % 14 16 46 70 95 99 78 81 89 51 91 61 68
71 87 51 54 31 38 1 66 12 97 54 68 12 % 12 68 54 97 12 66 1 38 31 54 51 87 71
5 82 46 76 49 90 60 % 60 90 49 76 46 82 5
2 94 2 99 71 10 32 % 32 10 71 99 2 94 2
84 32 74 25 30 44 13 28 54 91 8 40 74 % 74 40 8 91 54 28 13 44 30 25 74 32 84
17 64 55 78 28 55 31 65 14 51 11 34 11 % 11 34 11 51 14 65 31 55 28 78 55 64 17
15 39 16 42 26 40 78 % 78 40 26 42 16 39 15
49 17 11 48 27 32 55 21 93 33 26 52 81 % 81 52 26 33 93 21 55 32 27 48 11 17 49
76 35 46 65 62 78 27 27 69 7 52 48 87 % 87 48 52 7 69 27 27 78 62 65 46 35 76
8 0 31 18 99 79 93 68 33 83 51 24 76 % 76 24 51 83 33 68 93 79 99 18 31 0 8
61 62 74 6 9 97 3 77 95 34 78 77 51 % 51 77 78 34 95 77 3 97 9 6 74 62 61
53 56 21 60 90 8 89 % 89 8 90 60 21 56 53
51 36 28 75 50 69 87 44 35 73 24 17 42 % 42 17 24 73 35 44 87 69 50 75 28 36 51
4 1 64 90 71 45 7 % 7 45 71 90 64 1 4
28 43 44 41 41 44 29 % 29 44 41 41 44 43 28
60 31 95 19 91 66 25 87 11 7 20 93 85 % 85 93 20 7 11 87 25 66 91 19 95 31 60
14 67 65 53 3 36 66 36 53 17 54 5 86 % 86 5 54 17 53 36 66 36 3 53 65 67 14
63 92 5 32 69 35 49 % 49 35 69 32 5 92 63
64 54 80 40 6 59 39 % 39 59 6 40 80 54 64
29 94 53 28 43 28 14 % 14 28 43 28 53 94 29
12 48 33 73 89 55 59 57 37 86 56 72 3 % 3 72 56 86 37 57 59 55 89 73 33 48 12
47 36 28 80 9 90 1 24 19 46 31 62 41 % 41 62 31 46 19 24 1 90 9 80 28 36 47
44 27 56 62 36 75 31 72 8 65 77 52 46 % 46 52 77 65 8 72 31 75 36 62 56 27 44
46 99 48 90 87 74 20 % 20 74 87 90 48 99 46
5 89 35 29 5 5 91 % 91 5 5 29 35 89 5
44 69 46 87 12 19 12 % 12 19 12 87 46 69 44
5 20 64 70 28 72 33 0 60 18 20 14 35 % 35 14 20 18 60 0 33 72 28 70 64 20 5
94 43 55 52 50 47 46 % 46 47 50 52 55 43 94
91 18 23 39 24 28 65 % 65 28 24 39 23 18 91
45 9 78 77 39 24 84 44 59 33 86 31 32 % 32 31 86 33 59 44 84 24 39 77 78 9 45
81 17 97 12 13 38 88 22 37 74 29 60 69 % 69 60 29 74 37 22 88 38 13 12 97 17 81
51 54 78 33 22 23 94 % 94 23 22 33 78 54 51
42 54 85 45 5 54 67 19 87 9 12 36 62 % 62 36 12 9 87 19 67 54 5 45 85 54 42
0 69 25 58 52 48 83 59 24 85 17 2 86 % 86 2 17 85 24 59 83 48 52 58 25 69 0
35 50 29 26 79 41 14 54 72 24 58 5 66 % 66 5 58 24 72 54 14 41 79 26 29 50 35
97 40 0 41 69 56 68 % 68 56 69 41 0 40 97
14 36 56 86 34 14 57 79 26 94 66 40 32 % 32 40 66 94 26 79 57 14 34 86 56 36 14
59 46 37 53 64 73 3 48 80 85 35 90 38 % 38 90 35 85 80 48 3 73 64 53 37 46 59
67 24 64 68 60 50 41 17 74 37 19 53 23 % 23 53 19 37 74 17 41 50 60 68 64 24 67
34 37 92 90 75 58 63 % 63 58 75 90 92 37 34
44 87 28 68 23 82 52 61 96 1 77 94 88 % 88 94 77 1 96 61 52 82 23 68 28 87 44
66 93 95 99 50 52 11 % 11 52 50 99 95 93 66
67 14 62 65 4 93 17 25 82 90 85 47 56 % 56 47 85 90 82 25 17 93 4 65 62 14 67
7 45 99 35 5 55 55 % 55 55 5 35 99 45 7
84 89 38 71 13 66 12 % 12 66 13 71 38 89 84
6 2 2 73 60 25 81 86 56 30 2 85 8 % 8 85 2 30 56 86 81 25 60 73 2 2 6
14 22 23 72 12 39 88 % 88 39 12 72 23 22 14
61 97 26 38 51 21 79 85 49 88 55 67 89 % 89 67 55 88 49 85 79 21 51 38 26 97 61
18 34 29 22 45 0 17 2 40 36 48 28 8 % 8 28 48 36 40 2 17 0 45 22 29 34 18
85 1 55 48 6 14 92 58 64 23 23 49 65 % 65 49 23 23 64 58 92 14 6 48 55 1 85
37 77 73 25 43 24 72 % 72 24 43 25 73 77 37
26 79 29 68 45 49 63 % 63 49 45 68 29 79 26
71 60 92 76 65 50 5 % 5 50 65 76 92 60 71
54 14 6 78 56 46 11 % 11 46 56 78 6 14 54
11 45 44 41 18 72 38 33 69 56 77 74 43 % 43 74 77 56 69 33 38 72 18 41 44 45 11
69 77 52 94 78 26 60 0 71 4 48 73 83 % 83 73 48 4 71 0 60 26 78 94 52 77 69
5 26 64 55 68 94 16 9 54 70 24 37 30 % 30 37 24 70 54 9 16 94 68 55 64 26 5
49 28 77 45 7 59 61 % 61 59 7 45 77 28 49
71 86 47 94 80 79 96 2 94 4 23 76 11 % 11 76 23 4 94 2 96 79 80 94 47 86 71
48 78 18 47 75 90 32 % 32 90 75 47 18 78 48
89 40 21 47 42 96 67 % 67 96 42 47 21 40 89
13 99 55 52 51 2 5 71 2 81 28 4 47 % 47 4 28 81 2 71 5 2 51 52 55 99 13
93 74 61 50 82 45 15 % 15 45 82 50 61 74 93
87 66 83 50 86 50 20 21 79 48 57 40 4 % 4 40 57 48 79 21 20 50 86 50 83 66 87
48 76 7 43 3 34 71 % 71 34 3 43 7 76 48
81 17 89 81 59 2 81 % 81 2 59 81 89 17 81
44 98 72 43 32 0 17 % 17 0 32 43 72 98 44
66 7 39 3 50 93 22 % 22 93 50 3 39 7 66
44 78 80 50 55 64 43 38 23 28 4 87 45 % 45 87 4 28 23 38 43 64 55 50 80 78 44
19 5 95 24 26 24 9 % 9 24 26 24 95 5 19
64 48 2 85 43 70 36 % 36 70 43 85 2 48 64
23 55 89 73 91 77 90 % 90 77 91 73 89 55 23
14 46 69 94 12 69 62 % 62 69 12 94 69 46 14
32 79 60 80 56 16 4 25 49 38 95 2 13 % 13 2 95 38 49 25 4 16 56 80 60 79 32
73 72 49 27 3 73 95 60 32 33 83 96 73 % 73 96 83 33 32 60 95 73 3 27 49 72 73
79 37 90 48 92 13 29 % 29 13 92 48 90 37 79
54 48 74 13 54 43 49 % 49 43 54 13 74 48 54
16 71 14 53 65 41 61 % 61 41 65 53 14 71 16
33 18 63 40 84 47 83 49 17 88 29 42 17 % 17 42 29 88 17 49 83 47 84 40 63 18 33
78 85 70 77 94 94 85 93 90 0 74 83 36 % 36 83 74 0 90 93 85 94 94 77 70 85 78
71 40 84 64 13 19 26 32 25 11 27 49 96 % 96 49 27 11 25 32 26 19 13 64 84 40 71
44 24 9 44 73 89 3 % 3 89 73 44 9 24 44
16 81 41 45 47 10 9 70 35 56 14 3 72 % 72 3 14 56 35 70 9 10 47 45 41 81 16
36 25 89 58 80 51 43 % 43 51 80 58 89 25 36
26 41 5 4 60 78 99 % 99 78 60 4 5 41 26
79 24 6 35 27 72 83 % 83 72 27 35 6 24 79
60 51 82 14 11 62 12 35 73 79 42 50 32 % 32 50 42 79 73 35 12 62 11 14 82 51 60
24 17 89 6 44 43 64 % 64 43 44 6 89 17 24
29 6 60 13 40 13 46 % 46 13 40 13 60 6 29
94 28 20 15 77 78 49 11 18 5 96 5 75 % 75 5 96 5 18 11 49 78 77 15 20 28 94
58 31 93 71 85 83 67 % 67 83 85 71 93 31 58
80 26 91 18 55 96 77 % 77 96 55 18 91 26 80
5 39 56 17 31 1 32 % 32 1 31 17 56 39 5
91 85 14 31 54 69 70 % 70 69 54 31 14 85 91
58 38 96 20 83 60 8 72 13 0 56 49 76 % 76 49 56 0 13 72 8 60 83 20 96 38 58
86 36 90 97 80 34 38 33 18 38 34 26 89 % 89 26 34 38 18 33 38 34 80 97 90 36 86
5 67 35 11 48 55 15 % 15 55 48 11 35 67 5
68 1 43 16 15 17 60 % 60 17 15 16 43 1 68
76 23 34 15 16 28 2 % 2 28 16 15 34 23 76
65 43 76 56 58 96 70 % 70 96 58 56 76 43 65
99 36 75 75 45 62 47 94 96 59 67 26 9 % 9 26 67 59 96 94 47 62 45 75 75 36 99
42 69 1 19 27 92 39 % 39 92 27 19 1 69 42
79 55 36 64 35 43 96 % 96 43 35 64 36 55 79
78 4 46 94 87 42 97 % 97 42 87 94 46 4 78
6 21 7 49 63 71 27 % 27 71 63 49 7 21 6
30 41 1 34 70 6 22 24 92 72 3 88 93 % 93 88 3 72 92 24 22 6 70 34 1 41 30
98 17 40 79 61 24 70 % 70 24 61 79 40 17 98
61 12 31 57 16 59 38 93 21 50 2 15 9 % 9 15 2 50 21 93 38 59 16 57 31 12 61
45 59 83 56 64 39 19 % 19 39 64 56 83 59 45
52 65 23 72 39 52 35 51 39 49 57 72 56 % 56 72 57 49 39 51 35 52 39 72 23 65 52
19 18 63 92 29 38 77 59 18 25 41 72 6 % 6 72 41 25 18 59 77 38 29 92 63 18 19
84 7 58 61 9 90 42 % 42 90 9 61 58 7 84
41 97 27 20 0 3 76 17 24 72 11 51 40 % 40 51 11 72 24 17 76 3 0 20 27 97 41
63 55 31 31 79 11 81 23 81 23 32 11 26 % 26 11 32 23 81 23 81 11 79 31 31 55 63
82 15 16 25 22 23 85 60 19 90 85 70 67 % 67 70 85 90 19 60 85 23 22 25 16 15 82
86 94 52 83 75 7 85 % 85 7 75 83 52 94 86
37 92 65 28 37 26 5 % 5 26 37 28 65 92 37
93 91 60 61 52 31 19 % 19 31 52 61 60 91 93
42 32 83 66 59 37 47 17 2 28 30 35 13 % 13 35 30 28 2 17 47 37 59 66 83 32 42
35 73 38 38 9 97 95 77 29 45 59 91 36 % 36 91 59 45 29 77 95 97 9 38 38 73 35
6 47 22 39 11 77 40 62 30 5 27 37 46 % 46 37 27 5 30 62 40 77 11 39 22 47 6
1 66 9 13 46 71 82 42 58 96 12 75 99 % 99 75 12 96 58 42 82 71 46 13 9 66 1
46 30 95 45 1 83 98 % 98 83 1 45 95 30 46
77 40 18 59 75 63 2 % 2 63 75 59 18 40 77
1 71 75 12 12 51 44 % 44 51 12 12 75 71 1
14 33 77 20 64 17 85 51 20 52 1 2 76 % 76 2 1 52 20 51 85 17 64 20 77 33 14
39 76 22 40 37 0 80 % 80 0 37 40 22 76 39
61 4 53 44 1 98 7 % 7 98 1 44 53 4 61
76 3 16 85 95 37 46 % 46 37 95 85 16 3 76
57 58 68 65 6 0 48 87 25 45 19 77 22 % 22 77 19 45 25 87 48 0 6 65 68 58 57
44 82 17 50 54 20 4 % 4 20 54 50 17 82 44
74 12 26 45 90 94 13 % 13 94 90 45 26 12 74
1 84 88 60 29 42 94 % 94 42 29 60 88 84 1
75 64 12 71 82 11 84 25 82 91 29 68 45 % 45 68 29 91 82 25 84 11 82 71 12 64 75
15 13 5 32 4 10 39 % 39 10 4 32 5 13 15
27 76 3 19 38 0 92 % 92 0 38 19 3 76 27
65 53 4 17 25 49 71 47 28 84 17 47 53 % 53 47 17 84 28 47 71 49 25 17 4 53 65
29 40 74 63 26 7 26 % 26 7 26 63 74 40 29
68 24 38 50 3 24 43 96 96 96 88 51 94 % 94 51 88 96 96 96 43 24 3 50 38 24 68
99 94 68 36 32 20 34 % 34 20 32 36 68 94 99
11 53 64 16 27 41 80 41 85 10 65 73 19 % 19 73 65 10 85 41 80 41 27 16 64 53 11
15 45 4 35 97 33 47 % 47 33 97 35 4 45 15
77 11 58 13 76 87 74 22 79 86 65 80 48 % 48 80 65 86 79 22 74 87 76 13 58 11 77
4 64 4 14 64 68 16 15 17 29 78 94 28 % 28 94 78 29 17 15 16 68 64 14 4 64 4
59 18 98 20 25 77 67 96 63 59 1 42 25 % 25 42 1 59 63 96 67 77 25 20 98 18 59
28 60 90 96 2 65 98 54 24 45 32 13 29 % 29 13 32 45 24 54 98 65 2 96 90 60 28
34 37 92 87 54 15 54 6 9 58 80 33 82 % 82 33 80 58 9 6 54 15 54 87 92 37 34
6 56 26 38 5 64 53 % 53 64 5 38 26 56 6
50 5 8 73 32 99 39 % 39 99 32 73 8 5 50
66 2 94 94 20 3 22 % 22 3 20 94 94 2 66
84 9 51 15 29 66 51 29 76 8 5 79 2 % 2 79 5 8 76 29 51 66 29 15 51 9 84
33 72 16 36 35 43 66 91 37 55 40 77 37 % 37 77 40 55 37 91 66 43 35 36 16 72 33
34 75 36 47 59 30 83 % 83 30 59 47 36 75 34
78 6 1 99 92 93 82 49 60 13 93 93 77 % 77 93 93 13 60 49 82 93 92 99 1 6 78
15 80 54 39 33 87 23 % 23 87 33 39 54 80 15
52 77 75 65 91 56 55 % 55 56 91 65 75 77 52
58 64 34 89 97 65 53 % 53 65 97 89 34 64 58
60 99 60 32 38 13 21 % 21 13 38 32 60 99 60
13 53 63 69 46 30 61 % 61 30 46 69 63 53 13
49 36 40 73 11 90 24 % 24 90 11 73 40 36 49
8 50 48 90 23 59 72 % 72 59 23 90 48 50 8
7 61 74 47 33 54 71 % 71 54 33 47 74 61 7
28 68 71 44 47 12 13 % 13 12 47 44 71 68 28
0 90 94 96 86 10 16 21 50 10 37 25 83 % 83 25 37 10 50 21 16 10 86 96 94 90 0
40 33 23 95 28 91 66 88 22 17 43 50 88 % 88 50 43 17 22 88 66 91 28 95 23 33 40
1 75 79 80 91 59 41 % 41 59 91 80 79 75 1
48 29 5 24 16 82 3 % 3 82 16 24 5 29 48
15 38 43 45 20 32 21 15 30 71 20 95 10 % 10 95 20 71 30 15 21 32 20 45 43 38 15
57 63 6 76 49 77 33 40 77 50 84 13 2 % 2 13 84 50 77 40 33 77 49 76 6 63 57
53 47 68 9 79 30 51 % 51 30 79 9 68 47 53
43 19 44 6 24 58 13 % 13 58 24 6 44 19 43
6 49 91 35 74 51 1 % 1 51 74 35 91 49 6
57 77 47 53 88 31 6 46 81 76 33 13 3 % 3 13 33 76 81 46 6 31 88 53 47 77 57
51 77 26 25 99 83 60 % 60 83 99 25 26 77 51
96 6 49 53 51 1 50 88 78 37 19 17 47 % 47 17 19 37 78 88 50 1 51 53 49 6 96
41 70 95 21 70 79 54 % 54 79 70 21 95 70 41
87 5 42 68 29 95 4 % 4 95 29 68 42 5 87
11 82 87 70 76 35 40 69 31 88 43 46 44 % 44 46 43 88 31 69 40 35 76 70 87 82 11
4 43 9 96 53 61 23 30 63 69 22 33 1 % 1 33 22 69 63 30 23 61 53 96 9 43 4
97 75 25 43 43 4 83 % 83 4 43 43 25 75 97
71 43 19 30 62 42 50 41 15 47 92 4 61 % 61 4 92 47 15 41 50 42 62 30 19 43 71
36 2 58 75 24 18 29 % 29 18 24 75 58 2 36
84 45 63 45 0 6 57 % 57 6 0 45 63 45 84
47 76 81 69 42 70 95 % 95 70 42 69 81 76 47
55 78 77 28 96 53 60 % 60 53 96 28 77 78 55
80 11 41 82 73 84 82 72 77 17 17 7 32 % 32 7 17 17 77 72 82 84 73 82 41 11 80
6 31 37 37 93 64 75 57 32 59 29 77 89 % 89 77 29 59 32 57 75 64 93 37 37 31 6
34 50 64 51 75 81 79 60 43 41 4 41 8 % 8 41 4 41 43 60 79 81 75 51 64 50 34
34 78 48 54 82 60 22 % 22 60 82 54 48 78 34
6 19 19 87 47 13 67 59 78 96 23 1 24 % 24 1 23 96 78 59 67 13 47 87 19 19 6
77 81 41 52 41 33 62 % 62 33 41 52 41 81 77
48 63 74 99 62 90 10 30 27 62 63 98 4 % 4 98 63 62 27 30 10 90 62 99 74 63 48
95 96 75 68 96 5 20 % 20 5 96 68 75 96 95
88 58 24 82 58 74 36 84 98 93 14 17 51 % 51 17 14 93 98 84 36 74 58 82 24 58 88
99 76 76 94 82 31 33 % 33 31 82 94 76 76 99
87 86 4 56 21 1 14 % 14 1 21 56 4 86 87
54 40 1 60 67 6 4 67 87 54 52 15 77 % 77 15 52 54 87 67 4 6 67 60 1 40 54
13 49 4 76 98 55 99 % 99 55 98 76 4 49 13
29 10 69 43 80 51 32 % 32 51 80 43 69 10 29
47 63 39 61 16 8 58 % 58 8 16 61 39 63 47
76 77 74 59 54 7 75 0 60 89 28 49 52 % 52 49 28 89 60 0 75 7 54 59 74 77 76
61 55 81 50 99 41 42 67 25 10 83 10 16 % 16 10 83 10 25 67 42 41 99 50 81 55 61
65 85 6 18 84 85 20 % 20 85 84 18 6 85 65
96 22 28 63 56 18 99 12 2 62 28 11 25 % 25 11 28 62 2 12 99 18 56 63 28 22 96
85 47 13 73 6 26 71 % 71 26 6 73 13 47 85
94 40 76 25 26 40 95 % 95 40 26 25 76 40 94
12 34 79 61 96 86 24 47 27 44 27 18 40 % 40 18 27 44 27 47 24 86 96 61 79 34 12
60 50 85 62 37 71 8 % 8 71 37 62 85 50 60
13 0 51 53 66 68 41 96 57 70 9 58 59 % 59 58 9 70 57 96 41 68 66 53 51 0 13
29 88 78 99 0 74 23 % 23 74 0 99 78 88 29
3 40 73 36 53 54 3 % 3 54 53 36 73 40 3
75 64 95 56 14 88 98 % 98 88 14 56 95 64 75
18 89 12 38 94 17 49 % 49 17 94 38 12 89 18
27 12 11 51 95 45 19 % 19 45 95 51 11 12 27
67 38 31 12 56 87 48 % 48 87 56 12 31 38 67
36 80 78 18 84 40 70 % 70 40 84 18 78 80 36
44 27 55 24 75 11 89 5 6 14 67 52 4 % 4 52 67 14 6 5 89 11 75 24 55 27 44
13 17 12 99 6 99 94 % 94 99 6 99 12 17 13
26 82 94 44 29 43 92 % 92 43 29 44 94 82 26
70 71 36 11 97 90 56 70 70 77 89 37 12 % 12 37 89 77 70 70 56 90 97 11 36 71 70
64 9 35 4 25 58 16 % 16 58 25 4 35 9 64
33 1 74 18 36 71 78 3 43 46 37 70 17 % 17 70 37 46 43 3 78 71 36 18 74 1 33
9 24 72 60 13 74 10 % 10 74 13 60 72 24 9
73 2 20 28 72 41 55 % 55 41 72 28 20 2 73
20 5 29 26 1 92 46 % 46 92 1 26 29 5 20
87 48 35 58 92 22 64 84 30 99 97 54 7 % 7 54 97 99 30 84 64 22 92 58 35 48 87
14 10 56 90 7 99 89 72 53 7 90 62 35 % 35 62 90 7 53 72 89 99 7 90 56 10 14
16 11 90 91 30 14 32 % 32 14 30 91 90 11 16
72 61 96 76 21 67 0 72 16 37 75 60 35 % 35 60 75 37 16 72 0 67 21 76 96 61 72
61 57 27 37 21 94 76 15 1 76 48 36 59 % 59 36 48 76 1 15 76 94 21 37 27 57 61
23 25 36 21 48 13 43 % 43 13 48 21 36 25 23
55 53 27 13 95 37 71 % 71 37 95 13 27 53 55
33 12 71 11 46 98 88 82 31 98 25 20 75 % 75 20 25 98 31 82 88 98 46 11 71 12 33
1 11 37 40 60 76 73 % 73 76 60 40 37 11 1
93 27 38 55 35 33 97 % 97 33 35 55 38 27 93
5 63 8 60 33 39 11 % 11 39 33 60 8 63 5
78 29 45 99 38 95 32 18 73 7 92 13 72 % 72 13 92 7 73 18 32 95 38 99 45 29 78
40 75 32 57 70 97 62 12 62 48 37 97 36 % 36 97 37 48 62 12 62 97 70 57 32 75 40
51 63 30 30 22 20 18 % 18 20 22 30 30 63 51
27 82 24 32 28 85 85 % 85 85 28 32 24 82 27
29 78 10 63 77 91 17 % 17 91 77 63 10 78 29
36 91 5 39 61 3 34 % 34 3 61 39 5 91 36
75 61 45 67 55 3 60 21 56 10 52 54 88 % 88 54 52 10 56 21 60 3 55 67 45 61 75
67 13 84 2 71 51 53 % 53 51 71 2 84 13 67
58 28 51 42 59 63 82 25 31 31 8 41 99 % 99 41 8 31 31 25 82 63 59 42 51 28 58
54 65 41 53 42 67 35 % 35 67 42 53 41 65 54
51 22 25 19 54 9 0 11 64 21 85 96 43 % 43 96 85 21 64 11 0 9 54 19 25 22 51
15 39 16 15 75 76 51 % 51 76 75 15 16 39 15
77 88 76 12 48 12 69 46 96 23 80 12 4 % 4 12 80 23 96 46 69 12 48 12 76 88 77
52 74 89 34 62 11 47 % 47 11 62 34 89 74 52
3 55 67 55 46 3 75 % 75 3 46 55 67 55 3
53 12 55 50 74 9 26 73 27 16 31 15 27 % 27 15 31 16 27 73 26 9 74 50 55 12 53
61 89 24 39 15 31 35 43 15 34 86 47 20 % 20 47 86 34 15 43 35 31 15 39 24 89 61
6 11 67 63 1 6 42 62 81 68 38 51 52 % 52 51 38 68 81 62 42 6 1 63 67 11 6
15 78 79 93 95 82 94 95 37 19 92 12 74 % 74 12 92 19 37 95 94 82 95 93 79 78 15
6 59 89 36 81 75 74 % 74 75 81 36 89 59 6
30 15 50 28 14 59 57 % 57 59 14 28 50 15 30
4 48 55 15 28 85 66 % 66 85 28 15 55 48 4
62 39 54 57 52 72 97 92 50 9 42 71 44 % 44 71 42 9 50 92 97 72 52 57 54 39 62
58 71 71 7 40 43 33 % 33 43 40 7 71 71 58
10 54 56 44 76 31 11 44 23 18 95 95 84 % 84 95 95 18 23 44 11 31 76 44 56 54 10
26 46 59 29 53 81 62 64 93 86 24 56 39 % 39 56 24 86 93 64 62 81 53 29 59 46 26
23 98 56 61 70 1 37 19 84 78 1 16 87 % 87 16 1 78 84 19 37 1 70 61 56 98 23
28 87 29 6 23 86 34 % 34 86 23 6 29 87 28
26 55 52 60 12 12 46 % 46 12 12 60 52 55 26
27 60 40 3 1 98 72 58 76 91 99 83 92 % 92 83 99 91 76 58 72 98 1 3 40 60 27
8 8 12 37 5 82 89 43 67 61 81 18 68 % 68 18 81 61 67 43 89 82 5 37 12 8 8
56 94 63 95 30 8 12 % 12 8 30 95 63 94 56
0 46 9 29 7 92 88 77 61 30 7 80 13 % 13 80 7 30 61 77 88 92 7 29 9 46 0
23 62 43 56 49 24 79 3 28 14 31 70 23 % 23 70 31 14 28 3 79 24 49 56 43 62 23
45 60 99 9 38 3 59 25 85 66 56 76 3 % 3 76 56 66 85 25 59 3 38 9 99 60 45
55 26 69 35 23 5 6 21 90 33 67 31 29 % 29 31 67 33 90 21 6 5 23 35 69 26 55
46 37 82 27 8 83 91 % 91 83 8 27 82 37 46
33 6 5 13 55 89 56 55 9 74 0 12 65 % 65 12 0 74 9 55 56 89 55 13 5 6 33
33 46 76 22 30 88 29 51 73 26 42 12 55 % 55 12 42 26 73 51 29 88 30 22 76 46 33
39 28 33 23 55 7 55 % 55 7 55 23 33 28 39
14 31 90 4 15 89 75 % 75 89 15 4 90 31 14
78 21 50 29 94 59 98 % 98 59 94 29 50 21 78
72 80 19 95 33 44 51 % 51 44 33 95 19 80 72
49 72 90 7 89 25 84 31 56 92 83 8 96 % 96 8 83 92 56 31 84 25 89 7 90 72 49
43 94 90 23 41 52 94 66 80 59 56 21 18 % 18 21 56 59 80 66 94 52 41 23 90 94 43
40 91 56 70 16 46 53 % 53 46 16 70 56 91 40
5 12 18 69 18 38 47 39 72 96 64 19 16 % 16 19 64 96 72 39 47 38 18 69 18 12 5
87 85 66 80 16 78 44 % 44 78 16 80 66 85 87
6 64 62 4 36 91 70 % 70 91 36 4 62 64 6
17 67 0 19 50 79 83 12 99 45 77 50 14 % 14 50 77 45 99 12 83 79 50 19 0 67 17
92 88 60 61 57 63 21 % 21 63 57 61 60 88 92
61 64 30 15 61 61 68 % 68 61 61 15 30 64 61
47 56 67 47 95 31 58 83 59 86 58 34 25 % 25 34 58 86 59 83 58 31 95 47 67 56 47
65 92 43 70 47 4 33 % 33 4 47 70 43 92 65
40 1 25 33 98 54 20 6 54 0 90 88 38 % 38 88 90 0 54 6 20 54 98 33 25 1 40
55 21 11 28 53 19 90 32 41 32 61 62 63 % 63 62 61 32 41 32 90 19 53 28 11 21 55
84 80 7 96 72 47 10 % 10 47 72 96 7 80 84
8 62 74 73 64 96 24 % 24 96 64 73 74 62 8
87 83 7 15 76 32 49 52 51 51 3 33 80 % 80 33 3 51 51 52 49 32 76 15 7 83 87
54 52 93 98 82 78 69 % 69 78 82 98 93 52 54
51 47 4 61 40 63 50 55 97 7 57 67 20 % 20 67 57 7 97 55 50 63 40 61 4 47 51
81 52 96 7 81 70 97 11 77 25 19 92 66 % 66 92 19 25 77 11 97 70 81 7 96 52 81
34 36 24 77 57 20 7 59 68 35 72 69 10 % 10 69 72 35 68 59 7 20 57 77 24 36 34
57 61 11 72 88 82 54 87 33 62 29 92 48 % 48 92 29 62 33 87 54 82 88 72 11 61 57
46 78 11 65 54 91 99 81 89 25 0 59 80 % 80 59 0 25 89 81 99 91 54 65 11 78 46
66 82 22 85 69 91 92 % 92 91 69 85 22 82 66
72 1 37 35 54 66 1 % 1 66 54 35 37 1 72
92 8 24 6 76 50 7 % 7 50 76 6 24 8 92
37 39 3 37 97 83 57 % 57 83 97 37 3 39 37
54 83 42 18 39 24 13 % 13 24 39 18 42 83 54
17 47 95 36 42 11 72 0 11 76 13 52 63 % 63 52 13 76 11 0 72 11 42 36 95 47 17
69 35 36 15 61 94 33 % 33 94 61 15 36 35 69
7 32 46 95 97 55 85 55 51 21 66 86 48 % 48 86 66 21 51 55 85 55 97 95 46 32 7
43 94 20 82 91 89 45 % 45 89 91 82 20 94 43
34 7 2 70 79 94 46 % 46 94 79 70 2 7 34
69 75 39 65 69 88 25 14 68 65 47 93 2 % 2 93 47 65 68 14 25 88 69 65 39 75 69
93 64 85 41 91 73 27 68 65 32 80 9 8 % 8 9 80 32 65 68 27 73 91 41 85 64 93
14 45 72 9 97 27 74 76 94 26 0 56 7 % 7 56 0 26 94 76 74 27 97 9 72 45 14
21 25 18 16 7 92 22 % 22 92 7 16 18 25 21
53 57 60 99 50 9 84 82 28 93 18 85 67 % 67 85 18 93 28 82 84 9 50 99 60 57 53
91 85 36 18 0 67 12 72 77 91 59 19 65 % 65 19 59 91 77 72 12 67 0 18 36 85 91
35 62 33 13 29 45 54 % 54 45 29 13 33 62 35
9 63 90 78 1 49 17 41 9 50 77 31 98 % 98 31 77 50 9 41 17 49 1 78 90 63 9
70 22 49 92 67 48 11 % 11 48 67 92 49 22 70
13 87 65 20 20 27 75 % 75 27 20 20 65 87 13
7 51 36 28 89 57 1 0 28 61 11 34 21 % 21 34 11 61 28 0 1 57 89 28 36 51 7
24 18 5 82 86 73 17 % 17 73 86 82 5 18 24
90 43 1 20 96 7 16 96 91 20 14 22 79 % 79 22 14 20 91 96 16 7 96 20 1 43 90
0 94 25 33 97 51 17 % 17 51 97 33 25 94 0
52 83 27 10 58 59 26 9 22 31 4 47 44 % 44 47 4 31 22 9 26 59 58 10 27 83 52
58 15 45 8 69 96 27 56 8 6 15 63 14 % 14 63 15 6 8 56 27 96 69 8 45 15 58
49 33 44 89 48 26 89 % 89 26 48 89 44 33 49
7 96 24 36 99 73 16 % 16 73 99 36 24 96 7
92 69 98 50 75 33 57 % 57 33 75 50 98 69 92
47 48 24 15 21 24 74 8 99 87 22 44 7 % 7 44 22 87 99 8 74 24 21 15 24 48 47
54 52 27 51 70 23 80 % 80 23 70 51 27 52 54
47 23 46 9 94 68 84 % 84 68 94 9 46 23 47
76 19 13 75 5 53 12 % 12 53 5 75 13 19 76
53 16 72 15 44 29 34 7 93 45 43 2 45 % 45 2 43 45 93 7 34 29 44 15 72 16 53
84 12 38 13 27 61 50 2 82 34 73 85 30 % 30 85 73 34 82 2 50 61 27 13 38 12 84
2 77 30 13 71 27 42 % 42 27 71 13 30 77 2
26 2 52 43 54 32 16 15 32 60 10 20 42 % 42 20 10 60 32 15 16 32 54 43 52 2 26
60 8 3 50 89 3 64 7 56 66 92 5 76 % 76 5 92 66 56 7 64 3 89 50 3 8 60
57 87 0 38 96 80 88 % 88 80 96 38 0 87 57
38 92 28 29 45 34 53 % 53 34 45 29 28 92 38
56 69 51 31 93 22 65 % 65 22 93 31 51 69 56
11 15 17 2 63 91 87 17 50 9 92 19 32 % 32 19 92 9 50 17 87 91 63 2 17 15 11
6 41 73 38 78 56 96 15 92 8 41 77 14 % 14 77 41 8 92 15 96 56 78 38 73 41 6
35 76 3 2 59 46 93 % 93 46 59 2 3 76 35
6 69 84 56 93 13 12 86 12 69 32 18 41 % 41 18 32 69 12 86 12 13 93 56 84 69 6
64 9 55 5 14 84 12 30 45 66 57 89 51 % 51 89 57 66 45 30 12 84 14 5 55 9 64
29 93 76 56 40 92 51 9 93 12 4 92 98 % 98 92 4 12 93 9 51 92 40 56 76 93 29
29 96 43 72 19 18 37 64 15 63 82 32 9 % 9 32 82 63 15 64 37 18 19 72 43 96 29
78 61 66 99 83 74 75 % 75 74 83 99 66 61 78
88 47 95 91 77 53 49 31 1 95 85 7 37 % 37 7 85 95 1 31 49 53 77 91 95 47 88
37 19 40 94 10 28 25 39 49 51 50 54 79 % 79 54 50 51 49 39 25 28 10 94 40 19 37
20 91 23 38 48 88 79 % 79 88 48 38 23 91 20
98 17 42 85 85 25 53 % 53 25 85 85 42 17 98
66 71 90 71 37 18 69 73 54 52 42 44 84 % 84 44 42 52 54 73 69 18 37 71 90 71 66
86 18 3 22 24 40 18 7 63 21 86 87 81 % 81 87 86 21 63 7 18 40 24 22 3 18 86
6 82 19 14 6 85 45 % 45 85 6 14 19 82 6
76 25 63 64 75 55 1 94 75 15 41 70 54 % 54 70 41 15 75 94 1 55 75 64 63 25 76
89 59 11 39 80 75 66 64 33 94 0 49 23 % 23 49 0 94 33 64 66 75 80 39 11 59 89
77 73 12 86 42 86 55 % 55 86 42 86 12 73 77
50 17 98 17 16 62 94 76 5 38 85 10 23 % 23 10 85 38 5 76 94 62 16 17 98 17 50
16 29 26 89 53 7 72 3 16 31 91 94 70 % 70 94 91 31 16 3 72 7 53 89 26 29 16
91 59 34 92 75 21 52 % 52 21 75 92 34 59 91
60 91 58 67 76 69 60 % 60 69 76 67 58 91 60
5 4 24 93 41 88 35 59 21 88 35 66 79 % 79 66 35 88 21 59 35 88 41 93 24 4 5
42 72 43 60 26 73 76 % 76 73 26 60 43 72 42
82 76 56 73 64 29 86 % 86 29 64 73 56 76 82
35 62 11 87 83 96 31 % 31 96 83 87 11 62 35
29 67 25 59 36 13 46 % 46 13 36 59 25 67 29
24 17 49 12 99 42 80 % 80 42 99 12 49 17 24
36 90 40 72 90 1 13 % 13 1 90 72 40 90 36
96 64 63 56 67 34 85 23 93 35 33 30 4 % 4 30 33 35 93 23 85 34 67 56 63 64 96
32 23 43 53 47 43 54 65 7 1 9 20 76 % 76 20 9 1 7 65 54 43 47 53 43 23 32
23 75 81 23 70 17 53 5 88 49 47 4 4 % 4 4 47 49 88 5 53 17 70 23 81 75 23
74 49 71 7 18 3 9 97 65 91 24 78 85 % 85 78 24 91 65 97 9 3 18 7 71 49 74
78 1 97 19 39 26 85 70 6 13 63 21 24 % 24 21 63 13 6 70 85 26 39 19 97 1 78
88 71 18 47 31 84 81 % 81 84 31 47 18 71 88
35 8 18 33 22 58 1 % 1 58 22 33 18 8 35
1 7 87 59 32 9 78 % 78 9 32 59 87 7 1
93 46 93 8 13 55 40 0 4 52 56 43 68 % 68 43 56 52 4 0 40 55 13 8 93 46 93
41 9 69 44 0 43 63 % 63 43 0 44 69 9 41
64 89 31 23 8 80 74 % 74 80 8 23 31 89 64
50 71 70 96 43 41 4 % 4 41 43 96 70 71 50
79 98 28 14 3 52 63 % 63 52 3 14 28 98 79
20 98 15 24 59 27 69 % 69 27 59 24 15 98 20
67 80 16 31 32 67 86 42 93 8 21 77 64 % 64 77 21 8 93 42 86 67 32 31 16 80 67
96 94 0 76 5 18 99 % 99 18 5 76 0 94 96
53 14 73 46 57 8 16 % 16 8 57 46 73 14 53
10 61 34 70 66 48 54 48 95 9 19 68 47 % 47 68 19 9 95 48 54 48 66 70 34 61 10
19 19 48 60 32 80 49 38 84 33 6 41 90 % 90 41 6 33 84 38 49 80 32 60 48 19 19
84 74 7 99 3 51 22 % 22 51 3 99 7 74 84
97 5 72 22 76 14 37 27 25 71 60 10 73 % 73 10 60 71 25 27 37 14 76 22 72 5 97
0 17 19 31 93 58 49 45 20 90 50 97 39 % 39 97 50 90 20 45 49 58 93 31 19 17 0
82 47 29 77 84 82 71 % 71 82 84 77 29 47 82
69 32 69 68 69 12 13 80 82 18 3 63 87 % 87 63 3 18 82 80 13 12 69 68 69 32 69
76 96 92 92 53 94 41 69 93 28 6 1 41 % 41 1 6 28 93 69 41 94 53 92 92 96 76
99 99 61 78 80 29 99 % 99 29 80 78 61 99 99
61 3 34 98 94 36 97 2 38 97 40 21 28 % 28 21 40 97 38 2 97 36 94 98 34 3 61
45 34 43 66 56 28 63 % 63 28 56 66 43 34 45
29 62 24 44 52 51 43 12 76 82 38 62 64 % 64 62 38 82 76 12 43 51 52 44 24 62 29
46 63 82 9 51 81 20 % 20 81 51 9 82 63 46
55 99 34 62 2 15 17 56 65 77 2 88 65 % 65 88 2 77 65 56 17 15 2 62 34 99 55
70 75 19 59 17 56 10 84 12 8 22 68 57 % 57 68 22 8 12 84 10 56 17 59 19 75 70
53 43 97 11 75 20 61 % 61 20 75 11 97 43 53
48 9 35 0 48 9 86 46 39 41 47 93 87 % 87 93 47 41 39 46 86 9 48 0 35 9 48
25 78 33 55 34 93 46 85 73 81 7 3 90 % 90 3 7 81 73 85 46 93 34 55 33 78 25
73 21 73 4 39 9 13 90 50 66 49 46 47 % 47 46 49 66 50 90 13 9 39 4 73 21 73
26 26 67 10 6 2 3 % 3 2 6 10 67 26 26
90 0 53 58 76 74 43 80 94 58 77 33 87 % 87 33 77 58 94 80 43 74 76 58 53 0 90
57 30 87 79 95 46 72 95 13 18 64 66 81 % 81 66 64 18 13 95 72 46 95 79 87 30 57
17 83 91 78 71 99 46 66 34 28 47 81 32 % 32 81 47 28 34 66 46 99 71 78 91 83 17
67 11 66 89 43 29 86 % 86 29 43 89 66 11 67
3 17 66 7 25 52 47 74 56 34 97 94 97 % 97 94 97 34 56 74 47 52 25 7 66 17 3
45 4 64 47 61 36 63 88 36 64 56 63 18 % 18 63 56 64 36 88 63 36 61 47 64 4 45
20 77 27 13 62 14 92 % 92 14 62 13 27 77 20
0 51 12 8 2 34 53 % 53 34 2 8 12 51 0
69 37 97 33 11 30 50 % 50 30 11 33 97 37 69
57 64 95 51 3 84 31 48 40 42 60 65 1 % 1 65 60 42 40 48 31 84 3 51 95 64 57
99 73 19 96 55 53 11 38 98 68 32 96 4 % 4 96 32 68 98 38 11 53 55 96 19 73 99
78 67 95 25 48 21 33 % 33 21 48 25 95 67 78
97 13 1 12 56 53 25 81 4 59 96 92 51 % 51 92 96 59 4 81 25 53 56 12 1 13 97
40 43 81 4 17 25 37 % 37 25 17 4 81 43 40
31 76 94 13 75 51 7 % 7 51 75 13 94 76 31
84 79 25 85 36 75 86 % 86 75 36 85 25 79 84
89 20 19 67 18 93 4 % 4 93 18 67 19 20 89
0 13 8 96 5 44 93 % 93 44 5 96 8 13 0
37 48 26 41 44 68 93 % 93 68 44 41 26 48 37
16 41 79 94 47 44 91 3 44 51 64 61 82 % 82 61 64 51 44 3 91 44 47 94 79 41 16
66 88 72 10 42 90 54 61 94 61 56 40 74 % 74 40 56 61 94 61 54 90 42 10 72 88 66
59 90 31 24 76 27 98 % 98 27 76 24 31 90 59
69 35 54 32 41 52 1 % 1 52 41 32 54 35 69
61 78 21 22 32 20 67 97 0 60 89 32 35 % 35 32 89 60 0 97 67 20 32 22 21 78 61
19 65 12 33 13 58 6 % 6 58 13 33 12 65 19
38 38 76 28 95 15 91 87 44 89 86 91 24 % 24 91 86 89 44 87 91 15 95 28 76 38 38
14 94 96 62 17 9 88 88 34 40 9 23 18 % 18 23 9 40 34 88 88 9 17 62 96 94 14
50 7 74 45 25 18 4 3 48 36 2 12 9 % 9 12 2 36 48 3 4 18 25 45 74 7 50
74 67 47 82 61 78 6 64 37 72 22 60 67 % 67 60 22 72 37 64 6 78 61 82 47 67 74
50 20 16 63 33 16 98 % 98 16 33 63 16 20 50
79 97 1 77 88 30 75 53 48 15 4 66 24 % 24 66 4 15 48 53 75 30 88 77 1 97 79
6 35 70 91 16 49 50 78 48 52 56 70 24 % 24 70 56 52 48 78 50 49 16 91 70 35 6
19 50 95 46 53 53 67 % 67 53 53 46 95 50 19
47 67 11 56 42 61 92 % 92 61 42 56 11 67 47
71 60 77 32 10 66 17 94 32 41 66 50 59 % 59 50 66 41 32 94 17 66 10 32 77 60 71
9 17 51 55 63 27 28 % 28 27 63 55 51 17 9
97 33 98 22 46 84 89 16 84 79 67 75 7 % 7 75 67 79 84 16 89 84 46 22 98 33 97
51 0 64 11 17 25 93 % 93 25 17 11 64 0 51
29 11 4 62 90 34 50 % 50 34 90 62 4 11 29
0 27 74 96 55 42 53 % 53 42 55 96 74 27 0
23 23 29 19 87 83 47 30 87 59 36 90 2 % 2 90 36 59 87 30 47 83 87 19 29 23 23
93 60 26 40 11 71 46 % 46 71 11 40 26 60 93
0 40 32 1 59 45 62 % 62 45 59 1 32 40 0
87 19 6 40 13 35 94 % 94 35 13 40 6 19 87
51 99 82 36 33 52 15 10 76 83 33 23 67 % 67 23 33 83 76 10 15 52 33 36 82 99 51
52 19 48 44 12 41 15 % 15 41 12 44 48 19 52
68 92 40 97 2 15 71 71 98 60 63 93 17 % 17 93 63 60 98 71 71 15 2 97 40 92 68
87 24 91 75 69 72 31 % 31 72 69 75 91 24 87
82 80 64 73 74 37 75 % 75 37 74 73 64 80 82
38 10 94 16 63 28 33 37 35 83 52 50 5 % 5 50 52 83 35 37 33 28 63 16 94 10 38
71 65 60 31 32 20 1 % 1 20 32 31 60 65 71
97 56 92 76 92 48 24 % 24 48 92 76 92 56 97
29 97 78 50 33 62 79 84 39 35 21 95 1 % 1 95 21 35 39 84 79 62 33 50 78 97 29
23 95 91 86 38 50 79 % 79 50 38 86 91 95 23
26 16 16 41 23 12 13 76 18 21 5 49 48 % 48 49 5 21 18 76 13 12 23 41 16 16 26
30 1 69 6 38 61 54 48 50 44 5 44 80 % 80 44 5 44 50 48 54 61 38 6 69 1 30
21 20 69 5 54 61 20 17 46 62 65 1 1 % 1 1 65 62 46 17 20 61 54 5 69 20 21
67 81 96 88 31 16 69 % 69 16 31 88 96 81 67
4 94 74 4 27 42 17 85 24 63 35 77 14 % 14 77 35 63 24 85 17 42 27 4 74 94 4
28 55 37 83 46 15 51 30 88 81 37 85 60 % 60 85 37 81 88 30 51 15 46 83 37 55 28
64 55 18 41 88 57 6 % 6 57 88 41 18 55 64
29 35 35 89 95 62 14 % 14 62 95 89 35 35 29
11 40 95 58 16 88 18 89 12 3 88 41 27 % 27 41 88 3 12 89 18 88 16 58 95 40 11
50 18 23 44 27 85 52 87 45 2 15 1 86 % 86 1 15 2 45 87 52 85 27 44 23 18 50
65 93 55 49 83 57 91 % 91 57 83 49 55 93 65
11 15 16 16 92 92 43 30 32 16 33 94 30 % 30 94 33 16 32 30 43 92 92 16 16 15 11
75 88 44 36 87 97 86 % 86 97 87 36 44 88 75
37 10 7 71 20 25 9 61 58 82 97 27 51 % 51 27 97 82 58 61 9 25 20 71 7 10 37
12 48 2 73 36 61 41 % 41 61 36 73 2 48 12
23 53 37 37 27 96 22 34 21 17 53 4 80 % 80 4 53 17 21 34 22 96 27 37 37 53 23
21 57 1 36 57 61 70 57 74 65 72 18 18 % 18 18 72 65 74 57 70 61 57 36 1 57 21
19 10 38 66 8 68 23 % 23 68 8 66 38 10 19
69 6 58 31 77 87 64 79 5 20 80 48 63 % 63 48 80 20 5 79 64 87 77 31 58 6 69
5 56 25 18 64 32 36 % 36 32 64 18 25 56 5
51 62 31 73 74 82 86 % 86 82 74 73 31 62 51
36 99 77 6 13 39 80 23 16 19 17 19 53 % 53 19 17 19 16 23 80 39 13 6 77 99 36
39 88 40 56 62 66 20 99 97 69 38 97 11 % 11 97 38 69 97 99 20 66 62 56 40 88 39
84 62 51 62 50 11 95 % 95 11 50 62 51 62 84
29 42 52 63 87 92 58 % 58 92 87 63 52 42 29
5 98 34 10 99 66 20 % 20 66 99 10 34 98 5
66 11 96 21 61 27 91 1 36 84 62 53 88 % 88 53 62 84 36 1 91 27 61 21 96 11 66
32 3 42 4 31 7 87 % 87 7 31 4 42 3 32
74 86 1 7 41 7 50 % 50 7 41 7 1 86 74
65 79 54 73 63 91 28 53 54 54 98 52 95 % 95 52 98 54 54 53 28 91 63 73 54 79 65
77 92 0 25 98 99 73 % 73 99 98 25 0 92 77
85 40 90 0 5 95 25 89 56 19 62 61 24 % 24 61 62 19 56 89 25 95 5 0 90 40 85
75 10 35 97 3 54 47 % 47 54 3 97 35 10 75
2 7 96 89 61 13 47 61 53 9 53 27 3 % 3 27 53 9 53 61 47 13 61 89 96 7 2
28 49 83 1 53 65 80 % 80 65 53 1 83 49 28
55 54 91 60 15 87 28 % 28 87 15 60 91 54 55
2 74 82 0 71 13 36 20 51 62 87 29 62 % 62 29 87 62 51 20 36 13 71 0 82 74 2
29 74 48 60 37 7 98 % 98 7 37 60 48 74 29
33 14 58 53 51 19 53 99 53 92 94 8 52 % 52 8 94 92 53 99 53 19 51 53 58 14 33
11 60 53 62 55 21 65 % 65 21 55 62 53 60 11
46 25 70 7 22 12 46 11 14 20 70 42 78 % 78 42 70 20 14 11 46 12 22 7 70 25 46
60 83 73 13 17 5 33 % 33 5 17 13 73 83 60
97 34 60 68 35 1 50 77 48 12 19 64 82 % 82 64 19 12 48 77 50 1 35 68 60 34 97
55 29 41 85 13 33 62 % 62 33 13 85 41 29 55
93 16 34 35 96 51 24 71 30 74 1 48 85 % 85 48 1 74 30 71 24 51 96 35 34 16 93
0 86 18 87 17 64 88 16 7 63 81 3 10 % 10 3 81 63 7 16 88 64 17 87 18 86 0
66 33 82 18 26 65 94 99 24 12 37 80 92 % 92 80 37 12 24 99 94 65 26 18 82 33 66
78 90 93 99 36 39 4 % 4 39 36 99 93 90 78
67 99 64 21 38 6 97 % 97 6 38 21 64 99 67
23 46 23 63 51 25 37 % 37 25 51 63 23 46 23
6 61 31 47 4 12 63 % 63 12 4 47 31 61 6
45 77 34 23 6 8 11 % 11 8 6 23 34 77 45
88 66 24 92 7 88 36 11 12 26 6 65 73 % 73 65 6 26 12 11 36 88 7 92 24 66 88
49 55 22 42 75 26 49 16 55 99 98 73 13 % 13 73 98 99 55 16 49 26 75 42 22 55 49
87 44 32 90 76 11 45 37 60 55 90 72 27 % 27 72 90 55 60 37 45 11 76 90 32 44 87
47 64 0 33 8 41 54 % 54 41 8 33 0 64 47
64 22 24 27 58 72 79 % 79 72 58 27 24 22 64
93 5 44 50 31 2 11 68 36 12 26 57 18 % 18 57 26 12 36 68 11 2 31 50 44 5 93
59 14 74 42 72 78 38 % 38 78 72 42 74 14 59
36 38 59 73 35 41 89 54 58 61 12 87 60 % 60 87 12 61 58 54 89 41 35 73 59 38 36
84 93 18 19 48 99 90 66 86 67 34 66 48 % 48 66 34 67 86 66 90 99 48 19 18 93 84
95 36 27 21 14 65 51 77 21 40 69 14 77 % 77 14 69 40 21 77 51 65 14 21 27 36 95
16 13 95 70 28 71 28 18 76 51 38 34 68 % 68 34 38 51 76 18 28 71 28 70 95 13 16
18 54 82 54 18 4 52 28 43 45 13 57 13 % 13 57 13 45 43 28 52 4 18 54 82 54 18
17 95 85 77 0 77 90 % 90 77 0 77 85 95 17
66 20 9 48 34 70 13 % 13 70 34 48 9 20 66
51 35 18 57 30 39 73 % 73 39 30 57 18 35 51
78 3 9 29 80 9 11 % 11 9 80 29 9 3 78
2 87 34 62 98 45 27 2 18 35 59 35 99 % 99 35 59 35 18 2 27 45 98 62 34 87 2
49 49 32 95 34 85 70 38 71 93 10 34 74 % 74 34 10 93 71 38 70 85 34 95 32 49 49
37 52 92 27 26 19 31 % 31 19 26 27 92 52 37
48 72 47 57 64 13 66 32 27 11 26 91 87 % 87 91 26 11 27 32 66 13 64 57 47 72 48
52 16 28 11 94 90 35 % 35 90 94 11 28 16 52
32 14 19 46 38 1 58 % 58 1 38 46 19 14 32
77 10 61 61 77 9 45 % 45 9 77 61 61 10 77
51 69 89 75 2 54 94 61 0 72 85 64 94 % 94 64 85 72 0 61 94 54 2 75 89 69 51
99 49 64 68 37 65 80 49 54 27 12 81 79 % 79 81 12 27 54 49 80 65 37 68 64 49 99
47 26 8 63 29 64 40 48 51 34 22 45 84 % 84 45 22 34 51 48 40 64 29 63 8 26 47
78 84 78 61 93 56 29 % 29 56 93 61 78 84 78
34 66 3 78 16 53 62 58 83 65 91 4 45 % 45 4 91 65 83 58 62 53 16 78 3 66 34
33 18 63 11 4 40 82 % 82 40 4 11 63 18 33
56 31 50 44 78 99 31 % 31 99 78 44 50 31 56
31 88 1 2 58 43 49 72 0 6 94 7 23 % 23 7 94 6 0 72 49 43 58 2 1 88 31
77 64 65 96 95 35 2 30 43 60 90 82 43 % 43 82 90 60 43 30 2 35 95 96 65 64 77
71 40 84 84 28 44 60 % 60 44 28 84 84 40 71
79 0 33 94 78 78 4 12 85 99 27 84 51 % 51 84 27 99 85 12 4 78 78 94 33 0 79
77 1 67 64 63 28 42 % 42 28 63 64 67 1 77
36 24 90 9 34 22 97 5 67 62 23 78 54 % 54 78 23 62 67 5 97 22 34 9 90 24 36
94 28 79 66 4 79 79 % 79 79 4 66 79 28 94
44 63 46 92 30 24 6 11 80 9 40 22 28 % 28 22 40 9 80 11 6 24 30 92 46 63 44
85 24 82 5 44 88 95 6 12 34 85 94 35 % 35 94 85 34 12 6 95 88 44 5 82 24 85
50 38 93 93 48 53 97 59 40 10 86 41 63 % 63 41 86 10 40 59 97 53 48 93 93 38 50
14 93 99 99 76 86 11 % 11 86 76 99 99 93 14
46 26 64 95 66 68 85 % 85 68 66 95 64 26 46
84 48 63 98 77 98 9 % 9 98 77 98 63 48 84
53 34 31 3 68 25 90 % 90 25 68 3 31 34 53
6 25 70 90 47 46 79 43 63 34 83 51 47 % 47 51 83 34 63 43 79 46 47 90 70 25 6
9 70 83 68 79 73 49 4 51 72 97 48 36 % 36 48 97 72 51 4 49 73 79 68 83 70 9
90 20 11 77 41 41 19 5 95 29 24 68 35 % 35 68 24 29 95 5 19 41 41 77 11 20 90
89 81 95 63 48 61 0 70 41 89 41 84 83 % 83 84 41 89 41 70 0 61 48 63 95 81 89
95 28 60 91 3 56 29 % 29 56 3 91 60 28 95
86 31 98 17 74 82 97 % 97 82 74 17 98 31 86
26 62 94 4 22 74 2 15 40 88 97 27 10 % 10 27 97 88 40 15 2 74 22 4 94 62 26
12 48 58 45 22 36 69 70 20 18 66 5 76 % 76 5 66 18 20 70 69 36 22 45 58 48 12
31 57 40 62 35 13 21 95 72 7 50 50 61 % 61 50 50 7 72 95 21 13 35 62 40 57 31
4 16 44 86 22 94 33 % 33 94 22 86 44 16 4
62 37 32 50 0 36 29 20 14 15 46 18 11 % 11 18 46 15 14 20 29 36 0 50 32 37 62
10 97 54 28 73 31 97 % 97 31 73 28 54 97 10
72 79 38 27 7 59 9 69 10 63 22 49 8 % 8 49 22 63 10 69 9 59 7 27 38 79 72
98 50 92 21 2 90 41 % 41 90 2 21 92 50 98
77 84 6 5 71 11 90 62 54 96 5 31 64 % 64 31 5 96 54 62 90 11 71 5 6 84 77
73 81 5 93 21 27 5 49 74 62 49 78 63 % 63 78 49 62 74 49 5 27 21 93 5 81 73
72 32 81 78 16 10 6 34 15 86 90 36 4 % 4 36 90 86 15 34 6 10 16 78 81 32 72
8 30 30 52 36 12 77 94 73 83 81 77 31 % 31 77 81 83 73 94 77 12 36 52 30 30 8
70 20 33 83 46 29 7 88 37 13 50 8 51 % 51 8 50 13 37 88 7 29 46 83 33 20 70
67 48 71 53 5 69 12 % 12 69 5 53 71 48 67
63 15 32 27 75 17 6 % 6 17 75 27 32 15 63
10 86 29 18 40 41 26 % 26 41 40 18 29 86 10
99 23 89 68 22 50 21 55 76 48 76 46 44 % 44 46 76 48 76 55 21 50 22 68 89 23 99
93 74 95 73 13 34 87 50 81 80 5 76 5 % 5 76 5 80 81 50 87 34 13 73 95 74 93
95 64 89 8 28 55 5 24 29 27 56 64 22 % 22 64 56 27 29 24 5 55 28 8 89 64 95
13 28 82 97 4 89 86 % 86 89 4 97 82 28 13
76 54 13 84 11 42 27 77 75 6 21 73 24 % 24 73 21 6 75 77 27 42 11 84 13 54 76
0 7 10 45 28 45 94 % 94 45 28 45 10 7 0
85 62 54 80 99 37 90 % 90 37 99 80 54 62 85
58 30 37 65 44 81 75 66 94 3 56 75 18 % 18 75 56 3 94 66 75 81 44 65 37 30 58
93 1 45 22 9 12 87 % 87 12 9 22 45 1 93
49 16 49 16 92 92 30 6 80 64 21 35 97 % 97 35 21 64 80 6 30 92 92 16 49 16 49
0 66 38 91 29 16 82 % 82 16 29 91 38 66 0
72 51 40 7 9 41 10 % 10 41 9 7 40 51 72
22 20 47 35 44 62 84 % 84 62 44 35 47 20 22
3 73 66 94 25 59 55 % 55 59 25 94 66 73 3
68 12 82 43 54 51 12 % 12 51 54 43 82 12 68
88 37 42 38 34 54 31 21 87 23 60 92 51 % 51 92 60 23 87 21 31 54 34 38 42 37 88
2 30 69 91 76 6 94 63 5 61 38 31 4 % 4 31 38 61 5 63 94 6 76 91 69 30 2
9 25 67 39 77 71 52 % 52 71 77 39 67 25 9
77 14 27 62 25 60 45 69 96 72 45 88 82 % 82 88 45 72 96 69 45 60 25 62 27 14 77
20 7 10 30 56 90 6 % 6 90 56 30 10 7 20
16 29 68 23 12 66 89 26 0 12 22 56 71 % 71 56 22 12 0 26 89 66 12 23 68 29 16
71 72 67 0 40 84 23 % 23 84 40 0 67 72 71
5 46 37 85 89 21 10 24 9 67 11 67 52 % 52 67 11 67 9 24 10 21 89 85 37 46 5
56 37 21 57 44 50 56 80 56 6 93 78 96 % 96 78 93 6 56 80 56 50 44 57 21 37 56
88 17 76 28 55 16 62 % 62 16 55 28 76 17 88
34 4 29 20 81 73 34 17 88 11 76 55 11 % 11 55 76 11 88 17 34 73 81 20 29 4 34
74 28 36 93 37 24 57 88 59 31 55 49 48 % 48 49 55 31 59 88 57 24 37 93 36 28 74
75 58 22 85 17 65 90 % 90 65 17 85 22 58 75
53 6 49 84 85 75 82 % 82 75 85 84 49 6 53
27 95 25 55 8 44 45 % 45 44 8 55 25 95 27
77 7 25 84 10 58 79 10 60 64 91 15 19 % 19 15 91 64 60 10 79 58 10 84 25 7 77
88 32 34 25 62 0 64 % 64 0 62 25 34 32 88
94 19 17 31 82 44 73 % 73 44 82 31 17 19 94
16 56 94 66 72 40 17 % 17 40 72 66 94 56 16
18 65 16 77 56 10 44 84 95 65 93 94 67 % 67 94 93 65 95 84 44 10 56 77 16 65 18
8 32 19 22 8 3 3 % 3 3 8 22 19 32 8
70 63 65 39 71 77 70 % 70 77 71 39 65 63 70
47 85 16 1 16 79 62 95 60 76 55 37 0 % 0 37 55 76 60 95 62 79 16 1 16 85 47
89 33 13 84 33 20 60 % 60 20 33 84 13 33 89
72 6 24 48 32 16 98 72 75 36 44 16 21 % 21 16 44 36 75 72 98 16 32 48 24 6 72
15 74 8 76 61 90 45 % 45 90 61 76 8 74 15
97 21 49 25 51 63 81 86 84 9 79 88 68 % 68 88 79 9 84 86 81 63 51 25 49 21 97
31 90 93 73 60 6 57 13 0 39 69 74 5 % 5 74 69 39 0 13 57 6 60 73 93 90 31
38 78 9 17 92 56 44 90 44 85 20 49 99 % 99 49 20 85 44 90 44 56 92 17 9 78 38
41 84 56 96 94 47 96 75 49 34 3 8 22 % 22 8 3 34 49 75 96 47 94 96 56 84 41
70 63 14 32 24 75 17 31 1 98 44 51 44 % 44 51 44 98 1 31 17 75 24 32 14 63 70
45 57 13 85 40 71 27 58 42 76 28 21 90 % 90 21 28 76 42 58 27 71 40 85 13 57 45
71 75 80 90 65 44 5 34 5 31 44 65 11 % 11 65 44 31 5 34 5 44 65 90 80 75 71
10 34 78 96 73 13 44 % 44 13 73 96 78 34 10
30 0 75 79 1 59 38 65 43 65 33 46 15 % 15 46 33 65 43 65 38 59 1 79 75 0 30
47 28 54 65 70 79 73 % 73 79 70 65 54 28 47
32 38 7 79 57 67 98 34 31 51 69 77 16 % 16 77 69 51 31 34 98 67 57 79 7 38 32
9 76 3 47 80 38 14 52 83 1 6 8 56 % 56 8 6 1 83 52 14 38 80 47 3 76 9
1 98 89 90 0 4 10 % 10 4 0 90 89 98 1
74 95 32 63 22 68 14 % 14 68 22 63 32 95 74
29 25 59 25 50 68 42 16 10 94 35 6 29 % 29 6 35 94 10 16 42 68 50 25 59 25 29
48 63 37 55 55 44 75 % 75 44 55 55 37 63 48
80 82 22 46 42 21 51 % 51 21 42 46 22 82 80
8 35 56 8 45 18 81 56 50 80 94 91 51 % 51 91 94 80 50 56 81 18 45 8 56 35 8
71 51 61 72 57 66 33 21 33 55 73 27 63 % 63 27 73 55 33 21 33 66 57 72 61 51 71
60 85 65 49 94 31 24 72 39 80 95 83 92 % 92 83 95 80 39 72 24 31 94 49 65 85 60
13 28 3 9 69 58 2 15 33 68 3 38 17 % 17 38 3 68 33 15 2 58 69 9 3 28 13
82 52 87 53 49 17 41 % 41 17 49 53 87 52 82
34 9 62 15 31 40 87 % 87 40 31 15 62 9 34
86 50 45 71 18 91 25 % 25 91 18 71 45 50 86
49 45 92 70 86 10 11 % 11 10 86 70 92 45 49
94 88 47 96 73 35 80 % 80 35 73 96 47 88 94
59 88 85 56 61 69 24 57 89 36 26 7 39 % 39 7 26 36 89 57 24 69 61 56 85 88 59
34 99 14 52 99 70 94 % 94 70 99 52 14 99 34
84 28 74 49 20 59 77 % 77 59 20 49 74 28 84
12 61 34 35 48 83 76 76 95 39 34 69 74 % 74 69 34 39 95 76 76 83 48 35 34 61 12
21 20 5 64 19 91 28 % 28 91 19 64 5 20 21
2 40 98 39 38 82 94 1 10 34 49 8 33 % 33 8 49 34 10 1 94 82 38 39 98 40 2
15 72 65 60 63 71 61 71 22 87 43 2 38 % 38 2 43 87 22 71 61 71 63 60 65 72 15
77 30 16 85 84 48 62 18 27 11 94 88 16 % 16 88 94 11 27 18 62 48 84 85 16 30 77
65 61 46 73 56 52 59 % 59 52 56 73 46 61 65
61 82 16 61 23 47 22 % 22 47 23 61 16 82 61
82 93 83 53 55 38 1 55 51 3 77 43 2 % 2 43 77 3 51 55 1 38 55 53 83 93 82
56 72 78 49 33 49 34 99 73 79 99 51 39 % 39 51 99 79 73 99 34 49 33 49 78 72 56
89 38 77 99 56 93 35 51 65 75 89 59 42 % 42 59 89 75 65 51 35 93 56 99 77 38 89
33 87 54 81 39 2 94 32 78 14 74 27 33 % 33 27 74 14 78 32 94 2 39 81 54 87 33
0 31 60 20 97 54 39 % 39 54 97 20 60 31 0
33 93 48 50 7 38 85 % 85 38 7 50 48 93 33
11 46 54 46 18 79 33 81 36 7 43 85 81 % 81 85 43 7 36 81 33 79 18 46 54 46 11
42 48 49 17 91 88 84 % 84 88 91 17 49 48 42
10 84 37 69 94 82 25 9 55 10 85 51 83 % 83 51 85 10 55 9 25 82 94 69 37 84 10
49 37 64 72 19 23 94 % 94 23 19 72 64 37 49
3 81 70 90 12 35 63 98 87 5 50 57 51 % 51 57 50 5 87 98 63 35 12 90 70 81 3
93 52 50 22 14 18 75 % 75 18 14 22 50 52 93
37 14 63 54 77 22 81 32 76 49 96 49 82 % 82 49 96 49 76 32 81 22 77 54 63 14 37
46 34 72 67 95 38 17 % 17 38 95 67 72 34 46
20 53 72 74 79 51 58 63 76 33 21 45 91 % 91 45 21 33 76 63 58 51 79 74 72 53 20
34 16 63 86 51 95 42 17 6 24 10 16 48 % 48 16 10 24 6 17 42 95 51 86 63 16 34
91 3 88 69 22 87 81 % 81 87 22 69 88 3 91
43 27 16 87 66 95 63 8 5 68 77 16 34 % 34 16 77 68 5 8 63 95 66 87 16 27 43
25 80 58 79 42 2 59 56 59 65 88 29 56 % 56 29 88 65 59 56 59 2 42 79 58 80 25
43 99 98 25 8 83 86 0 69 76 99 16 76 % 76 16 99 76 69 0 86 83 8 25 98 99 43
78 83 2 16 96 30 70 9 13 41 46 45 99 % 99 45 46 41 13 9 70 30 96 16 2 83 78
7 27 3 62 37 27 50 88 74 22 75 88 63 % 63 88 75 22 74 88 50 27 37 62 3 27 7
92 44 94 26 42 0 34 % 34 0 42 26 94 44 92
87 46 86 86 30 57 29 % 29 57 30 86 86 46 87
23 16 47 45 14 7 41 61 32 58 78 71 52 % 52 71 78 58 32 61 41 7 14 45 47 16 23
23 55 82 96 27 6 10 14 75 88 32 90 1 % 1 90 32 88 75 14 10 6 27 96 82 55 23
77 93 60 44 88 36 45 20 14 98 63 5 47 % 47 5 63 98 14 20 45 36 88 44 60 93 77
96 69 16 33 87 74 21 % 21 74 87 33 16 69 96
92 97 30 90 18 66 2 % 2 66 18 90 30 97 92
48 63 49 72 80 99 66 33 61 1 20 33 60 % 60 33 20 1 61 33 66 99 80 72 49 63 48
47 94 41 60 74 11 28 % 28 11 74 60 41 94 47
50 44 19 92 83 48 13 63 76 92 79 96 56 % 56 96 79 92 76 63 13 48 83 92 19 44 50
39 0 71 25 23 97 63 96 27 40 13 40 31 % 31 40 13 40 27 96 63 97 23 25 71 0 39
62 59 77 72 15 29 55 % 55 29 15 72 77 59 62
66 20 84 41 45 3 97 % 97 3 45 41 84 20 66
84 87 57 9 57 27 82 31 38 12 3 58 91 % 91 58 3 12 38 31 82 27 57 9 57 87 84
70 24 23 66 53 44 75 % 75 44 53 66 23 24 70
74 29 46 21 16 5 12 76 73 57 81 76 8 % 8 76 81 57 73 76 12 5 16 21 46 29 74
94 32 25 95 60 74 56 % 56 74 60 95 25 32 94
98 50 77 49 60 70 90 % 90 70 60 49 77 50 98
13 91 78 71 46 76 67 % 67 76 46 71 78 91 13
72 39 19 98 49 36 80 % 80 36 49 98 19 39 72
58 24 73 75 73 48 44 51 67 62 0 4 46 % 46 4 0 62 67 51 44 48 73 75 73 24 58
85 26 2 86 89 63 69 % 69 63 89 86 2 26 85
31 17 43 34 46 33 87 60 19 14 68 34 1 % 1 34 68 14 19 60 87 33 46 34 43 17 31
35 60 81 17 83 33 62 % 62 33 83 17 81 60 35
88 93 54 16 37 1 21 75 1 33 14 85 9 % 9 85 14 33 1 75 21 1 37 16 54 93 88
51 82 49 12 94 87 43 % 43 87 94 12 49 82 51
63 75 61 52 30 26 11 0 67 63 82 16 67 % 67 16 82 63 67 0 11 26 30 52 61 75 63
53 97 84 84 32 32 5 % 5 32 32 84 84 97 53
32 6 67 36 13 75 3 % 3 75 13 36 67 6 32
15 50 56 89 60 68 35 % 35 68 60 89 56 50 15
1 23 77 36 22 12 77 % 77 12 22 36 77 23 1
90 5 24 69 63 59 83 % 83 59 63 69 24 5 90
50 96 86 48 70 92 18 % 18 92 70 48 86 96 50
31 61 59 54 10 76 60 % 60 76 10 54 59 61 31
10 82 59 35 49 33 49 60 76 35 40 0 12 % 12 0 40 35 76 60 49 33 49 35 59 82 10
82 34 4 30 98 27 99 46 3 38 60 14 82 % 82 14 60 38 3 46 99 27 98 30 4 34 82
80 70 52 92 43 44 9 % 9 44 43 92 52 70 80
88 74 46 2 4 8 23 % 23 8 4 2 46 74 88
56 60 14 21 41 23 57 % 57 23 41 21 14 60 56
60 99 27 8 64 9 59 75 48 5 34 29 40 % 40 29 34 5 48 75 59 9 64 8 27 99 60
83 28 82 69 16 27 56 98 79 9 36 53 15 % 15 53 36 9 79 98 56 27 16 69 82 28 83
35 57 61 28 30 97 38 % 38 97 30 28 61 57 35
80 99 63 17 29 68 85 72 47 93 32 85 2 % 2 85 32 93 47 72 85 68 29 17 63 99 80
77 39 37 35 26 66 10 % 10 66 26 35 37 39 77
26 14 83 52 28 21 63 % 63 21 28 52 83 14 26
25 82 8 16 79 39 97 81 8 60 88 23 52 % 52 23 88 60 8 81 97 39 79 16 8 82 25
50 35 29 46 55 36 49 % 49 36 55 46 29 35 50
30 23 44 79 61 2 49 % 49 2 61 79 44 23 30
54 24 46 98 32 62 20 57 3 66 46 94 58 % 58 94 46 66 3 57 20 62 32 98 46 24 54
11 79 71 2 96 31 51 70 7 14 10 38 55 % 55 38 10 14 7 70 51 31 96 2 71 79 11
6 78 82 77 30 76 12 39 25 4 77 51 37 % 37 51 77 4 25 39 12 76 30 77 82 78 6
28 69 39 45 50 44 18 % 18 44 50 45 39 69 28
40 76 11 38 89 92 43 65 84 73 16 71 58 % 58 71 16 73 84 65 43 92 89 38 11 76 40
2 92 0 88 31 17 25 47 39 73 40 41 5 % 5 41 40 73 39 47 25 17 31 88 0 92 2
77 19 63 55 40 35 86 59 95 81 80 3 2 % 2 3 80 81 95 59 86 35 40 55 63 19 77
12 30 99 46 57 40 76 % 76 40 57 46 99 30 12
66 58 51 96 74 64 23 % 23 64 74 96 51 58 66
26 78 92 60 90 60 52 84 27 60 81 31 1 % 1 31 81 60 27 84 52 60 90 60 92 78 26
0 16 57 96 63 65 14 % 14 65 63 96 57 16 0
90 91 13 86 87 26 30 50 36 22 60 28 68 % 68 28 60 22 36 50 30 26 87 86 13 91 90
30 53 47 59 93 92 8 29 54 29 72 68 73 % 73 68 72 29 54 29 8 92 93 59 47 53 30
41 23 23 30 81 91 88 % 88 91 81 30 23 23 41
55 1 55 97 71 52 42 % 42 52 71 97 55 1 55
4 32 75 88 44 1 92 81 3 35 78 80 14 % 14 80 78 35 3 81 92 1 44 88 75 32 4
83 42 5 6 16 20 77 76 65 81 4 99 42 % 42 99 4 81 65 76 77 20 16 6 5 42 83
30 14 12 38 77 7 81 47 38 43 38 64 91 % 91 64 38 43 38 47 81 7 77 38 12 14 30
99 0 20 75 53 6 88 % 88 6 53 75 20 0 99
11 38 19 13 63 6 60 78 27 1 29 4 34 % 34 4 29 1 27 78 60 6 63 13 19 38 11
55 75 10 23 34 34 27 16 54 82 52 42 25 % 25 42 52 82 54 16 27 34 34 23 10 75 55
15 88 80 22 15 65 78 75 94 60 34 0 43 % 43 0 34 60 94 75 78 65 15 22 80 88 15
48 88 46 73 11 40 5 % 5 40 11 73 46 88 48
13 60 57 30 93 66 78 84 36 21 85 99 69 % 69 99 85 21 36 84 78 66 93 30 57 60 13
42 53 25 81 13 62 77 77 90 90 14 94 90 % 90 94 14 90 90 77 77 62 13 81 25 53 42
65 2 87 73 30 49 93 % 93 49 30 73 87 2 65
91 68 2 36 5 36 87 % 87 36 5 36 2 68 91
61 71 51 31 96 24 41 % 41 24 96 31 51 71 61
38 35 21 59 41 40 70 % 70 40 41 59 21 35 38
88 81 9 85 78 21 21 % 21 21 78 85 9 81 88
68 20 73 70 94 50 58 % 58 50 94 70 73 20 68
16 51 58 19 78 86 97 92 20 87 87 98 81 % 81 98 87 87 20 92 97 86 78 19 58 51 16
8 75 35 59 68 5 45 % 45 5 68 59 35 75 8
14 25 61 94 79 80 26 71 49 60 83 4 66 % 66 4 83 60 49 71 26 80 79 94 61 25 14
61 57 82 19 37 1 37 5 44 51 23 79 26 % 26 79 23 51 44 5 37 1 37 19 82 57 61
74 52 97 15 30 17 54 41 28 62 11 69 78 % 78 69 11 62 28 41 54 17 30 15 97 52 74
99 29 32 48 38 68 46 65 78 21 4 63 38 % 38 63 4 21 78 65 46 68 38 48 32 29 99
14 22 82 23 59 11 52 51 48 0 85 23 31 % 31 23 85 0 48 51 52 11 59 23 82 22 14
64 13 91 19 17 99 35 87 26 91 36 73 89 % 89 73 36 91 26 87 35 99 17 19 91 13 64
86 4 63 60 2 43 53 68 87 21 72 40 97 % 97 40 72 21 87 68 53 43 2 60 63 4 86
3 90 72 74 25 2 0 7 64 22 72 94 5 % 5 94 72 22 64 7 0 2 25 74 72 90 3
10 82 12 24 72 26 17 4 19 88 54 37 36 % 36 37 54 88 19 4 17 26 72 24 12 82 10
62 13 13 10 81 66 40 % 40 66 81 10 13 13 62
75 28 54 81 39 19 24 58 44 88 32 92 64 % 64 92 32 88 44 58 24 19 39 81 54 28 75
94 26 23 77 58 58 72 44 55 70 5 84 76 % 76 84 5 70 55 44 72 58 58 77 23 26 94
44 69 96 52 85 45 94 45 73 91 50 51 3 % 3 51 50 91 73 45 94 45 85 52 96 69 44
81 59 7 16 51 18 60 % 60 18 51 16 7 59 81
24 67 7 85 78 50 67 % 67 50 78 85 7 67 24
29 35 28 98 32 59 91 % 91 59 32 98 28 35 29
55 99 11 36 79 25 52 % 52 25 79 36 11 99 55
82 29 43 26 71 19 49 18 55 1 34 96 40 % 40 96 34 1 55 18 49 19 71 26 43 29 82
81 55 43 32 45 35 87 65 2 3 30 34 53 % 53 34 30 3 2 65 87 35 45 32 43 55 81
42 15 3 10 76 33 45 46 74 15 34 80 41 % 41 80 34 15 74 46 45 33 76 10 3 15 42
30 12 46 48 21 30 56 % 56 30 21 48 46 12 30
54 40 54 93 94 22 10 66 69 88 41 30 70 % 70 30 41 88 69 66 10 22 94 93 54 40 54
53 60 78 76 16 82 10 % 10 82 16 76 78 60 53
65 68 55 88 36 82 37 11 77 58 1 9 50 % 50 9 1 58 77 11 37 82 36 88 55 68 65
31 79 67 13 51 29 18 74 74 11 23 9 2 % 2 9 23 11 74 74 18 29 51 13 67 79 31
93 78 63 53 8 31 45 52 76 39 31 7 65 % 65 7 31 39 76 52 45 31 8 53 63 78 93
88 30 18 86 84 75 79 % 79 75 84 86 18 30 88
88 33 60 23 2 50 47 72 42 55 92 78 19 % 19 78 92 55 42 72 47 50 2 23 60 33 88
5 55 7 28 75 42 91 49 73 50 51 52 41 % 41 52 51 50 73 49 91 42 75 28 7 55 5
97 77 17 0 0 61 9 % 9 61 0 0 17 77 97
35 34 77 82 21 32 53 % 53 32 21 82 77 34 35
24 84 95 39 62 53 22 % 22 53 62 39 95 84 24
15 75 72 20 96 16 51 % 51 16 96 20 72 75 15
59 63 22 37 84 28 88 61 9 79 37 7 49 % 49 7 37 79 9 61 88 28 84 37 22 63 59
25 2 33 56 40 14 11 3 93 55 17 47 13 % 13 47 17 55 93 3 11 14 40 56 33 2 25
1 25 72 13 83 56 46 7 2 62 17 64 47 % 47 64 17 62 2 7 46 56 83 13 72 25 1
93 86 41 35 37 11 12 49 47 10 49 87 41 % 41 87 49 10 47 49 12 11 37 35 41 86 93
4 44 3 45 61 70 82 % 82 70 61 45 3 44 4
33 95 7 25 96 62 8 % 8 62 96 25 7 95 33
63 49 5 25 42 30 8 % 8 30 42 25 5 49 63
45 75 11 71 48 49 92 % 92 49 48 71 11 75 45
45 22 44 35 4 93 56 45 54 28 92 16 41 % 41 16 92 28 54 45 56 93 4 35 44 22 45
54 34 71 82 90 50 27 52 73 80 93 88 60 % 60 88 93 80 73 52 27 50 90 82 71 34 54
59 91 56 74 20 62 56 70 5 59 22 52 65 % 65 52 22 59 5 70 56 62 20 74 56 91 59
7 9 26 96 94 20 84 % 84 20 94 96 26 9 7
89 99 21 13 84 77 74 % 74 77 84 13 21 99 89
13 96 76 29 98 8 2 94 56 52 15 40 1 % 1 40 15 52 56 94 2 8 98 29 76 96 13
33 87 72 56 52 30 53 96 53 4 75 68 8 % 8 68 75 4 53 96 53 30 52 56 72 87 33
63 50 8 90 60 6 18 % 18 6 60 90 8 50 63
58 21 67 9 51 30 45 98 20 50 1 98 16 % 16 98 1 50 20 98 45 30 51 9 67 21 58
38 74 38 20 31 93 77 % 77 93 31 20 38 74 38
29 1 27 41 10 12 4 % 4 12 10 41 27 1 29
65 37 78 45 57 59 16 62 74 35 78 40 47 % 47 40 78 35 74 62 16 59 57 45 78 37 65
36 97 62 9 85 93 52 % 52 93 85 9 62 97 36
25 91 10 75 86 10 31 % 31 10 86 75 10 91 25
79 55 0 82 32 95 6 % 6 95 32 82 0 55 79
1 11 3 11 28 2 63 27 91 0 70 95 56 % 56 95 70 0 91 27 63 2 28 11 3 11 1
43 11 79 13 28 21 20 % 20 21 28 13 79 11 43
22 68 5 77 8 21 42 % 42 21 8 77 5 68 22
77 43 0 74 78 92 75 66 71 35 31 90 71 % 71 90 31 35 71 66 75 92 78 74 0 43 77
65 73 99 84 98 45 28 76 40 22 22 95 3 % 3 95 22 22 40 76 28 45 98 84 99 73 65
22 80 78 55 25 88 71 84 49 7 92 31 8 % 8 31 92 7 49 84 71 88 25 55 78 80 22
89 13 64 70 22 27 91 % 91 27 22 70 64 13 89
74 31 0 58 25 2 72 % 72 2 25 58 0 31 74
35 96 35 92 20 35 14 56 93 52 24 28 43 % 43 28 24 52 93 56 14 35 20 92 35 96 35
70 47 29 75 51 24 39 % 39 24 51 75 29 47 70
90 78 67 76 57 71 21 % 21 71 57 76 67 78 90
34 72 76 77 93 81 46 % 46 81 93 77 76 72 34
36 44 89 71 30 23 64 8 11 69 48 60 1 % 1 60 48 69 11 8 64 23 30 71 89 44 36
18 83 80 43 68 68 69 % 69 68 68 43 80 83 18
77 25 3 69 88 27 84 % 84 27 88 69 3 25 77
12 46 72 97 87 70 19 1 15 92 50 55 82 % 82 55 50 92 15 1 19 70 87 97 72 46 12
81 1 63 63 96 18 8 % 8 18 96 63 63 1 81
74 71 31 92 73 43 57 83 68 14 87 78 76 % 76 78 87 14 68 83 57 43 73 92 31 71 74
2 56 34 70 91 59 23 27 71 86 99 11 89 % 89 11 99 86 71 27 23 59 91 70 34 56 2
64 27 99 85 26 79 42 65 77 23 79 20 10 % 10 20 79 23 77 65 42 79 26 85 99 27 64
79 38 76 15 4 10 84 % 84 10 4 15 76 38 79
96 1 27 14 70 20 89 43 33 37 48 2 90 % 90 2 48 37 33 43 89 20 70 14 27 1 96
91 16 74 38 67 33 28 % 28 33 67 38 74 16 91
53 19 16 87 11 32 23 53 65 72 13 30 25 % 25 30 13 72 65 53 23 32 11 87 16 19 53
26 6 81 1 51 29 47 % 47 29 51 1 81 6 26
83 44 55 56 69 76 24 % 24 76 69 56 55 44 83
7 50 30 79 84 95 7 38 56 29 31 11 56 % 56 11 31 29 56 38 7 95 84 79 30 50 7
95 97 5 93 26 76 41 70 26 86 41 39 72 % 72 39 41 86 26 70 41 76 26 93 5 97 95
7 13 10 52 35 88 47 % 47 88 35 52 10 13 7
46 33 93 14 59 86 57 16 70 23 24 47 15 % 15 47 24 23 70 16 57 86 59 14 93 33 46
81 26 49 41 50 37 88 39 15 60 43 55 23 % 23 55 43 60 15 39 88 37 50 41 49 26 81
87 16 81 61 73 10 50 91 40 26 30 34 99 % 99 34 30 26 40 91 50 10 73 61 81 16 87
77 37 25 63 50 7 55 2 49 67 52 37 32 % 32 37 52 67 49 2 55 7 50 63 25 37 77
53 57 31 26 37 2 50 87 28 5 30 50 82 % 82 50 30 5 28 87 50 2 37 26 31 57 53
46 20 12 8 87 23 25 54 31 28 8 40 88 % 88 40 8 28 31 54 25 23 87 8 12 20 46
8 16 39 95 57 71 45 % 45 71 57 95 39 16 8
50 47 82 51 19 22 55 % 55 22 19 51 82 47 50
14 16 45 58 31 24 76 % 76 24 31 58 45 16 14
1 58 54 58 48 49 27 29 23 46 92 1 33 % 33 1 92 46 23 29 27 49 48 58 54 58 1
23 9 60 80 76 17 6 3 13 74 96 10 3 % 3 10 96 74 13 3 6 17 76 80 60 9 23
77 2 73 60 24 40 8 54 76 20 56 99 1 % 1 99 56 20 76 54 8 40 24 60 73 2 77
57 61 72 42 65 43 17 93 4 7 15 5 92 % 92 5 15 7 4 93 17 43 65 42 72 61 57
54 24 79 8 93 61 77 29 85 53 87 79 55 % 55 79 87 53 85 29 77 61 93 8 79 24 54
87 82 80 12 24 69 7 % 7 69 24 12 80 82 87
37 83 95 70 23 26 63 % 63 26 23 70 95 83 37
8 10 79 34 21 85 16 76 1 46 56 79 29 % 29 79 56 46 1 76 16 85 21 34 79 10 8
57 89 33 46 29 48 74 26 96 5 76 46 57 % 57 46 76 5 96 26 74 48 29 46 33 89 57
91 86 77 28 29 86 88 92 55 60 12 70 57 % 57 70 12 60 55 92 88 86 29 28 77 86 91
15 76 17 16 5 15 30 16 29 88 25 70 89 % 89 70 25 88 29 16 30 15 5 16 17 76 15
72 61 76 46 92 79 53 37 42 17 25 26 95 % 95 26 25 17 42 37 53 79 92 46 76 61 72
70 29 26 4 15 38 50 % 50 38 15 4 26 29 70
82 91 20 93 46 67 92 % 92 67 46 93 20 91 82
74 84 22 82 39 71 16 % 16 71 39 82 22 84 74
87 86 37 0 99 12 17 46 26 39 63 55 75 % 75 55 63 39 26 46 17 12 99 0 37 86 87
64 63 13 4 90 73 67 52 50 68 89 60 77 % 77 60 89 68 50 52 67 73 90 4 13 63 64
7 36 15 48 39 51 68 13 23 71 38 21 2 % 2 21 38 71 23 13 68 51 39 48 15 36 7
72 95 55 31 96 75 74 % 74 75 96 31 55 95 72
50 8 99 51 43 74 68 88 89 40 67 70 7 % 7 70 67 40 89 88 68 74 43 51 99 8 50
45 31 20 99 59 13 52 36 86 21 24 88 79 % 79 88 24 21 86 36 52 13 59 99 20 31 45
6 55 38 85 94 95 19 12 88 59 49 95 82 % 82 95 49 59 88 12 19 95 94 85 38 55 6
65 96 70 47 6 52 32 % 32 52 6 47 70 96 65
16 63 2 51 38 18 63 54 6 39 75 28 52 % 52 28 75 39 6 54 63 18 38 51 2 63 16
6 24 18 69 14 71 15 66 70 23 64 54 15 % 15 54 64 23 70 66 15 71 14 69 18 24 6
49 84 71 56 60 50 19 64 94 92 69 40 22 % 22 40 69 92 94 64 19 50 60 56 71 84 49
33 23 30 80 21 66 6 14 81 61 65 62 67 % 67 62 65 61 81 14 6 66 21 80 30 23 33
14 23 26 64 49 29 27 % 27 29 49 64 26 23 14
38 30 60 10 10 35 83 % 83 35 10 10 60 30 38
25 45 28 71 65 3 99 90 37 34 5 34 38 % 38 34 5 34 37 90 99 3 65 71 28 45 25
60 88 26 56 96 40 17 % 17 40 96 56 26 88 60
2 3 87 78 87 39 12 % 12 39 87 78 87 3 2
93 95 0 40 35 52 32 13 46 97 12 0 20 % 20 0 12 97 46 13 32 52 35 40 0 95 93
3 73 84 31 13 30 80 % 80 30 13 31 84 73 3
81 60 50 18 48 30 58 % 58 30 48 18 50 60 81
60 97 74 63 23 96 9 43 56 91 44 45 29 % 29 45 44 91 56 43 9 96 23 63 74 97 60
30 79 72 41 49 42 80 % 80 42 49 41 72 79 30
30 19 40 70 37 74 77 47 40 14 4 99 7 % 7 99 4 14 40 47 77 74 37 70 40 19 30
54 92 84 45 66 93 9 57 6 78 38 6 56 % 56 6 38 78 6 57 9 93 66 45 84 92 54
22 76 42 74 47 52 17 % 17 52 47 74 42 76 22
11 88 8 34 64 55 80 % 80 55 64 34 8 88 11
46 44 68 77 6 96 33 33 51 22 47 49 36 % 36 49 47 22 51 33 33 96 6 77 68 44 46
74 85 83 83 38 7 33 25 21 59 34 73 78 % 78 73 34 59 21 25 33 7 38 83 83 85 74
58 99 53 47 10 57 63 47 19 9 12 75 47 % 47 75 12 9 19 47 63 57 10 47 53 99 58
25 59 54 50 29 22 72 % 72 22 29 50 54 59 25
98 71 1 5 18 85 14 58 22 11 8 37 61 % 61 37 8 11 22 58 14 85 18 5 1 71 98
51 30 20 3 1 39 30 50 35 28 85 61 97 % 97 61 85 28 35 50 30 39 1 3 20 30 51
46 75 47 69 25 53 14 % 14 53 25 69 47 75 46
94 53 39 71 19 65 22 37 94 35 5 93 48 % 48 93 5 35 94 37 22 65 19 71 39 53 94
63 62 40 75 47 89 39 0 48 71 16 29 36 % 36 29 16 71 48 0 39 89 47 75 40 62 63
33 18 40 27 63 15 65 64 99 15 60 62 25 % 25 62 60 15 99 64 65 15 63 27 40 18 33
90 52 35 51 50 51 6 91 37 54 63 5 29 % 29 5 63 54 37 91 6 51 50 51 35 52 90
85 19 91 74 41 76 43 % 43 76 41 74 91 19 85
93 83 21 32 25 40 9 % 9 40 25 32 21 83 93
15 91 62 14 65 21 46 53 56 36 17 22 86 % 86 22 17 36 56 53 46 21 65 14 62 91 15
52 24 68 99 68 37 82 % 82 37 68 99 68 24 52
42 61 5 17 95 37 2 % 2 37 95 17 5 61 42
61 88 13 46 19 54 63 % 63 54 19 46 13 88 61
86 93 23 79 31 83 88 % 88 83 31 79 23 93 86
20 94 59 70 84 42 5 % 5 42 84 70 59 94 20
58 6 62 54 61 74 56 62 97 19 66 63 70 % 70 63 66 19 97 62 56 74 61 54 62 6 58
5 53 21 62 74 29 81 % 81 29 74 62 21 53 5
65 57 95 9 16 45 39 % 39 45 16 9 95 57 65
75 54 15 19 25 59 79 1 85 13 53 54 7 % 7 54 53 13 85 1 79 59 25 19 15 54 75
5 13 53 1 99 9 71 % 71 9 99 1 53 13 5
99 70 32 94 45 96 26 2 98 39 93 46 83 % 83 46 93 39 98 2 26 96 45 94 32 70 99
74 51 59 98 38 20 12 % 12 20 38 98 59 51 74
6 94 7 82 1 99 24 % 24 99 1 82 7 94 6
36 17 22 70 52 49 77 70 55 20 4 99 88 % 88 99 4 20 55 70 77 49 52 70 22 17 36
4 76 72 14 53 94 33 49 24 72 42 38 48 % 48 38 42 72 24 49 33 94 53 14 72 76 4
40 32 83 91 33 63 77 90 37 78 54 30 49 % 49 30 54 78 37 90 77 63 33 91 83 32 40
76 59 17 8 84 87 52 92 92 3 50 72 31 % 31 72 50 3 92 92 52 87 84 8 17 59 76
46 77 26 81 88 7 20 % 20 7 88 81 26 77 46
20 54 23 3 55 55 93 % 93 55 55 3 23 54 20
24 29 30 36 97 74 98 % 98 74 97 36 30 29 24
94 47 0 63 77 90 16 % 16 90 77 63 0 47 94
22 53 2 57 63 31 75 90 14 67 27 52 45 % 45 52 27 67 14 90 75 31 63 57 2 53 22
44 56 8 89 55 57 37 % 37 57 55 89 8 56 44
93 62 74 54 71 35 35 % 35 35 71 54 74 62 93
93 23 44 61 19 15 52 77 72 65 46 48 49 % 49 48 46 65 72 77 52 15 19 61 44 23 93
42 68 82 8 74 86 18 72 41 71 71 2 20 % 20 2 71 71 41 72 18 86 74 8 82 68 42
15 22 10 24 16 77 55 86 96 67 56 41 53 % 53 41 56 67 96 86 55 77 16 24 10 22 15
5 21 3 74 14 23 88 99 78 58 62 79 69 % 69 79 62 58 78 99 88 23 14 74 3 21 5
99 92 46 88 81 20 58 15 59 17 35 76 35 % 35 76 35 17 59 15 58 20 81 88 46 92 99
49 33 17 74 99 98 34 24 63 6 72 59 71 % 71 59 72 6 63 24 34 98 99 74 17 33 49
12 41 50 39 60 0 75 % 75 0 60 39 50 41 12
79 8 45 21 61 10 48 30 25 15 14 13 26 % 26 13 14 15 25 30 48 10 61 21 45 8 79
39 50 85 19 50 84 39 46 12 0 43 74 17 % 17 74 43 0 12 46 39 84 50 19 85 50 39
67 45 18 93 72 5 6 27 75 78 94 77 84 % 84 77 94 78 75 27 6 5 72 93 18 45 67
18 28 74 9 12 93 74 64 80 17 42 97 71 % 71 97 42 17 80 64 74 93 12 9 74 28 18
75 18 76 35 20 2 50 90 31 35 61 73 30 % 30 73 61 35 31 90 50 2 20 35 76 18 75
66 28 28 77 86 19 52 30 69 32 2 57 19 % 19 57 2 32 69 30 52 19 86 77 28 28 66
8 44 60 96 21 60 21 % 21 60 21 96 60 44 8
4 4 48 38 21 8 45 % 45 8 21 38 48 4 4
70 60 61 56 79 59 5 % 5 59 79 56 61 60 70
73 42 48 38 28 55 53 % 53 55 28 38 48 42 73
48 83 13 56 97 21 82 % 82 21 97 56 13 83 48
57 71 6 17 40 16 74 % 74 16 40 17 6 71 57
35 87 62 92 2 31 86 % 86 31 2 92 62 87 35
34 4 61 55 64 79 78 % 78 79 64 55 61 4 34
55 86 32 25 12 98 86 % 86 98 12 25 32 86 55
9 9 46 57 25 78 76 % 76 78 25 57 46 9 9
22 14 50 59 42 51 33 % 33 51 42 59 50 14 22
81 2 64 48 43 41 44 30 93 53 78 8 89 % 89 8 78 53 93 30 44 41 43 48 64 2 81
82 53 13 60 6 88 1 23 64 86 85 89 55 % 55 89 85 86 64 23 1 88 6 60 13 53 82
46 5 45 48 27 0 9 % 9 0 27 48 45 5 46
3 41 74 66 81 61 69 65 71 27 57 71 25 % 25 71 57 27 71 65 69 61 81 66 74 41 3
24 99 76 25 65 19 60 61 28 84 89 23 14 % 14 23 89 84 28 61 60 19 65 25 76 99 24
65 56 32 36 94 56 58 % 58 56 94 36 32 56 65
25 96 47 9 46 93 29 % 29 93 46 9 47 96 25
61 66 91 67 32 38 48 48 50 78 25 9 96 % 96 9 25 78 50 48 48 38 32 67 91 66 61
52 93 90 35 89 80 27 % 27 80 89 35 90 93 52
43 32 44 38 66 23 96 60 89 51 0 87 47 % 47 87 0 51 89 60 96 23 66 38 44 32 43
32 64 47 20 21 62 54 % 54 62 21 20 47 64 32
84 14 57 70 60 76 69 11 79 90 31 66 46 % 46 66 31 90 79 11 69 76 60 70 57 14 84
19 57 60 61 3 34 59 8 26 84 56 64 12 % 12 64 56 84 26 8 59 34 3 61 60 57 19
94 67 99 70 13 95 51 % 51 95 13 70 99 67 94
47 99 80 73 95 17 38 56 14 61 31 65 76 % 76 65 31 61 14 56 38 17 95 73 80 99 47
64 81 97 19 41 24 3 % 3 24 41 19 97 81 64
6 22 76 88 97 94 65 % 65 94 97 88 76 22 6
92 92 99 94 33 61 52 79 64 17 42 54 73 % 73 54 42 17 64 79 52 61 33 94 99 92 92
67 43 94 82 39 93 18 80 2 54 6 48 52 % 52 48 6 54 2 80 18 93 39 82 94 43 67
87 39 67 17 3 30 77 % 77 30 3 17 67 39 87
78 38 36 31 28 69 92 % 92 69 28 31 36 38 78
68 11 32 25 25 25 35 % 35 25 25 25 32 11 68
66 71 78 54 71 78 90 40 25 1 27 76 23 % 23 76 27 1 25 40 90 78 71 54 78 71 66
40 98 82 76 80 22 65 % 65 22 80 76 82 98 40
71 20 30 40 41 38 8 31 78 57 46 52 9 % 9 52 46 57 78 31 8 38 41 40 30 20 71
37 59 32 59 13 1 97 % 97 1 13 59 32 59 37
47 19 3 27 12 95 63 % 63 95 12 27 3 19 47
80 64 55 6 12 41 87 % 87 41 12 6 55 64 80
63 32 64 4 9 79 4 % 4 79 9 4 64 32 63
41 13 25 67 49 90 48 % 48 90 49 67 25 13 41
81 68 0 74 28 38 55 66 20 43 92 93 12 % 12 93 92 43 20 66 55 38 28 74 0 68 81
89 91 40 72 13 81 78 % 78 81 13 72 40 91 89
89 19 5 20 72 57 97 % 97 57 72 20 5 19 89
51 45 84 10 64 28 57 % 57 28 64 10 84 45 51
64 18 13 24 26 90 24 72 67 9 99 20 91 % 91 20 99 9 67 72 24 90 26 24 13 18 64
2 91 37 82 89 15 13 % 13 15 89 82 37 91 2
33 42 45 78 69 17 44 92 44 52 1 2 17 % 17 2 1 52 44 92 44 17 69 78 45 42 33
50 62 90 97 37 63 39 22 71 60 53 34 43 % 43 34 53 60 71 22 39 63 37 97 90 62 50
87 12 38 28 71 51 15 % 15 51 71 28 38 12 87
69 23 92 90 31 72 65 83 48 62 27 75 75 % 75 75 27 62 48 83 65 72 31 90 92 23 69
96 22 20 65 37 45 87 % 87 45 37 65 20 22 96
19 33 34 94 25 49 41 3 35 7 81 64 57 % 57 64 81 7 35 3 41 49 25 94 34 33 19
42 4 51 80 78 83 13 9 11 80 48 40 37 % 37 40 48 80 11 9 13 83 78 80 51 4 42
41 95 17 19 57 93 13 % 13 93 57 19 17 95 41
83 43 25 77 30 82 89 % 89 82 30 77 25 43 83
3 42 49 78 57 26 84 % 84 26 57 78 49 42 3
0 60 80 96 13 22 21 33 28 26 60 56 91 % 91 56 60 26 28 33 21 22 13 96 80 60 0
53 64 20 9 90 36 89 48 41 21 0 10 96 % 96 10 0 21 41 48 89 36 90 9 20 64 53
94 86 90 89 85 80 42 % 42 80 85 89 90 86 94
93 87 28 80 27 67 15 % 15 67 27 80 28 87 93
98 90 98 76 40 59 22 % 22 59 40 76 98 90 98
84 73 69 13 12 37 96 % 96 37 12 13 69 73 84
29 10 36 2 42 57 50 % 50 57 42 2 36 10 29
3 77 75 87 50 97 71 % 71 97 50 87 75 77 3
36 65 63 76 30 21 90 77 87 5 19 47 54 % 54 47 19 5 87 77 90 21 30 76 63 65 36
95 2 37 63 88 32 4 79 28 95 1 55 25 % 25 55 1 95 28 79 4 32 88 63 37 2 95
16 42 14 6 11 19 79 % 79 19 11 6 14 42 16
81 61 93 43 76 58 60 62 0 57 49 76 97 % 97 76 49 57 0 62 60 58 76 43 93 61 81
63 38 7 86 1 77 12 % 12 77 1 86 7 38 63
14 23 71 20 82 9 35 91 71 26 29 40 24 % 24 40 29 26 71 91 35 9 82 20 71 23 14
92 83 1 14 8 95 19 75 24 26 2 53 25 % 25 53 2 26 24 75 19 95 8 14 1 83 92
54 36 2 73 61 90 72 97 3 19 45 25 36 % 36 25 45 19 3 97 72 90 61 73 2 36 54
24 76 15 17 24 12 89 % 89 12 24 17 15 76 24
27 80 98 84 60 68 43 % 43 68 60 84 98 80 27
36 38 79 37 38 43 1 88 67 28 49 6 27 % 27 6 49 28 67 88 1 43 38 37 79 38 36
64 77 17 81 1 53 22 % 22 53 1 81 17 77 64
43 52 30 81 95 69 5 35 3 53 23 64 82 % 82 64 23 53 3 35 5 69 95 81 30 52 43
32 18 61 69 84 92 68 % 68 92 84 69 61 18 32
0 56 91 82 12 53 45 48 70 98 53 72 29 % 29 72 53 98 70 48 45 53 12 82 91 56 0
28 41 32 21 18 10 59 39 14 50 72 72 1 % 1 72 72 50 14 39 59 10 18 21 32 41 28
12 91 31 58 12 63 67 % 67 63 12 58 31 91 12
72 27 59 47 4 2 2 21 85 89 86 61 35 % 35 61 86 89 85 21 2 2 4 47 59 27 72
12 15 32 26 37 67 2 % 2 67 37 26 32 15 12
32 43 48 78 72 58 90 % 90 58 72 78 48 43 32
90 45 30 51 1 97 34 25 44 96 19 58 90 % 90 58 19 96 44 25 34 97 1 51 30 45 90
29 39 28 77 50 53 94 % 94 53 50 77 28 39 29
6 78 57 32 23 11 44 % 44 11 23 32 57 78 6
18 15 55 44 2 57 27 % 27 57 2 44 55 15 18
33 77 18 72 96 25 55 18 0 66 37 13 77 % 77 13 37 66 0 18 55 25 96 72 18 77 33
77 35 28 75 25 39 11 59 51 81 44 57 52 % 52 57 44 81 51 59 11 39 25 75 28 35 77
77 5 25 47 15 65 61 91 8 65 40 29 65 % 65 29 40 65 8 91 61 65 15 47 25 5 77
89 1 80 7 24 49 56 86 79 21 21 51 82 % 82 51 21 21 79 86 56 49 24 7 80 1 89
89 1 64 74 89 90 21 % 21 90 89 74 64 1 89
2 55 16 19 96 96 4 % 4 96 96 19 16 55 2
17 60 33 36 87 80 78 45 56 84 38 14 97 % 97 14 38 84 56 45 78 80 87 36 33 60 17
35 23 48 4 45 14 81 99 85 85 19 66 88 % 88 66 19 85 85 99 81 14 45 4 48 23 35
86 58 41 96 16 28 99 % 99 28 16 96 41 58 86
65 38 46 29 69 27 68 56 47 77 77 42 70 % 70 42 77 77 47 56 68 27 69 29 46 38 65
61 70 72 1 98 39 17 % 17 39 98 1 72 70 61
73 7 65 52 21 96 24 % 24 96 21 52 65 7 73
77 85 50 38 68 34 8 % 8 34 68 38 50 85 77
27 61 6 85 14 84 2 % 2 84 14 85 6 61 27
25 47 25 45 63 12 88 64 93 31 29 56 57 % 57 56 29 31 93 64 88 12 63 45 25 47 25
4 69 30 60 13 33 33 % 33 33 13 60 30 69 4
54 19 39 48 32 93 53 % 53 93 32 48 39 19 54
38 49 52 36 76 25 84 % 84 25 76 36 52 49 38
94 91 49 99 55 87 25 8 66 2 99 18 75 % 75 18 99 2 66 8 25 87 55 99 49 91 94
5 92 25 23 81 45 63 % 63 45 81 23 25 92 5
92 1 65 45 65 44 23 % 23 44 65 45 65 1 92
29 71 39 62 3 8 59 % 59 8 3 62 39 71 29
31 53 45 81 79 67 77 48 53 2 81 34 48 % 48 34 81 2 53 48 77 67 79 81 45 53 31
82 9 18 49 58 78 53 % 53 78 58 49 18 9 82
99 62 99 67 14 73 63 % 63 73 14 67 99 62 99
40 32 23 52 59 59 37 % 37 59 59 52 23 32 40
41 59 31 1 6 22 10 42 57 73 40 45 5 % 5 45 40 73 57 42 10 22 6 1 31 59 41
90 50 44 13 46 74 16 % 16 74 46 13 44 50 90
11 66 19 0 50 66 68 % 68 66 50 0 19 66 11
6 43 77 16 17 66 0 % 0 66 17 16 77 43 6
49 75 71 30 13 76 81 32 76 12 42 91 71 % 71 91 42 12 76 32 81 76 13 30 71 75 49
46 26 60 53 41 74 92 12 24 64 78 92 3 % 3 92 78 64 24 12 92 74 41 53 60 26 46
39 73 13 29 79 45 27 % 27 45 79 29 13 73 39
73 68 50 58 48 32 65 % 65 32 48 58 50 68 73
93 98 19 12 82 97 40 % 40 97 82 12 19 98 93
52 76 77 52 26 52 66 % 66 52 26 52 77 76 52
25 23 56 68 45 42 19 71 26 72 81 0 67 % 67 0 81 72 26 71 19 42 45 68 56 23 25
70 56 12 80 11 22 11 % 11 22 11 80 12 56 70
31 16 83 87 3 24 95 10 95 15 43 37 48 % 48 37 43 15 95 10 95 24 3 87 83 16 31
33 69 99 58 28 9 3 % 3 9 28 58 99 69 33
56 4 36 41 50 31 87 % 87 31 50 41 36 4 56
79 0 17 21 15 62 48 % 48 62 15 21 17 0 79
73 72 28 22 1 3 30 % 30 3 1 22 28 72 73
2 5 91 8 82 0 9 59 2 92 41 41 27 % 27 41 41 92 2 59 9 0 82 8 91 5 2
82 17 8 16 89 45 12 3 44 27 46 34 5 % 5 34 46 27 44 3 12 45 89 16 8 17 82
17 23 53 97 47 90 31 62 51 40 78 45 70 % 70 45 78 40 51 62 31 90 47 97 53 23 17
79 8 56 2 8 87 25 18 47 59 12 78 42 % 42 78 12 59 47 18 25 87 8 2 56 8 79
81 18 44 36 14 68 77 65 42 73 44 41 84 % 84 41 44 73 42 65 77 68 14 36 44 18 81
28 76 4 99 25 85 48 47 3 23 4 9 20 % 20 9 4 23 3 47 48 85 25 99 4 76 28
63 54 94 76 67 11 5 92 78 82 60 57 24 % 24 57 60 82 78 92 5 11 67 76 94 54 63
80 49 7 63 30 17 65 % 65 17 30 63 7 49 80
97 97 16 89 26 50 18 38 41 44 32 88 5 % 5 88 32 44 41 38 18 50 26 89 16 97 97
8 25 34 44 29 57 7 65 34 63 3 83 18 % 18 83 3 63 34 65 7 57 29 44 34 25 8
9 30 46 68 28 38 8 86 50 52 36 44 67 % 67 44 36 52 50 86 8 38 28 68 46 30 9
98 21 39 65 41 11 91 47 6 35 77 8 82 % 82 8 77 35 6 47 91 11 41 65 39 21 98
24 54 50 59 36 88 59 % 59 88 36 59 50 54 24
42 9 27 28 1 16 78 86 53 94 38 77 7 % 7 77 38 94 53 86 78 16 1 28 27 9 42
13 17 67 17 90 15 19 % 19 15 90 17 67 17 13
16 45 47 71 27 62 50 1 33 29 3 33 30 % 30 33 3 29 33 1 50 62 27 71 47 45 16
34 21 83 44 57 30 48 0 13 53 48 54 75 % 75 54 48 53 13 0 48 30 57 44 83 21 34
49 67 84 44 16 20 92 94 45 92 43 43 34 % 34 43 43 92 45 94 92 20 16 44 84 67 49
31 52 74 73 68 12 96 % 96 12 68 73 74 52 31
22 52 39 95 28 79 0 66 10 86 75 82 55 % 55 82 75 86 10 66 0 79 28 95 39 52 22
0 63 44 27 73 53 40 % 40 53 73 27 44 63 0
64 58 60 58 72 69 78 % 78 69 72 58 60 58 64
29 74 50 5 10 86 94 % 94 86 10 5 50 74 29
3 35 96 69 4 70 36 77 40 36 95 15 10 % 10 15 95 36 40 77 36 70 4 69 96 35 3
56 91 21 34 57 64 49 41 46 57 77 46 46 % 46 46 77 57 46 41 49 64 57 34 21 91 56
33 81 98 41 54 61 14 % 14 61 54 41 98 81 33
37 31 66 90 33 29 79 40 69 41 96 33 42 % 42 33 96 41 69 40 79 29 33 90 66 31 37
81 33 75 77 81 56 94 % 94 56 81 77 75 33 81
16 30 17 59 54 10 34 % 34 10 54 59 17 30 16
73 9 66 77 60 15 42 % 42 15 60 77 66 9 73
14 35 96 91 98 42 17 77 70 5 75 35 71 % 71 35 75 5 70 77 17 42 98 91 96 35 14
97 82 5 0 88 95 33 % 33 95 88 0 5 82 97
46 87 93 88 59 51 35 19 58 27 46 91 11 % 11 91 46 27 58 19 35 51 59 88 93 87 46
81 84 23 52 40 99 65 % 65 99 40 52 23 84 81
47 61 33 53 71 66 41 % 41 66 71 53 33 61 47
76 79 13 39 90 94 45 65 35 53 28 59 9 % 9 59 28 53 35 65 45 94 90 39 13 79 76
32 18 26 75 86 77 47 57 84 20 28 83 31 % 31 83 28 20 84 57 47 77 86 75 26 18 32
33 29 86 58 37 18 77 % 77 18 37 58 86 29 33
11 97 46 43 46 16 44 % 44 16 46 43 46 97 11
25 99 62 86 10 7 12 57 47 34 18 55 30 % 30 55 18 34 47 57 12 7 10 86 62 99 25
55 34 6 98 9 36 32 3 38 70 61 46 19 % 19 46 61 70 38 3 32 36 9 98 6 34 55
94 76 6 38 86 54 40 85 1 3 65 26 0 % 0 26 65 3 1 85 40 54 86 38 6 76 94
51 92 13 18 25 55 54 5 37 28 85 22 59 % 59 22 85 28 37 5 54 55 25 18 13 92 51
90 32 17 99 12 26 78 25 41 50 60 89 56 % 56 89 60 50 41 25 78 26 12 99 17 32 90
19 43 19 74 62 57 97 % 97 57 62 74 19 43 19
86 56 60 0 67 64 30 46 54 89 80 10 69 % 69 10 80 89 54 46 30 64 67 0 60 56 86
32 87 35 9 90 17 36 16 44 5 86 17 92 % 92 17 86 5 44 16 36 17 90 9 35 87 32
3 23 16 89 85 75 60 96 67 5 26 16 50 % 50 16 26 5 67 96 60 75 85 89 16 23 3
51 46 55 46 49 13 92 24 12 90 87 4 4 % 4 4 87 90 12 24 92 13 49 46 55 46 51
97 41 72 84 69 70 79 0 66 81 22 44 7 % 7 44 22 81 66 0 79 70 69 84 72 41 97
60 92 66 78 6 96 6 60 86 77 73 7 48 % 48 7 73 77 86 60 6 96 6 78 66 92 60
43 40 7 74 99 57 68 54 90 40 23 33 7 % 7 33 23 40 90 54 68 57 99 74 7 40 43
97 46 77 46 97 49 81 66 80 16 3 51 46 % 46 51 3 16 80 66 81 49 97 46 77 46 97
52 46 17 75 42 85 7 32 28 79 16 41 3 % 3 41 16 79 28 32 7 85 42 75 17 46 52
75 40 37 1 74 96 76 % 76 96 74 1 37 40 75
18 60 42 8 43 24 76 % 76 24 43 8 42 60 18
19 46 7 34 77 20 41 66 54 35 95 80 41 % 41 80 95 35 54 66 41 20 77 34 7 46 19
88 85 16 68 79 10 55 % 55 10 79 68 16 85 88
27 80 21 78 62 40 87 84 84 68 29 84 15 % 15 84 29 68 84 84 87 40 62 78 21 80 27
71 92 3 59 93 52 53 33 52 59 64 60 25 % 25 60 64 59 52 33 53 52 93 59 3 92 71
52 83 89 19 28 36 18 % 18 36 28 19 89 83 52
2 38 65 80 18 37 11 52 39 73 16 27 18 % 18 27 16 73 39 52 11 37 18 80 65 38 2
48 7 98 37 66 68 90 % 90 68 66 37 98 7 48
42 78 36 74 76 3 14 % 14 3 76 74 36 78 42
22 9 5 40 43 16 46 89 84 80 26 95 91 % 91 95 26 80 84 89 46 16 43 40 5 9 22
6 85 10 1 38 21 8 65 71 0 80 79 69 % 69 79 80 0 71 65 8 21 38 1 10 85 6
80 82 21 33 93 74 40 % 40 74 93 33 21 82 80
39 58 26 78 15 78 87 69 91 94 11 65 50 % 50 65 11 94 91 69 87 78 15 78 26 58 39
9 67 71 4 59 43 72 % 72 43 59 4 71 67 9
48 80 66 4 54 96 50 44 8 27 77 40 90 % 90 40 77 27 8 44 50 96 54 4 66 80 48
36 85 46 96 48 50 71 % 71 50 48 96 46 85 36
4 74 30 75 45 8 26 % 26 8 45 75 30 74 4
8 74 63 67 97 17 57 29 69 97 99 74 1 % 1 74 99 97 69 29 57 17 97 67 63 74 8
56 99 70 77 2 51 88 74 77 34 84 28 81 % 81 28 84 34 77 74 88 51 2 77 70 99 56
64 95 22 0 3 49 57 % 57 49 3 0 22 95 64
54 96 57 26 65 93 17 % 17 93 65 26 57 96 54
85 29 61 41 25 31 79 % 79 31 25 41 61 29 85
93 22 2 68 50 52 27 50 17 88 91 51 40 % 40 51 91 88 17 50 27 52 50 68 2 22 93
43 60 81 5 79 41 80 75 55 78 83 0 90 % 90 0 83 78 55 75 80 41 79 5 81 60 43
29 70 23 99 14 13 9 64 19 30 96 75 4 % 4 75 96 30 19 64 9 13 14 99 23 70 29
22 91 19 54 32 2 94 78 32 29 44 59 80 % 80 59 44 29 32 78 94 2 32 54 19 91 22
23 77 3 37 8 22 51 21 89 74 5 44 11 % 11 44 5 74 89 21 51 22 8 37 3 77 23
87 90 18 60 67 57 38 90 23 46 9 40 79 % 79 40 9 46 23 90 38 57 67 60 18 90 87
72 55 29 66 94 77 98 79 79 65 76 63 71 % 71 63 76 65 79 79 98 77 94 66 29 55 72
25 88 1 52 98 4 44 % 44 4 98 52 1 88 25
31 28 93 12 71 98 13 % 13 98 71 12 93 28 31
10 9 76 47 19 91 56 % 56 91 19 47 76 9 10
31 44 52 6 34 43 49 42 18 38 87 13 47 % 47 13 87 38 18 42 49 43 34 6 52 44 31
21 63 96 58 88 80 24 % 24 80 88 58 96 63 21
99 72 58 80 42 92 56 34 58 17 10 83 97 % 97 83 10 17 58 34 56 92 42 80 58 72 99
63 32 14 60 48 18 43 5 26 74 97 9 68 % 68 9 97 74 26 5 43 18 48 60 14 32 63
19 27 53 97 45 90 43 28 42 94 67 59 0 % 0 59 67 94 42 28 43 90 45 97 53 27 19
90 19 93 99 36 62 59 % 59 62 36 99 93 19 90
1 81 51 41 61 69 50 % 50 69 61 41 51 81 1
67 14 40 54 39 46 28 % 28 46 39 54 40 14 67
49 76 19 4 36 32 72 1 60 70 16 94 36 % 36 94 16 70 60 1 72 32 36 4 19 76 49
52 87 81 26 2 93 71 33 89 56 26 10 37 % 37 10 26 56 89 33 71 93 2 26 81 87 52
29 21 55 4 38 65 0 14 86 63 10 59 60 % 60 59 10 63 86 14 0 65 38 4 55 21 29
53 62 0 86 5 66 65 93 34 73 55 79 92 % 92 79 55 73 34 93 65 66 5 86 0 62 53
22 48 82 89 89 18 58 28 99 78 54 98 56 % 56 98 54 78 99 28 58 18 89 89 82 48 22
85 88 82 30 48 39 6 % 6 39 48 30 82 88 85
42 58 17 99 39 33 78 % 78 33 39 99 17 58 42
73 97 0 50 98 69 68 75 17 71 87 30 68 % 68 30 87 71 17 75 68 69 98 50 0 97 73
36 89 4 91 75 85 0 % 0 85 75 91 4 89 36
61 74 8 65 60 59 28 51 46 2 65 56 76 % 76 56 65 2 46 51 28 59 60 65 8 74 61
0 86 73 73 59 83 75 % 75 83 59 73 73 86 0
43 17 37 20 2 37 77 44 29 32 55 70 89 % 89 70 55 32 29 44 77 37 2 20 37 17 43
70 22 33 64 68 82 32 10 5 71 41 46 74 % 74 46 41 71 5 10 32 82 68 64 33 22 70
56 94 92 20 44 74 82 % 82 74 44 20 92 94 56
83 71 12 95 78 54 30 % 30 54 78 95 12 71 83
72 62 58 52 30 66 7 5 1 34 38 88 61 % 61 88 38 34 1 5 7 66 30 52 58 62 72
47 17 31 97 65 56 34 96 68 9 32 69 60 % 60 69 32 9 68 96 34 56 65 97 31 17 47
37 78 14 6 31 59 84 % 84 59 31 6 14 78 37
60 57 96 30 36 42 42 52 32 91 86 23 41 % 41 23 86 91 32 52 42 42 36 30 96 57 60
23 2 15 97 9 74 39 % 39 74 9 97 15 2 23
58 4 71 75 62 46 31 35 17 51 74 16 73 % 73 16 74 51 17 35 31 46 62 75 71 4 58
4 81 17 64 80 34 26 88 15 82 92 88 27 % 27 88 92 82 15 88 26 34 80 64 17 81 4
35 74 34 36 95 10 98 % 98 10 95 36 34 74 35
51 78 47 81 48 5 32 % 32 5 48 81 47 78 51
84 84 68 38 85 5 49 % 49 5 85 38 68 84 84
2 59 78 17 9 46 68 91 26 1 65 84 7 % 7 84 65 1 26 91 68 46 9 17 78 59 2
93 62 84 5 71 59 15 80 25 84 2 72 30 % 30 72 2 84 25 80 15 59 71 5 84 62 93
76 17 8 10 60 46 65 % 65 46 60 10 8 17 76
70 82 28 23 2 91 20 90 69 83 89 85 99 % 99 85 89 83 69 90 20 91 2 23 28 82 70
62 84 93 68 5 75 81 % 81 75 5 68 93 84 62
61 64 12 27 48 10 83 44 56 10 95 57 20 % 20 57 95 10 56 44 83 10 48 27 12 64 61
92 81 15 91 64 21 98 % 98 21 64 91 15 81 92
3 17 9 15 49 20 48 5 75 54 54 68 44 % 44 68 54 54 75 5 48 20 49 15 9 17 3
74 86 93 75 7 71 63 % 63 71 7 75 93 86 74
36 87 33 26 76 31 43 % 43 31 76 26 33 87 36
21 41 28 71 49 52 95 14 33 43 12 13 16 % 16 13 12 43 33 14 95 52 49 71 28 41 21
76 70 8 46 48 37 81 % 81 37 48 46 8 70 76
15 61 25 81 46 21 3 % 3 21 46 81 25 61 15
15 68 41 18 68 93 10 % 10 93 68 18 41 68 15
5 97 91 37 16 59 14 20 69 97 93 26 77 % 77 26 93 97 69 20 14 59 16 37 91 97 5
64 59 16 20 38 14 71 82 26 72 47 68 17 % 17 68 47 72 26 82 71 14 38 20 16 59 64
20 48 1 38 74 17 97 % 97 17 74 38 1 48 20
48 84 0 70 9 6 8 % 8 6 9 70 0 84 48
62 62 35 24 72 26 73 % 73 26 72 24 35 62 62
12 77 40 39 69 20 30 % 30 20 69 39 40 77 12
0 48 46 28 16 96 17 % 17 96 16 28 46 48 0
91 53 46 2 10 58 82 98 60 10 12 23 4 % 4 23 12 10 60 98 82 58 10 2 46 53 91
25 51 87 34 52 54 52 % 52 54 52 34 87 51 25
37 67 75 62 14 55 40 % 40 55 14 62 75 67 37
56 95 75 27 59 69 83 % 83 69 59 27 75 95 56
68 59 50 85 44 14 81 % 81 14 44 85 50 59 68
71 20 75 28 87 39 78 74 65 88 38 63 10 % 10 63 38 88 65 74 78 39 87 28 75 20 71
51 25 87 6 29 28 96 28 61 47 52 45 38 % 38 45 52 47 61 28 96 28 29 6 87 25 51
36 49 53 96 53 24 81 47 17 95 85 80 40 % 40 80 85 95 17 47 81 24 53 96 53 49 36
8 83 23 26 65 87 91 85 76 64 34 55 49 % 49 55 34 64 76 85 91 87 65 26 23 83 8
7 76 56 67 35 76 94 89 8 13 94 49 36 % 36 49 94 13 8 89 94 76 35 67 56 76 7
71 66 67 3 79 66 5 55 5 46 86 65 12 % 12 65 86 46 5 55 5 66 79 3 67 66 71
38 9 37 38 98 64 32 25 62 21 94 86 94 % 94 86 94 21 62 25 32 64 98 38 37 9 38
6 71 37 88 91 60 12 % 12 60 91 88 37 71 6
65 92 23 16 37 66 8 69 9 7 4 75 67 % 67 75 4 7 9 69 8 66 37 16 23 92 65
8 62 4 14 80 94 70 % 70 94 80 14 4 62 8
16 14 0 4 57 48 73 20 77 95 16 12 97 % 97 12 16 95 77 20 73 48 57 4 0 14 16
24 18 34 46 73 79 37 % 37 79 73 46 34 18 24
90 24 86 75 61 59 64 96 31 27 0 5 79 % 79 5 0 27 31 96 64 59 61 75 86 24 90
13 51 98 0 72 59 70 20 5 25 10 27 81 % 81 27 10 25 5 20 70 59 72 0 98 51 13
29 22 56 61 28 88 63 % 63 88 28 61 56 22 29
81 79 68 24 80 47 82 61 17 59 40 49 35 % 35 49 40 59 17 61 82 47 80 24 68 79 81
47 54 51 69 65 35 53 6 79 23 93 83 65 % 65 83 93 23 79 6 53 35 65 69 51 54 47
23 64 88 43 10 26 40 % 40 26 10 43 88 64 23
31 38 69 89 46 95 26 74 87 7 47 93 17 % 17 93 47 7 87 74 26 95 46 89 69 38 31
95 20 74 61 80 32 94 5 62 76 37 70 53 % 53 70 37 76 62 5 94 32 80 61 74 20 95
48 29 47 15 38 4 67 % 67 4 38 15 47 29 48
94 51 68 20 97 20 74 % 74 20 97 20 68 51 94
3 91 48 50 3 43 27 % 27 43 3 50 48 91 3
78 48 75 50 64 59 95 89 0 43 64 1 3 % 3 1 64 43 0 89 95 59 64 50 75 48 78
66 13 92 12 56 27 54 % 54 27 56 12 92 13 66
99 44 27 10 31 67 59 53 44 22 5 66 66 % 66 66 5 22 44 53 59 67 31 10 27 44 99
29 22 52 15 66 79 49 % 49 79 66 15 52 22 29
45 51 84 24 32 10 15 % 15 10 32 24 84 51 45
20 11 66 92 50 10 38 % 38 10 50 92 66 11 20
1 12 49 26 55 16 56 22 31 87 26 36 10 % 10 36 26 87 31 22 56 16 55 26 49 12 1
61 61 41 53 78 92 26 % 26 92 78 53 41 61 61
88 63 7 47 17 42 35 22 54 17 50 11 2 % 2 11 50 17 54 22 35 42 17 47 7 63 88
13 9 44 72 63 47 64 87 43 91 96 16 72 % 72 16 96 91 43 87 64 47 63 72 44 9 13
39 29 40 96 23 87 5 % 5 87 23 96 40 29 39
65 34 37 22 57 38 28 % 28 38 57 22 37 34 65
36 78 24 76 5 9 28 % 28 9 5 76 24 78 36
86 90 30 75 39 7 56 % 56 7 39 75 30 90 86
37 84 77 3 40 53 11 % 11 53 40 3 77 84 37
82 72 61 75 85 94 50 % 50 94 85 75 61 72 82
24 41 49 51 57 49 36 87 23 5 16 24 0 % 0 24 16 5 23 87 36 49 57 51 49 41 24
1 26 17 13 59 2 20 63 19 13 49 32 17 % 17 32 49 13 19 63 20 2 59 13 17 26 1
81 43 80 21 86 40 51 % 51 40 86 21 80 43 81
64 18 90 28 48 19 25 13 39 44 19 47 92 % 92 47 19 44 39 13 25 19 48 28 90 18 64
9 50 6 35 85 46 55 47 59 1 41 7 56 % 56 7 41 1 59 47 55 46 85 35 6 50 9
84 22 82 91 43 76 99 7 31 36 69 56 14 % 14 56 69 36 31 7 99 76 43 91 82 22 84
90 78 70 81 23 28 23 % 23 28 23 81 70 78 90
27 31 92 32 76 63 51 95 34 57 22 85 0 % 0 85 22 57 34 95 51 63 76 32 92 31 27
78 10 70 73 7 5 16 36 25 35 97 27 55 % 55 27 97 35 25 36 16 5 7 73 70 10 78
82 25 2 69 16 8 74 % 74 8 16 69 2 25 82
95 56 95 80 29 54 20 % 20 54 29 80 95 56 95
93 79 68 76 77 95 61 % 61 95 77 76 68 79 93
38 32 74 32 22 29 26 % 26 29 22 32 74 32 38
16 72 75 36 0 68 90 46 59 45 50 67 62 % 62 67 50 45 59 46 90 68 0 36 75 72 16
6 57 69 72 78 61 80 57 9 88 36 50 14 % 14 50 36 88 9 57 80 61 78 72 69 57 6
34 95 27 5 0 86 20 81 42 24 3 58 49 % 49 58 3 24 42 81 20 86 0 5 27 95 34
6 85 54 19 89 44 43 % 43 44 89 19 54 85 6
61 26 96 33 86 34 53 % 53 34 86 33 96 26 61
29 33 31 39 3 42 31 % 31 42 3 39 31 33 29
32 40 34 35 23 89 54 % 54 89 23 35 34 40 32
67 17 54 58 10 39 19 21 91 29 88 12 25 % 25 12 88 29 91 21 19 39 10 58 54 17 67
86 0 99 64 35 78 91 0 8 41 22 93 93 % 93 93 22 41 8 0 91 78 35 64 99 0 86
48 17 66 90 79 81 39 25 59 32 0 98 29 % 29 98 0 32 59 25 39 81 79 90 66 17 48
69 35 91 24 53 10 58 41 18 94 57 75 24 % 24 75 57 94 18 41 58 10 53 24 91 35 69
93 53 51 47 75 73 90 30 58 56 75 42 56 % 56 42 75 56 58 30 90 73 75 47 51 53 93
21 72 67 95 97 53 9 % 9 53 97 95 67 72 21
53 12 53 71 39 69 9 % 9 69 39 71 53 12 53
35 29 91 65 59 12 2 52 19 9 50 21 75 % 75 21 50 9 19 52 2 12 59 65 91 29 35
87 52 8 3 32 93 62 % 62 93 32 3 8 52 87
9 7 47 50 7 53 73 % 73 53 7 50 47 7 9
47 34 57 20 3 10 6 % 6 10 3 20 57 34 47
67 63 55 43 2 3 92 22 14 89 83 99 42 % 42 99 83 89 14 22 92 3 2 43 55 63 67
43 11 89 44 27 33 66 % 66 33 27 44 89 11 43
53 24 96 7 42 99 68 % 68 99 42 7 96 24 53
47 30 71 23 22 3 61 54 18 47 63 11 90 % 90 11 63 47 18 54 61 3 22 23 71 30 47
13 57 44 47 77 8 92 41 0 53 15 29 55 % 55 29 15 53 0 41 92 8 77 47 44 57 13
90 48 88 23 55 49 23 % 23 49 55 23 88 48 90
66 43 12 39 58 45 70 % 70 45 58 39 12 43 66
26 78 53 65 67 82 78 % 78 82 67 65 53 78 26
78 13 97 11 61 32 81 % 81 32 61 11 97 13 78
77 37 67 83 34 9 62 92 73 10 71 96 67 % 67 96 71 10 73 92 62 9 34 83 67 37 77
84 41 56 47 65 71 31 1 94 42 24 30 75 % 75 30 24 42 94 1 31 71 65 47 56 41 84
35 57 12 39 46 2 99 37 42 6 76 63 59 % 59 63 76 6 42 37 99 2 46 39 12 57 35
90 86 7 66 75 60 34 92 76 35 6 15 19 % 19 15 6 35 76 92 34 60 75 66 7 86 90
9 95 73 69 0 40 51 94 17 94 81 53 97 % 97 53 81 94 17 94 51 40 0 69 73 95 9
27 85 3 94 44 24 45 % 45 24 44 94 3 85 27
90 20 85 51 28 19 41 31 10 50 62 15 76 % 76 15 62 50 10 31 41 19 28 51 85 20 90
90 68 52 9 55 10 46 63 63 48 47 27 64 % 64 27 47 48 63 63 46 10 55 9 52 68 90
22 70 7 4 2 97 86 % 86 97 2 4 7 70 22
83 39 13 62 17 39 1 35 68 69 12 82 69 % 69 82 12 69 68 35 1 39 17 62 13 39 83
21 23 57 24 66 49 72 23 80 65 29 32 0 % 0 32 29 65 80 23 72 49 66 24 57 23 21
43 51 32 86 84 76 57 % 57 76 84 86 32 51 43
74 73 16 9 32 77 33 % 33 77 32 9 16 73 74
89 58 92 95 54 81 77 73 91 92 23 85 51 % 51 85 23 92 91 73 77 81 54 95 92 58 89
46 20 93 91 20 93 56 32 28 91 75 75 36 % 36 75 75 91 28 32 56 93 20 91 93 20 46
14 84 65 55 46 83 47 59 22 79 80 55 43 % 43 55 80 79 22 59 47 83 46 55 65 84 14
71 54 74 63 12 27 54 % 54 27 12 63 74 54 71
35 36 99 71 64 52 45 % 45 52 64 71 99 36 35
82 58 81 80 69 54 42 58 41 2 40 40 26 % 26 40 40 2 41 58 42 54 69 80 81 58 82
9 27 25 28 52 98 69 % 69 98 52 28 25 27 9
51 13 79 39 58 59 68 % 68 59 58 39 79 13 51
30 87 84 89 12 6 48 51 27 13 7 11 11 % 11 11 7 13 27 51 48 6 12 89 84 87 30
42 66 6 95 46 79 66 % 66 79 46 95 6 66 42
64 6 51 92 25 87 96 46 44 75 50 72 11 % 11 72 50 75 44 46 96 87 25 92 51 6 64
70 88 28 70 75 9 82 78 28 26 24 16 91 % 91 16 24 26 28 78 82 9 75 70 28 88 70
7 52 44 68 84 93 33 % 33 93 84 68 44 52 7
99 67 73 40 42 33 23 % 23 33 42 40 73 67 99
45 36 85 98 57 48 9 % 9 48 57 98 85 36 45
46 76 47 56 81 44 86 2 23 56 82 99 10 % 10 99 82 56 23 2 86 44 81 56 47 76 46
57 79 26 48 77 16 56 7 92 4 67 57 67 % 67 57 67 4 92 7 56 16 77 48 26 79 57
22 87 84 12 30 5 76 % 76 5 30 12 84 87 22
98 57 57 95 78 4 53 95 50 12 51 55 71 % 71 55 51 12 50 95 53 4 78 95 57 57 98
33 42 74 27 83 76 27 32 26 0 36 87 71 % 71 87 36 0 26 32 27 76 83 27 74 42 33
64 9 91 31 34 38 14 23 12 92 37 23 84 % 84 23 37 92 12 23 14 38 34 31 91 9 64
81 77 41 55 45 63 51 % 51 63 45 55 41 77 81
95 78 18 54 81 20 80 13 13 3 12 16 33 % 33 16 12 3 13 13 80 20 81 54 18 78 95
18 19 29 90 59 85 76 62 80 34 30 65 22 % 22 65 30 34 80 62 76 85 59 90 29 19 18
96 15 31 67 59 25 74 % 74 25 59 67 31 15 96
5 95 29 97 80 47 18 24 79 39 5 75 54 % 54 75 5 39 79 24 18 47 80 97 29 95 5
66 6 62 94 13 58 64 61 64 88 76 71 11 % 11 71 76 88 64 61 64 58 13 94 62 6 66
69 43 19 49 83 82 32 39 54 87 94 36 44 % 44 36 94 87 54 39 32 82 83 49 19 43 69
94 14 96 83 51 0 84 % 84 0 51 83 96 14 94
31 25 1 3 11 93 89 66 12 27 69 97 18 % 18 97 69 27 12 66 89 93 11 3 1 25 31
66 58 27 1 2 37 12 58 40 13 63 97 59 % 59 97 63 13 40 58 12 37 2 1 27 58 66
95 34 70 35 54 89 88 % 88 89 54 35 70 34 95
39 91 62 63 47 66 7 % 7 66 47 63 62 91 39
44 89 66 17 74 9 33 27 9 54 89 59 7 % 7 59 89 54 9 27 33 9 74 17 66 89 44
40 49 95 96 53 43 11 % 11 43 53 96 95 49 40
69 53 54 10 42 60 66 0 12 3 37 60 72 % 72 60 37 3 12 0 66 60 42 10 54 53 69
20 37 53 8 53 15 71 % 71 15 53 8 53 37 20
56 76 58 22 2 86 29 % 29 86 2 22 58 76 56
34 35 31 52 45 75 85 % 85 75 45 52 31 35 34
59 67 3 48 16 2 76 % 76 2 16 48 3 67 59
87 1 36 73 43 70 90 66 13 47 52 90 82 % 82 90 52 47 13 66 90 70 43 73 36 1 87
54 14 68 79 85 22 70 % 70 22 85 79 68 14 54
84 13 1 87 83 29 37 % 37 29 83 87 1 13 84
52 41 42 88 83 64 94 % 94 64 83 88 42 41 52
49 55 46 11 72 97 4 % 4 97 72 11 46 55 49
67 16 1 54 75 9 14 % 14 9 75 54 1 16 67
0 58 77 10 80 70 24 % 24 70 80 10 77 58 0
30 96 26 91 59 6 95 % 95 6 59 91 26 96 30
9 52 36 59 5 73 0 10 50 15 32 85 41 % 41 85 32 15 50 10 0 73 5 59 36 52 9
5 29 40 82 91 48 15 % 15 48 91 82 40 29 5
90 35 70 44 17 92 67 7 87 21 67 25 82 % 82 25 67 21 87 7 67 92 17 44 70 35 90
15 97 60 42 22 83 88 % 88 83 22 42 60 97 15
1 32 53 15 49 1 85 % 85 1 49 15 53 32 1
66 58 93 40 0 63 61 % 61 63 0 40 93 58 66
19 95 45 71 99 58 56 % 56 58 99 71 45 95 19
58 90 53 27 63 38 93 74 50 16 43 95 93 % 93 95 43 16 50 74 93 38 63 27 53 90 58
50 3 74 47 36 85 5 48 6 27 61 54 37 % 37 54 61 27 6 48 5 85 36 47 74 3 50
53 64 43 42 73 92 8 86 33 58 77 90 70 % 70 90 77 58 33 86 8 92 73 42 43 64 53
24 61 73 56 87 58 24 % 24 58 87 56 73 61 24
24 24 40 53 37 83 65 80 11 6 68 61 94 % 94 61 68 6 11 80 65 83 37 53 40 24 24
10 56 98 58 93 40 16 % 16 40 93 58 98 56 10
91 81 74 27 76 55 29 % 29 55 76 27 74 81 91
17 38 61 33 12 12 64 25 79 67 14 28 11 % 11 28 14 67 79 25 64 12 12 33 61 38 17
60 92 75 41 42 36 86 58 57 39 70 95 77 % 77 95 70 39 57 58 86 36 42 41 75 92 60
3 75 88 84 54 95 76 14 81 97 16 96 97 % 97 96 16 97 81 14 76 95 54 84 88 75 3
97 31 37 46 35 34 54 % 54 34 35 46 37 31 97
63 58 77 27 69 45 8 % 8 45 69 27 77 58 63
69 15 2 7 82 33 37 82 8 86 76 52 60 % 60 52 76 86 8 82 37 33 82 7 2 15 69
17 94 20 97 89 11 50 % 50 11 89 97 20 94 17
81 76 0 67 75 86 85 % 85 86 75 67 0 76 81
82 47 17 7 44 54 3 % 3 54 44 7 17 47 82
26 17 99 81 22 88 76 92 16 29 61 25 24 % 24 25 61 29 16 92 76 88 22 81 99 17 26
25 55 90 49 62 83 25 30 70 45 29 1 76 % 76 1 29 45 70 30 25 83 62 49 90 55 25
14 60 80 65 84 9 70 15 21 15 80 76 21 % 21 76 80 15 21 15 70 9 84 65 80 60 14
33 56 39 93 98 1 85 85 69 26 30 20 15 % 15 20 30 26 69 85 85 1 98 93 39 56 33
67 91 47 42 23 31 43 33 79 53 75 98 16 % 16 98 75 53 79 33 43 31 23 42 47 91 67
42 72 87 46 69 77 36 % 36 77 69 46 87 72 42
93 15 96 99 82 0 23 36 88 18 26 45 75 % 75 45 26 18 88 36 23 0 82 99 96 15 93
17 31 87 53 32 90 35 % 35 90 32 53 87 31 17
96 77 12 30 76 48 86 % 86 48 76 30 12 77 96
37 32 43 48 12 99 56 65 42 35 56 51 87 % 87 51 56 35 42 65 56 99 12 48 43 32 37
35 64 18 65 84 20 43 % 43 20 84 65 18 64 35
77 4 16 74 5 11 8 24 94 3 18 85 20 % 20 85 18 3 94 24 8 11 5 74 16 4 77
28 0 99 37 28 88 90 10 75 8 79 6 79 % 79 6 79 8 75 10 90 88 28 37 99 0 28
43 1 73 96 23 77 72 % 72 77 23 96 73 1 43
99 62 22 67 9 56 17 9 36 30 59 43 69 % 69 43 59 30 36 9 17 56 9 67 22 62 99
11 62 80 1 66 36 89 34 24 49 73 5 35 % 35 5 73 49 24 34 89 36 66 1 80 62 11
77 3 60 2 48 67 7 35 36 18 99 99 21 % 21 99 99 18 36 35 7 67 48 2 60 3 77
45 13 64 75 79 92 27 % 27 92 79 75 64 13 45
50 65 77 30 57 38 24 29 39 24 21 2 60 % 60 2 21 24 39 29 24 38 57 30 77 65 50
62 29 94 92 42 66 32 % 32 66 42 92 94 29 62
25 17 79 61 41 81 49 42 80 29 70 73 47 % 47 73 70 29 80 42 49 81 41 61 79 17 25
59 39 98 48 17 34 35 % 35 34 17 48 98 39 59
64 70 46 86 11 31 48 % 48 31 11 86 46 70 64
6 54 99 58 5 32 32 % 32 32 5 58 99 54 6
48 48 57 1 5 84 71 % 71 84 5 1 57 48 48
81 72 31 18 14 26 3 87 38 73 61 40 78 % 78 40 61 73 38 87 3 26 14 18 31 72 81
72 20 16 20 96 31 41 98 26 3 94 87 8 % 8 87 94 3 26 98 41 31 96 20 16 20 72
99 54 41 85 38 57 66 % 66 57 38 85 41 54 99
0 50 75 63 37 28 4 60 99 70 55 85 90 % 90 85 55 70 99 60 4 28 37 63 75 50 0
10 51 69 67 89 45 63 % 63 45 89 67 69 51 10
73 50 75 80 38 48 76 % 76 48 38 80 75 50 73
99 31 93 16 82 49 43 % 43 49 82 16 93 31 99
21 39 28 44 60 71 15 8 95 57 78 99 96 % 96 99 78 57 95 8 15 71 60 44 28 39 21
53 11 69 45 7 9 32 82 96 79 32 30 98 % 98 30 32 79 96 82 32 9 7 45 69 11 53
93 49 24 49 61 69 31 % 31 69 61 49 24 49 93
84 62 26 90 64 67 29 % 29 67 64 90 26 62 84
59 19 97 51 54 5 7 % 7 5 54 51 97 19 59
1 23 49 68 5 25 35 % 35 25 5 68 49 23 1
40 27 19 31 45 74 35 % 35 74 45 31 19 27 40
40 4 33 87 24 26 22 % 22 26 24 87 33 4 40
79 59 12 83 41 19 1 % 1 19 41 83 12 59 79
77 35 57 78 13 32 94 % 94 32 13 78 57 35 77
53 62 97 2 28 25 68 33 49 96 86 51 26 % 26 51 86 96 49 33 68 25 28 2 97 62 53
96 62 56 10 50 12 1 % 1 12 50 10 56 62 96
34 68 27 27 52 28 43 % 43 28 52 27 27 68 34
79 78 89 0 56 80 51 % 51 80 56 0 89 78 79
72 12 10 88 22 89 11 % 11 89 22 88 10 12 72
88 96 65 56 67 99 63 % 63 99 67 56 65 96 88
63 16 79 9 91 89 88 45 71 80 23 83 27 % 27 83 23 80 71 45 88 89 91 9 79 16 63
37 39 99 73 44 26 73 % 73 26 44 73 99 39 37
80 60 46 64 15 68 6 % 6 68 15 64 46 60 80
78 55 70 61 78 3 34 90 59 60 95 37 9 % 9 37 95 60 59 90 34 3 78 61 70 55 78
33 75 65 86 30 63 4 % 4 63 30 86 65 75 33
65 91 6 90 97 50 76 57 98 19 14 56 91 % 91 56 14 19 98 57 76 50 97 90 6 91 65
76 32 96 34 1 63 34 % 34 63 1 34 96 32 76
1 43 72 90 25 58 35 % 35 58 25 90 72 43 1
79 71 96 97 60 73 92 18 70 86 1 45 11 % 11 45 1 86 70 18 92 73 60 97 96 71 79
98 90 96 46 30 56 75 26 23 91 53 49 22 % 22 49 53 91 23 26 75 56 30 46 96 90 98
51 80 88 36 58 91 58 % 58 91 58 36 88 80 51
26 98 51 37 64 63 78 52 73 84 30 80 71 % 71 80 30 84 73 52 78 63 64 37 51 98 26
61 32 28 25 73 65 62 % 62 65 73 25 28 32 61
7 11 9 38 49 82 19 73 79 45 17 85 8 % 8 85 17 45 79 73 19 82 49 38 9 11 7
65 64 14 26 20 36 8 % 8 36 20 26 14 64 65
48 81 22 57 87 3 53 98 75 19 17 99 84 % 84 99 17 19 75 98 53 3 87 57 22 81 48
97 68 1 9 42 41 60 31 54 20 8 40 51 % 51 40 8 20 54 31 60 41 42 9 1 68 97
80 60 41 98 13 3 80 84 49 28 42 69 37 % 37 69 42 28 49 84 80 3 13 98 41 60 80
51 42 23 11 74 12 58 55 27 60 4 34 86 % 86 34 4 60 27 55 58 12 74 11 23 42 51
7 29 40 19 39 62 77 86 56 7 48 53 71 % 71 53 48 7 56 86 77 62 39 19 40 29 7
26 45 40 76 61 4 56 41 21 96 91 37 73 % 73 37 91 96 21 41 56 4 61 76 40 45 26
90 8 26 74 10 74 21 % 21 74 10 74 26 8 90
19 20 38 14 3 80 8 % 8 80 3 14 38 20 19
73 13 96 29 0 80 50 45 39 15 47 39 13 % 13 39 47 15 39 45 50 80 0 29 96 13 73
49 35 58 3 81 1 76 36 40 50 40 70 70 % 70 70 40 50 40 36 76 1 81 3 58 35 49
95 32 62 52 55 83 25 % 25 83 55 52 62 32 95
37 71 91 25 73 88 19 % 19 88 73 25 91 71 37
40 36 58 69 28 74 61 % 61 74 28 69 58 36 40
2 16 82 37 38 64 65 % 65 64 38 37 82 16 2
6 36 59 81 5 51 32 30 26 14 36 41 40 % 40 41 36 14 26 30 32 51 5 81 59 36 6
86 6 81 14 15 71 49 44 19 22 96 47 22 % 22 47 96 22 19 44 49 71 15 14 81 6 86
93 5 28 49 3 75 8 87 31 67 65 71 6 % 6 71 65 67 31 87 8 75 3 49 28 5 93
21 20 2 42 62 0 81 56 82 15 24 12 86 % 86 12 24 15 82 56 81 0 62 42 2 20 21
68 3 39 17 87 45 28 26 88 31 1 57 62 % 62 57 1 31 88 26 28 45 87 17 39 3 68
45 20 45 29 39 55 85 % 85 55 39 29 45 20 45
40 4 17 73 68 44 6 33 55 65 87 75 3 % 3 75 87 65 55 33 6 44 68 73 17 4 40
48 14 88 47 55 81 47 % 47 81 55 47 88 14 48
76 8 95 46 96 7 64 43 27 0 22 38 42 % 42 38 22 0 27 43 64 7 96 46 95 8 76
61 70 65 25 51 6 34 % 34 6 51 25 65 70 61
77 63 38 73 47 22 79 % 79 22 47 73 38 63 77
61 37 40 0 44 63 67 % 67 63 44 0 40 37 61
71 94 53 59 45 57 54 68 87 60 29 69 36 % 36 69 29 60 87 68 54 57 45 59 53 94 71
73 8 57 76 79 1 77 % 77 1 79 76 57 8 73
52 23 1 14 89 34 72 % 72 34 89 14 1 23 52
37 4 66 86 48 14 27 54 99 77 63 69 57 % 57 69 63 77 99 54 27 14 48 86 66 4 37
24 91 73 20 0 59 86 65 43 71 9 11 3 % 3 11 9 71 43 65 86 59 0 20 73 91 24
81 29 78 76 84 90 66 % 66 90 84 76 78 29 81
93 3 40 22 73 83 88 % 88 83 73 22 40 3 93
73 74 36 69 46 32 69 % 69 32 46 69 36 74 73
85 75 64 13 17 78 44 % 44 78 17 13 64 75 85
1 2 7 34 14 78 66 88 65 56 42 38 19 % 19 38 42 56 65 88 66 78 14 34 7 2 1
85 34 61 23 39 81 98 % 98 81 39 23 61 34 85
12 61 75 77 51 37 4 % 4 37 51 77 75 61 12
14 69 27 22 61 80 25 48 97 4 72 83 73 % 73 83 72 4 97 48 25 80 61 22 27 69 14
6 24 1 83 91 47 29 % 29 47 91 83 1 24 6
93 81 77 8 49 14 74 61 49 78 25 39 90 % 90 39 25 78 49 61 74 14 49 8 77 81 93
29 70 31 16 5 50 82 % 82 50 5 16 31 70 29
67 91 14 91 32 77 29 68 21 76 99 7 45 % 45 7 99 76 21 68 29 77 32 91 14 91 67
7 30 2 26 79 20 33 % 33 20 79 26 2 30 7
77 34 57 81 5 60 63 89 78 54 84 25 85 % 85 25 84 54 78 89 63 60 5 81 57 34 77
12 93 4 23 23 61 83 9 42 34 87 9 15 % 15 9 87 34 42 9 83 61 23 23 4 93 12
99 76 96 77 46 69 57 53 84 69 13 13 17 % 17 13 13 69 84 53 57 69 46 77 96 76 99
23 52 64 53 9 30 12 % 12 30 9 53 64 52 23
87 95 29 48 76 49 91 % 91 49 76 48 29 95 87
74 26 36 97 94 62 77 46 4 61 95 77 59 % 59 77 95 61 4 46 77 62 94 97 36 26 74
39 6 24 85 45 1 84 58 72 62 60 34 21 % 21 34 60 62 72 58 84 1 45 85 24 6 39
68 51 70 31 90 44 42 % 42 44 90 31 70 51 68
66 68 88 47 70 84 80 % 80 84 70 47 88 68 66
75 71 87 25 30 40 54 48 51 55 75 9 92 % 92 9 75 55 51 48 54 40 30 25 87 71 75
72 90 17 30 1 49 78 66 77 62 86 42 0 % 0 42 86 62 77 66 78 49 1 30 17 90 72
82 66 45 44 37 65 59 % 59 65 37 44 45 66 82
24 45 2 1 79 99 44 55 11 4 5 9 42 % 42 9 5 4 11 55 44 99 79 1 2 45 24
1 74 36 31 11 14 9 % 9 14 11 31 36 74 1
74 85 16 94 53 83 90 65 21 80 59 24 50 % 50 24 59 80 21 65 90 83 53 94 16 85 74
73 2 55 31 99 60 99 77 20 80 7 48 78 % 78 48 7 80 20 77 99 60 99 31 55 2 73
10 76 21 20 57 29 89 % 89 29 57 20 21 76 10
53 77 87 24 91 20 62 % 62 20 91 24 87 77 53
9 93 78 63 86 55 33 56 78 45 7 76 90 % 90 76 7 45 78 56 33 55 86 63 78 93 9
59 41 48 53 11 36 67 % 67 36 11 53 48 41 59
80 84 42 59 32 76 72 % 72 76 32 59 42 84 80
85 43 17 50 8 73 53 45 87 90 66 97 54 % 54 97 66 90 87 45 53 73 8 50 17 43 85
54 72 96 7 88 49 37 69 22 97 92 20 34 % 34 20 92 97 22 69 37 49 88 7 96 72 54
69 18 53 22 23 74 12 69 93 89 14 4 20 % 20 4 14 89 93 69 12 74 23 22 53 18 69
89 55 58 24 29 17 41 29 43 39 15 58 6 % 6 58 15 39 43 29 41 17 29 24 58 55 89
84 36 19 15 89 27 31 39 69 54 11 37 88 % 88 37 11 54 69 39 31 27 89 15 19 36 84
25 71 12 86 75 31 69 30 62 74 11 55 5 % 5 55 11 74 62 30 69 31 75 86 12 71 25
38 31 72 24 72 73 91 91 99 80 20 43 22 % 22 43 20 80 99 91 91 73 72 24 72 31 38
72 34 72 13 94 98 80 87 62 53 69 42 66 % 66 42 69 53 62 87 80 98 94 13 72 34 72
69 67 92 71 96 26 6 % 6 26 96 71 92 67 69
79 76 45 68 65 33 78 % 78 33 65 68 45 76 79
57 96 17 46 84 26 49 % 49 26 84 46 17 96 57
37 6 58 31 16 15 1 46 97 45 42 6 22 % 22 6 42 45 97 46 1 15 16 31 58 6 37
86 65 83 72 83 67 42 % 42 67 83 72 83 65 86
61 66 24 38 56 87 97 % 97 87 56 38 24 66 61
72 27 5 64 48 95 4 56 37 32 8 73 15 % 15 73 8 32 37 56 4 95 48 64 5 27 72
16 19 11 10 81 60 40 99 46 94 70 5 81 % 81 5 70 94 46 99 40 60 81 10 11 19 16
44 1 54 8 30 62 35 % 35 62 30 8 54 1 44
71 56 83 38 48 82 16 % 16 82 48 38 83 56 71
97 38 22 54 37 61 57 6 55 63 81 62 9 % 9 62 81 63 55 6 57 61 37 54 22 38 97
84 22 73 24 70 10 79 % 79 10 70 24 73 22 84
27 46 84 40 13 17 38 % 38 17 13 40 84 46 27
54 87 5 83 10 88 74 94 10 32 13 8 0 % 0 8 13 32 10 94 74 88 10 83 5 87 54
40 73 66 12 7 5 75 % 75 5 7 12 66 73 40
96 98 0 51 14 73 84 43 4 8 51 3 88 % 88 3 51 8 4 43 84 73 14 51 0 98 96
43 53 75 72 47 10 47 % 47 10 47 72 75 53 43
4 94 91 30 46 47 2 % 2 47 46 30 91 94 4
13 40 92 71 40 57 88 28 0 66 2 21 28 % 28 21 2 66 0 28 88 57 40 71 92 40 13
87 66 16 67 81 84 88 % 88 84 81 67 16 66 87
28 45 91 12 82 55 43 % 43 55 82 12 91 45 28
97 27 61 58 37 79 90 % 90 79 37 58 61 27 97
80 59 44 27 66 23 91 % 91 23 66 27 44 59 80
73 48 2 71 29 54 98 43 81 46 18 37 20 % 20 37 18 46 81 43 98 54 29 71 2 48 73
61 46 72 56 8 34 27 % 27 34 8 56 72 46 61
32 69 52 34 77 11 45 32 69 89 66 0 29 % 29 0 66 89 69 32 45 11 77 34 52 69 32
65 46 22 53 1 33 26 % 26 33 1 53 22 46 65
2 96 93 77 34 42 7 71 92 65 63 74 39 % 39 74 63 65 92 71 7 42 34 77 93 96 2
28 8 6 49 75 57 46 % 46 57 75 49 6 8 28
58 73 54 81 33 28 45 % 45 28 33 81 54 73 58
70 20 73 30 79 3 17 65 29 39 66 61 8 % 8 61 66 39 29 65 17 3 79 30 73 20 70
72 17 35 47 72 30 18 50 27 71 30 38 31 % 31 38 30 71 27 50 18 30 72 47 35 17 72
92 16 54 28 32 18 14 % 14 18 32 28 54 16 92
64 28 53 4 40 43 39 93 88 0 10 34 69 % 69 34 10 0 88 93 39 43 40 4 53 28 64
62 63 67 17 63 21 9 92 56 37 54 98 18 % 18 98 54 37 56 92 9 21 63 17 67 63 62
79 19 9 31 89 80 94 94 84 84 99 31 26 % 26 31 99 84 84 94 94 80 89 31 9 19 79
50 54 58 64 72 94 50 66 86 7 65 92 70 % 70 92 65 7 86 66 50 94 72 64 58 54 50
93 44 28 91 12 80 75 2 17 11 87 61 14 % 14 61 87 11 17 2 75 80 12 91 28 44 93
69 65 20 45 6 55 4 20 32 10 26 4 68 % 68 4 26 10 32 20 4 55 6 45 20 65 69
80 7 20 40 53 46 53 % 53 46 53 40 20 7 80
20 26 12 31 10 47 39 % 39 47 10 31 12 26 20
16 66 35 51 75 20 43 % 43 20 75 51 35 66 16
15 55 28 86 61 66 6 84 63 15 70 28 14 % 14 28 70 15 63 84 6 66 61 86 28 55 15
64 83 61 26 69 63 85 % 85 63 69 26 61 83 64
2 1 86 26 88 94 70 4 32 87 34 84 93 % 93 84 34 87 32 4 70 94 88 26 86 1 2
69 95 79 23 17 0 17 69 18 73 7 14 84 % 84 14 7 73 18 69 17 0 17 23 79 95 69
0 50 99 8 23 44 98 % 98 44 23 8 99 50 0
69 97 8 11 74 4 29 % 29 4 74 11 8 97 69
3 19 24 55 81 87 83 % 83 87 81 55 24 19 3
12 78 45 51 2 6 57 29 15 51 52 31 67 % 67 31 52 51 15 29 57 6 2 51 45 78 12
60 1 17 90 97 72 79 42 51 47 60 30 3 % 3 30 60 47 51 42 79 72 97 90 17 1 60
66 22 54 35 54 51 75 % 75 51 54 35 54 22 66
80 33 85 27 65 64 86 24 92 99 43 69 72 % 72 69 43 99 92 24 86 64 65 27 85 33 80
68 93 97 97 21 11 63 % 63 11 21 97 97 93 68
81 35 8 17 9 24 31 % 31 24 9 17 8 35 81
9 48 88 79 58 42 64 23 57 52 45 86 90 % 90 86 45 52 57 23 64 42 58 79 88 48 9
75 59 54 96 5 99 85 % 85 99 5 96 54 59 75
70 46 29 43 38 74 2 % 2 74 38 43 29 46 70
53 91 72 72 68 38 46 % 46 38 68 72 72 91 53
59 60 2 19 3 16 26 14 1 1 12 79 80 % 80 79 12 1 1 14 26 16 3 19 2 60 59
92 18 87 15 85 7 40 97 97 33 80 46 49 % 49 46 80 33 97 97 40 7 85 15 87 18 92
8 7 62 49 59 33 55 % 55 33 59 49 62 7 8
38 59 34 85 9 8 57 69 67 49 95 45 53 % 53 45 95 49 67 69 57 8 9 85 34 59 38
59 94 22 25 81 88 1 % 1 88 81 25 22 94 59
81 89 14 35 27 13 95 59 42 68 53 97 77 % 77 97 53 68 42 59 95 13 27 35 14 89 81
14 32 35 95 14 7 51 27 75 60 56 17 89 % 89 17 56 60 75 27 51 7 14 95 35 32 14
36 84 63 19 85 48 57 % 57 48 85 19 63 84 36
66 85 34 3 63 89 91 22 71 0 50 95 17 % 17 95 50 0 71 22 91 89 63 3 34 85 66
11 87 78 30 71 53 40 % 40 53 71 30 78 87 11
90 14 55 57 66 55 15 % 15 55 66 57 55 14 90
10 80 59 79 53 95 37 % 37 95 53 79 59 80 10
17 99 92 89 56 41 41 65 25 27 75 8 24 % 24 8 75 27 25 65 41 41 56 89 92 99 17
68 18 33 81 51 70 7 % 7 70 51 81 33 18 68
24 27 22 34 57 67 83 39 17 99 38 7 77 % 77 7 38 99 17 39 83 67 57 34 22 27 24
59 81 6 99 86 42 0 % 0 42 86 99 6 81 59
2 98 30 73 66 51 67 % 67 51 66 73 30 98 2
82 50 73 66 82 39 21 % 21 39 82 66 73 50 82
41 76 86 62 13 63 83 53 99 80 32 61 92 % 92 61 32 80 99 53 83 63 13 62 86 76 41
18 27 8 58 63 99 24 % 24 99 63 58 8 27 18
87 65 45 16 47 28 23 % 23 28 47 16 45 65 87
24 84 71 36 95 73 79 1 33 58 9 93 20 % 20 93 9 58 33 1 79 73 95 36 71 84 24
4 56 56 99 32 75 64 44 87 99 85 6 23 % 23 6 85 99 87 44 64 75 32 99 56 56 4
19 69 0 81 71 21 36 32 38 44 13 26 57 % 57 26 13 44 38 32 36 21 71 81 0 69 19
60 97 79 57 78 52 82 % 82 52 78 57 79 97 60
38 78 32 97 71 73 85 % 85 73 71 97 32 78 38
76 65 55 19 46 75 50 35 58 89 97 1 73 % 73 1 97 89 58 35 50 75 46 19 55 65 76
96 18 17 64 63 48 93 3 1 57 56 16 86 % 86 16 56 57 1 3 93 48 63 64 17 18 96
43 36 71 60 44 13 49 % 49 13 44 60 71 36 43
22 50 26 89 52 94 27 65 19 25 83 78 45 % 45 78 83 25 19 65 27 94 52 89 26 50 22
5 97 3 16 74 53 28 12 68 73 46 58 64 % 64 58 46 73 68 12 28 53 74 16 3 97 5
42 12 53 78 32 91 10 % 10 91 32 78 53 12 42
76 58 23 49 11 47 42 % 42 47 11 49 23 58 76
10 35 54 58 1 20 37 % 37 20 1 58 54 35 10
91 99 45 2 48 68 83 39 45 17 49 19 56 % 56 19 49 17 45 39 83 68 48 2 45 99 91
15 74 57 91 81 77 29 % 29 77 81 91 57 74 15
41 96 0 42 68 63 0 91 38 57 1 26 69 % 69 26 1 57 38 91 0 63 68 42 0 96 41
48 80 99 58 9 95 54 % 54 95 9 58 99 80 48
66 41 92 27 90 47 12 16 91 75 49 4 33 % 33 4 49 75 91 16 12 47 90 27 92 41 66
57 8 24 68 0 27 12 95 56 55 37 2 58 % 58 2 37 55 56 95 12 27 0 68 24 8 57
84 84 56 87 83 61 64 % 64 61 83 87 56 84 84
61 91 36 54 95 18 9 % 9 18 95 54 36 91 61
35 65 53 55 87 6 83 19 28 39 59 98 31 % 31 98 59 39 28 19 83 6 87 55 53 65 35
21 12 50 95 61 33 70 % 70 33 61 95 50 12 21
18 10 54 28 26 0 87 40 60 20 17 88 13 % 13 88 17 20 60 40 87 0 26 28 54 10 18
94 4 57 31 96 42 49 % 49 42 96 31 57 4 94
65 28 36 95 29 63 18 56 9 48 64 97 58 % 58 97 64 48 9 56 18 63 29 95 36 28 65
76 19 56 2 47 3 48 % 48 3 47 2 56 19 76
54 89 59 28 67 15 17 % 17 15 67 28 59 89 54
52 68 34 92 18 73 21 92 19 42 23 63 49 % 49 63 23 42 19 92 21 73 18 92 34 68 52
67 21 93 97 19 38 91 38 92 41 45 93 82 % 82 93 45 41 92 38 91 38 19 97 93 21 67
91 87 13 53 86 90 54 % 54 90 86 53 13 87 91
82 93 0 55 1 77 94 % 94 77 1 55 0 93 82
43 12 15 14 68 14 69 % 69 14 68 14 15 12 43
58 69 94 92 22 40 82 15 33 97 4 12 45 % 45 12 4 97 33 15 82 40 22 92 94 69 58
15 18 3 6 17 7 88 18 75 98 46 54 79 % 79 54 46 98 75 18 88 7 17 6 3 18 15
37 87 95 5 47 57 86 % 86 57 47 5 95 87 37
80 38 6 18 42 70 52 % 52 70 42 18 6 38 80
74 59 45 47 32 51 19 % 19 51 32 47 45 59 74
46 99 61 51 45 22 42 % 42 22 45 51 61 99 46
44 21 94 61 83 84 87 % 87 84 83 61 94 21 44
26 34 6 62 24 50 91 68 81 94 99 70 11 % 11 70 99 94 81 68 91 50 24 62 6 34 26
63 30 65 34 6 34 60 % 60 34 6 34 65 30 63
51 99 84 4 64 93 90 % 90 93 64 4 84 99 51
38 5 9 88 63 96 17 % 17 96 63 88 9 5 38
73 22 71 96 62 54 68 10 2 78 3 11 65 % 65 11 3 78 2 10 68 54 62 96 71 22 73
24 63 81 39 22 68 76 % 76 68 22 39 81 63 24
37 8 76 44 85 52 63 7 6 79 55 53 1 % 1 53 55 79 6 7 63 52 85 44 76 8 37
6 78 58 53 46 55 15 64 93 16 20 24 28 % 28 24 20 16 93 64 15 55 46 53 58 78 6
51 87 49 84 32 58 3 % 3 58 32 84 49 87 51
54 73 92 89 89 38 98 92 97 7 35 62 7 % 7 62 35 7 97 92 98 38 89 89 92 73 54
58 44 29 15 98 8 63 % 63 8 98 15 29 44 58
70 33 41 30 61 12 7 29 73 45 65 65 30 % 30 65 65 45 73 29 7 12 61 30 41 33 70
37 77 74 79 53 92 11 % 11 92 53 79 74 77 37
5 21 39 7 77 17 18 % 18 17 77 7 39 21 5
46 45 70 3 26 80 97 % 97 80 26 3 70 45 46
6 49 25 9 30 78 73 % 73 78 30 9 25 49 6
80 5 6 81 63 48 20 77 4 4 48 19 1 % 1 19 48 4 4 77 20 48 63 81 6 5 80
99 66 59 93 39 39 46 96 23 93 8 8 82 % 82 8 8 93 23 96 46 39 39 93 59 66 99
46 29 29 67 74 8 83 % 83 8 74 67 29 29 46
61 39 93 5 87 85 36 43 94 52 20 94 83 % 83 94 20 52 94 43 36 85 87 5 93 39 61
90 47 18 73 34 12 20 % 20 12 34 73 18 47 90
4 7 25 10 56 16 77 99 90 53 55 0 81 % 81 0 55 53 90 99 77 16 56 10 25 7 4
64 11 28 78 27 83 28 % 28 83 27 78 28 11 64
68 10 41 30 92 68 64 66 64 33 39 49 63 % 63 49 39 33 64 66 64 68 92 30 41 10 68
61 56 39 58 8 85 9 48 31 77 94 39 24 % 24 39 94 77 31 48 9 85 8 58 39 56 61
82 38 40 21 49 30 70 38 4 2 22 6 10 % 10 6 22 2 4 38 70 30 49 21 40 38 82
54 18 74 52 9 70 4 % 4 70 9 52 74 18 54
12 95 9 99 83 50 25 % 25 50 83 99 9 95 12
11 62 21 43 90 50 68 % 68 50 90 43 21 62 11
45 11 30 13 27 80 29 % 29 80 27 13 30 11 45
88 77 81 40 3 82 64 % 64 82 3 40 81 77 88
61 68 60 65 14 21 79 % 79 21 14 65 60 68 61
99 26 32 10 40 6 27 82 12 71 38 11 47 % 47 11 38 71 12 82 27 6 40 10 32 26 99
90 48 68 78 58 75 15 % 15 75 58 78 68 48 90
2 95 55 60 44 4 1 21 76 31 62 26 37 % 37 26 62 31 76 21 1 4 44 60 55 95 2
75 68 53 98 86 78 68 90 11 52 24 69 73 % 73 69 24 52 11 90 68 78 86 98 53 68 75
33 9 78 9 22 86 76 % 76 86 22 9 78 9 33
4 40 7 99 48 58 27 5 63 21 17 31 4 % 4 31 17 21 63 5 27 58 48 99 7 40 4
62 24 99 30 5 98 57 % 57 98 5 30 99 24 62
42 30 13 69 56 7 42 % 42 7 56 69 13 30 42
12 69 40 71 1 42 14 35 99 96 19 22 56 % 56 22 19 96 99 35 14 42 1 71 40 69 12
53 41 5 65 70 2 56 32 31 52 37 72 28 % 28 72 37 52 31 32 56 2 70 65 5 41 53
98 67 91 42 36 42 31 % 31 42 36 42 91 67 98
90 57 74 63 45 27 98 45 74 79 26 61 26 % 26 61 26 79 74 45 98 27 45 63 74 57 90
29 7 28 37 72 5 28 82 90 30 98 79 63 % 63 79 98 30 90 82 28 5 72 37 28 7 29
19 69 2 32 42 52 34 40 22 34 55 81 24 % 24 81 55 34 22 40 34 52 42 32 2 69 19
72 40 80 79 56 98 29 % 29 98 56 79 80 40 72
97 59 86 12 30 74 12 76 51 30 26 7 66 % 66 7 26 30 51 76 12 74 30 12 86 59 97
16 2 60 54 92 75 86 % 86 75 92 54 60 2 16
40 70 14 37 71 42 29 71 2 77 20 93 68 % 68 93 20 77 2 71 29 42 71 37 14 70 40
97 5 90 83 69 33 52 % 52 33 69 83 90 5 97
48 2 73 0 38 7 42 % 42 7 38 0 73 2 48
6 5 28 41 90 62 46 % 46 62 90 41 28 5 6
83 92 0 87 52 92 75 93 20 73 23 49 49 % 49 49 23 73 20 93 75 92 52 87 0 92 83
59 96 66 62 11 10 11 71 38 23 27 92 73 % 73 92 27 23 38 71 11 10 11 62 66 96 59
24 28 59 68 36 20 80 % 80 20 36 68 59 28 24
15 41 77 23 60 96 81 % 81 96 60 23 77 41 15
19 43 43 82 24 74 15 54 66 74 26 89 4 % 4 89 26 74 66 54 15 74 24 82 43 43 19
32 83 62 80 21 77 21 % 21 77 21 80 62 83 32
87 27 77 79 50 87 26 47 80 60 33 45 52 % 52 45 33 60 80 47 26 87 50 79 77 27 87
9 29 87 51 66 45 32 48 46 14 98 83 28 % 28 83 98 14 46 48 32 45 66 51 87 29 9
23 19 53 42 54 47 11 98 86 71 89 97 13 % 13 97 89 71 86 98 11 47 54 42 53 19 23
41 75 83 57 12 21 41 % 41 21 12 57 83 75 41
5 50 27 88 89 39 85 % 85 39 89 88 27 50 5
91 48 1 73 4 91 45 % 45 91 4 73 1 48 91
91 60 16 42 4 78 60 74 73 57 81 49 34 % 34 49 81 57 73 74 60 78 4 42 16 60 91
91 68 67 22 22 58 4 18 7 8 61 63 17 % 17 63 61 8 7 18 4 58 22 22 67 68 91
38 85 50 68 9 8 47 3 67 29 45 0 68 % 68 0 45 29 67 3 47 8 9 68 50 85 38
91 21 60 31 46 80 49 93 46 39 88 0 56 % 56 0 88 39 46 93 49 80 46 31 60 21 91
5 54 62 76 7 64 88 38 95 98 34 41 17 % 17 41 34 98 95 38 88 64 7 76 62 54 5
85 22 69 51 39 84 9 % 9 84 39 51 69 22 85
29 93 4 80 66 17 45 % 45 17 66 80 4 93 29
86 89 50 83 93 5 66 % 66 5 93 83 50 89 86
89 46 60 41 91 2 72 % 72 2 91 41 60 46 89
11 11 31 17 1 17 85 % 85 17 1 17 31 11 11
34 12 7 1 67 16 99 62 15 45 55 47 42 % 42 47 55 45 15 62 99 16 67 1 7 12 34
5 62 28 17 64 24 64 % 64 24 64 17 28 62 5
84 96 34 54 74 69 32 7 88 93 32 60 51 % 51 60 32 93 88 7 32 69 74 54 34 96 84
37 68 87 27 50 95 75 % 75 95 50 27 87 68 37
51 19 28 96 76 8 48 % 48 8 76 96 28 19 51
66 14 54 59 89 5 40 20 24 29 79 5 55 % 55 5 79 29 24 20 40 5 89 59 54 14 66
32 19 76 93 29 34 96 44 72 72 74 29 3 % 3 29 74 72 72 44 96 34 29 93 76 19 32
32 41 77 24 56 65 49 % 49 65 56 24 77 41 32
40 66 6 49 13 73 23 24 17 55 4 29 49 % 49 29 4 55 17 24 23 73 13 49 6 66 40
91 4 75 98 89 75 55 % 55 75 89 98 75 4 91
34 43 88 53 28 13 38 % 38 13 28 53 88 43 34
78 3 54 49 15 29 91 4 71 42 16 80 23 % 23 80 16 42 71 4 91 29 15 49 54 3 78
5 17 72 60 25 79 66 % 66 79 25 60 72 17 5
95 33 27 40 97 97 59 54 17 47 29 96 81 % 81 96 29 47 17 54 59 97 97 40 27 33 95
56 38 66 95 13 97 82 % 82 97 13 95 66 38 56
93 69 65 32 46 15 22 45 24 67 20 50 41 % 41 50 20 67 24 45 22 15 46 32 65 69 93
35 86 72 16 3 59 14 89 57 49 21 88 54 % 54 88 21 49 57 89 14 59 3 16 72 86 35
39 40 65 25 73 59 9 8 55 75 25 3 92 % 92 3 25 75 55 8 9 59 73 25 65 40 39
29 19 1 29 44 27 0 % 0 27 44 29 1 19 29
27 76 63 12 4 38 31 % 31 38 4 12 63 76 27
76 93 73 14 8 97 72 % 72 97 8 14 73 93 76
98 34 15 76 1 80 60 % 60 80 1 76 15 34 98
65 69 51 77 4 25 82 72 70 74 41 62 97 % 97 62 41 74 70 72 82 25 4 77 51 69 65
86 33 75 54 48 45 79 % 79 45 48 54 75 33 86
85 32 68 85 25 81 5 % 5 81 25 85 68 32 85
8 73 24 73 64 18 35 25 28 59 8 9 4 % 4 9 8 59 28 25 35 18 64 73 24 73 8
78 38 3 23 41 43 10 67 46 28 33 96 24 % 24 96 33 28 46 67 10 43 41 23 3 38 78
56 68 56 31 18 85 92 % 92 85 18 31 56 68 56
1 58 75 61 73 76 79 % 79 76 73 61 75 58 1
1 4 11 30 74 25 81 % 81 25 74 30 11 4 1
99 98 15 41 11 6 28 % 28 6 11 41 15 98 99
28 48 51 77 66 20 76 98 90 93 23 22 19 % 19 22 23 93 90 98 76 20 66 77 51 48 28
11 86 58 27 55 49 13 61 78 29 75 2 7 % 7 2 75 29 78 61 13 49 55 27 58 86 11
10 46 94 59 7 44 98 % 98 44 7 59 94 46 10
43 33 88 87 26 7 53 % 53 7 26 87 88 33 43
52 25 34 57 60 90 17 % 17 90 60 57 34 25 52
38 56 62 41 86 95 97 % 97 95 86 41 62 56 38
7 27 67 38 83 17 87 82 9 67 69 99 35 % 35 99 69 67 9 82 87 17 83 38 67 27 7
11 29 95 51 97 94 95 67 44 35 73 27 82 % 82 27 73 35 44 67 95 94 97 51 95 29 11
3 47 77 43 53 39 26 48 46 29 7 11 28 % 28 11 7 29 46 48 26 39 53 43 77 47 3
60 90 6 27 88 85 81 5 70 31 37 53 41 % 41 53 37 31 70 5 81 85 88 27 6 90 60
71 56 78 89 38 34 2 59 85 9 22 3 78 % 78 3 22 9 85 59 2 34 38 89 78 56 71
45 53 74 47 47 63 51 % 51 63 47 47 74 53 45
4 15 9 45 64 64 39 % 39 64 64 45 9 15 4
67 99 11 89 18 3 7 83 72 93 90 2 43 % 43 2 90 93 72 83 7 3 18 89 11 99 67
75 78 54 54 15 92 41 % 41 92 15 54 54 78 75
71 60 89 90 61 43 31 % 31 43 61 90 89 60 71
98 30 5 94 91 71 50 % 50 71 91 94 5 30 98
11 23 4 72 13 88 46 23 44 50 38 58 35 % 35 58 38 50 44 23 46 88 13 72 4 23 11
45 75 33 84 63 37 57 70 83 42 90 90 66 % 66 90 90 42 83 70 57 37 63 84 33 75 45
91 34 64 66 71 14 52 66 48 66 50 42 47 % 47 42 50 66 48 66 52 14 71 66 64 34 91
77 52 47 83 32 21 50 % 50 21 32 83 47 52 77
28 94 29 91 82 12 73 % 73 12 82 91 29 94 28
83 89 13 72 99 97 79 % 79 97 99 72 13 89 83
28 68 21 46 35 28 24 % 24 28 35 46 21 68 28
92 59 96 1 9 8 98 % 98 8 9 1 96 59 92
97 74 74 55 55 68 10 % 10 68 55 55 74 74 97
35 12 55 77 86 12 8 99 56 92 78 10 61 % 61 10 78 92 56 99 8 12 86 77 55 12 35
41 73 70 56 88 77 13 62 47 4 99 28 71 % 71 28 99 4 47 62 13 77 88 56 70 73 41
50 55 89 89 15 22 86 % 86 22 15 89 89 55 50
1 22 8 38 53 4 69 35 79 74 6 54 51 % 51 54 6 74 79 35 69 4 53 38 8 22 1
9 3 91 76 30 12 7 % 7 12 30 76 91 3 9
52 39 20 10 22 93 18 % 18 93 22 10 20 39 52
21 33 74 84 46 95 31 % 31 95 46 84 74 33 21
88 88 19 87 22 4 93 % 93 4 22 87 19 88 88
17 45 58 83 44 5 61 % 61 5 44 83 58 45 17
3 80 16 26 4 64 45 51 79 15 65 86 46 % 46 86 65 15 79 51 45 64 4 26 16 80 3
85 79 42 46 75 0 49 35 20 57 13 69 4 % 4 69 13 57 20 35 49 0 75 46 42 79 85
40 3 16 21 72 64 35 % 35 64 72 21 16 3 40
43 41 2 35 14 8 19 % 19 8 14 35 2 41 43
84 76 73 47 18 85 0 2 41 7 95 19 52 % 52 19 95 7 41 2 0 85 18 47 73 76 84
74 41 98 22 52 67 56 98 82 93 48 59 5 % 5 59 48 93 82 98 56 67 52 22 98 41 74
48 15 23 27 52 61 50 % 50 61 52 27 23 15 48
80 44 81 41 72 27 39 41 74 92 45 62 26 % 26 62 45 92 74 41 39 27 72 41 81 44 80
37 86 81 81 2 18 81 33 58 60 65 95 96 % 96 95 65 60 58 33 81 18 2 81 81 86 37
16 48 32 6 20 97 91 % 91 97 20 6 32 48 16
27 0 17 86 88 81 86 96 38 89 14 12 3 % 3 12 14 89 38 96 86 81 88 86 17 0 27
21 37 45 23 58 67 95 62 30 33 91 31 41 % 41 31 91 33 30 62 95 67 58 23 45 37 21
96 92 47 30 70 66 76 65 15 74 75 75 94 % 94 75 75 74 15 65 76 66 70 30 47 92 96
3 36 26 45 24 17 20 % 20 17 24 45 26 36 3
55 24 60 38 56 71 8 % 8 71 56 38 60 24 55
64 46 2 62 4 32 40 % 40 32 4 62 2 46 64
67 79 73 68 48 16 64 90 47 47 8 38 62 % 62 38 8 47 47 90 64 16 48 68 73 79 67
76 14 44 3 61 62 36 % 36 62 61 3 44 14 76
37 60 77 2 25 41 68 % 68 41 25 2 77 60 37
81 99 63 22 91 64 77 65 34 34 99 46 20 % 20 46 99 34 34 65 77 64 91 22 63 99 81
9 96 53 28 33 83 40 6 1 67 82 38 52 % 52 38 82 67 1 6 40 83 33 28 53 96 9
59 79 19 22 47 49 29 % 29 49 47 22 19 79 59
81 28 55 10 46 25 48 3 58 8 36 71 87 % 87 71 36 8 58 3 48 25 46 10 55 28 81
0 39 55 31 26 15 12 % 12 15 26 31 55 39 0
23 22 64 77 40 25 86 % 86 25 40 77 64 22 23
3 88 86 20 60 85 35 39 77 78 55 43 9 % 9 43 55 78 77 39 35 85 60 20 86 88 3
28 22 84 76 52 32 12 71 40 71 43 1 45 % 45 1 43 71 40 71 12 32 52 76 84 22 28
31 16 99 10 12 98 88 % 88 98 12 10 99 16 31
0 33 54 10 35 34 65 62 63 23 61 87 42 % 42 87 61 23 63 62 65 34 35 10 54 33 0
93 85 48 46 13 35 50 54 85 77 13 35 74 % 74 35 13 77 85 54 50 35 13 46 48 85 93
79 95 84 68 0 28 83 % 83 28 0 68 84 95 79
22 94 12 4 49 35 61 67 39 56 81 85 14 % 14 85 81 56 39 67 61 35 49 4 12 94 22
25 96 87 83 68 46 56 52 28 55 5 22 77 % 77 22 5 55 28 52 56 46 68 83 87 96 25
50 0 29 69 67 72 94 15 46 71 13 21 75 % 75 21 13 71 46 15 94 72 67 69 29 0 50
92 78 2 24 6 49 22 36 32 90 56 69 37 % 37 69 56 90 32 36 22 49 6 24 2 78 92
57 20 82 26 63 12 15 27 87 47 18 33 85 % 85 33 18 47 87 27 15 12 63 26 82 20 57
28 60 38 91 44 41 36 % 36 41 44 91 38 60 28
62 27 55 67 74 92 79 % 79 92 74 67 55 27 62
0 81 87 11 50 11 41 % 41 11 50 11 87 81 0
85 46 9 52 2 61 55 % 55 61 2 52 9 46 85
93 62 83 60 5 49 13 83 36 73 8 39 19 % 19 39 8 73 36 83 13 49 5 60 83 62 93
72 15 16 15 80 31 27 24 3 7 12 47 93 % 93 47 12 7 3 24 27 31 80 15 16 15 72
19 26 99 91 98 87 89 77 57 99 95 81 67 % 67 81 95 99 57 77 89 87 98 91 99 26 19
80 10 6 15 25 56 80 % 80 56 25 15 6 10 80
56 83 76 60 31 61 82 % 82 61 31 60 76 83 56
44 47 54 20 41 32 53 % 53 32 41 20 54 47 44
40 91 58 26 0 98 10 % 10 98 0 26 58 91 40
92 83 44 37 83 86 20 % 20 86 83 37 44 83 92
48 37 45 26 11 38 40 % 40 38 11 26 45 37 48
93 36 58 18 93 67 64 10 44 26 87 95 7 % 7 95 87 26 44 10 64 67 93 18 58 36 93
76 79 18 58 94 14 80 % 80 14 94 58 18 79 76
83 64 50 80 25 34 8 82 24 21 31 6 96 % 96 6 31 21 24 82 8 34 25 80 50 64 83
68 83 60 78 98 95 35 % 35 95 98 78 60 83 68
87 68 14 78 12 82 51 47 68 9 96 65 32 % 32 65 96 9 68 47 51 82 12 78 14 68 87
79 93 68 77 7 29 27 % 27 29 7 77 68 93 79
64 99 46 8 11 2 2 % 2 2 11 8 46 99 64
53 63 37 2 65 7 51 % 51 7 65 2 37 63 53
88 53 97 32 52 32 67 % 67 32 52 32 97 53 88
25 42 66 97 41 54 88 93 62 27 70 74 40 % 40 74 70 27 62 93 88 54 41 97 66 42 25
3 40 32 58 75 66 79 % 79 66 75 58 32 40 3
7 97 28 35 98 85 71 29 5 66 94 94 49 % 49 94 94 66 5 29 71 85 98 35 28 97 7
74 22 26 46 10 99 93 57 60 38 43 15 76 % 76 15 43 38 60 57 93 99 10 46 26 22 74
81 22 67 6 11 69 16 % 16 69 11 6 67 22 81
8 57 14 64 19 73 71 92 95 24 23 94 81 % 81 94 23 24 95 92 71 73 19 64 14 57 8
50 85 48 14 66 38 60 81 67 31 54 99 58 % 58 99 54 31 67 81 60 38 66 14 48 85 50
91 64 33 56 63 97 24 44 42 92 15 8 62 % 62 8 15 92 42 44 24 97 63 56 33 64 91
30 90 14 84 96 75 21 % 21 75 96 84 14 90 30
88 68 74 39 18 12 46 27 37 97 71 98 73 % 73 98 71 97 37 27 46 12 18 39 74 68 88
67 38 42 96 49 1 21 % 21 1 49 96 42 38 67
36 57 26 83 9 76 89 % 89 76 9 83 26 57 36
83 14 89 66 6 54 2 23 20 64 8 25 28 % 28 25 8 64 20 23 2 54 6 66 89 14 83
21 26 39 80 53 98 59 % 59 98 53 80 39 26 21
63 95 49 7 6 91 60 % 60 91 6 7 49 95 63
59 12 10 92 20 25 48 % 48 25 20 92 10 12 59
74 87 11 17 36 13 26 19 53 50 13 86 41 % 41 86 13 50 53 19 26 13 36 17 11 87 74
55 39 43 49 81 74 75 62 18 72 89 69 95 % 95 69 89 72 18 62 75 74 81 49 43 39 55
71 63 72 94 87 38 30 7 39 62 78 24 47 % 47 24 78 62 39 7 30 38 87 94 72 63 71
63 72 91 31 68 42 10 34 79 5 63 98 44 % 44 98 63 5 79 34 10 42 68 31 91 72 63
11 60 99 48 42 15 96 54 10 0 24 0 15 % 15 0 24 0 10 54 96 15 42 48 99 60 11
58 36 12 40 4 17 21 55 53 22 30 11 35 % 35 11 30 22 53 55 21 17 4 40 12 36 58
8 99 54 89 19 79 92 38 59 17 65 16 94 % 94 16 65 17 59 38 92 79 19 89 54 99 8
31 48 70 58 73 23 1 % 1 23 73 58 70 48 31
12 46 99 51 17 95 79 97 18 42 64 11 89 % 89 11 64 42 18 97 79 95 17 51 99 46 12
40 10 65 21 40 54 25 % 25 54 40 21 65 10 40
40 76 48 50 55 36 60 73 35 70 73 13 25 % 25 13 73 70 35 73 60 36 55 50 48 76 40
34 15 30 59 26 32 30 49 31 12 49 61 27 % 27 61 49 12 31 49 30 32 26 59 30 15 34
46 81 39 83 14 42 88 31 23 19 83 14 41 % 41 14 83 19 23 31 88 42 14 83 39 81 46
55 59 97 99 81 92 77 52 70 48 98 12 16 % 16 12 98 48 70 52 77 92 81 99 97 59 55
47 92 99 75 67 74 41 % 41 74 67 75 99 92 47
85 0 70 50 26 95 41 81 67 26 24 46 57 % 57 46 24 26 67 81 41 95 26 50 70 0 85
50 33 54 36 55 75 63 11 41 32 15 57 74 % 74 57 15 32 41 11 63 75 55 36 54 33 50
64 9 83 15 88 34 95 96 74 88 86 8 24 % 24 8 86 88 74 96 95 34 88 15 83 9 64
10 6 26 54 33 13 85 88 75 75 19 44 26 % 26 44 19 75 75 88 85 13 33 54 26 6 10
57 90 30 84 67 68 66 % 66 68 67 84 30 90 57
82 41 25 6 94 32 56 9 57 68 88 85 48 % 48 85 88 68 57 9 56 32 94 6 25 41 82
79 93 52 32 53 28 71 % 71 28 53 32 52 93 79
46 40 56 6 45 22 14 18 98 86 69 58 72 % 72 58 69 86 98 18 14 22 45 6 56 40 46
18 53 57 67 34 44 85 22 97 75 52 54 68 % 68 54 52 75 97 22 85 44 34 67 57 53 18
27 22 84 88 68 13 47 % 47 13 68 88 84 22 27
70 78 49 52 54 33 61 % 61 33 54 52 49 78 70
46 84 63 50 61 68 88 79 85 66 39 86 51 % 51 86 39 66 85 79 88 68 61 50 63 84 46
23 6 39 91 6 51 36 5 43 56 87 98 94 % 94 98 87 56 43 5 36 51 6 91 39 6 23
84 82 78 18 82 47 65 49 35 88 66 98 9 % 9 98 66 88 35 49 65 47 82 18 78 82 84
41 57 37 96 66 56 75 55 57 97 93 60 97 % 97 60 93 97 57 55 75 56 66 96 37 57 41
74 65 82 84 59 53 70 64 90 7 19 32 94 % 94 32 19 7 90 64 70 53 59 84 82 65 74
78 31 76 31 49 2 11 % 11 2 49 31 76 31 78
89 54 86 38 2 76 23 % 23 76 2 38 86 54 89
32 17 73 23 39 48 63 19 46 14 9 56 12 % 12 56 9 14 46 19 63 48 39 23 73 17 32
38 36 13 84 18 72 81 % 81 72 18 84 13 36 38
83 83 66 57 68 73 77 4 11 54 99 99 58 % 58 99 99 54 11 4 77 73 68 57 66 83 83
24 50 19 18 13 25 49 14 9 69 98 15 9 % 9 15 98 69 9 14 49 25 13 18 19 50 24
77 25 10 66 85 9 38 % 38 9 85 66 10 25 77
10 15 65 4 87 38 31 % 31 38 87 4 65 15 10
4 52 93 90 96 26 61 95 17 83 27 93 7 % 7 93 27 83 17 95 61 26 96 90 93 52 4
46 28 42 35 64 11 29 37 87 13 85 40 41 % 41 40 85 13 87 37 29 11 64 35 42 28 46
38 53 46 13 85 69 36 % 36 69 85 13 46 53 38
21 25 70 16 35 42 59 % 59 42 35 16 70 25 21
50 2 71 28 50 52 86 16 96 36 61 33 22 % 22 33 61 36 96 16 86 52 50 28 71 2 50
7 29 94 44 23 85 53 17 4 90 47 17 15 % 15 17 47 90 4 17 53 85 23 44 94 29 7
97 78 78 41 21 34 55 % 55 34 21 41 78 78 97
2 15 8 83 87 16 80 % 80 16 87 83 8 15 2
33 42 76 49 10 86 8 % 8 86 10 49 76 42 33
67 84 63 68 86 2 77 % 77 2 86 68 63 84 67
80 61 1 87 81 40 82 % 82 40 81 87 1 61 80
61 71 22 16 96 28 5 % 5 28 96 16 22 71 61
82 80 50 57 93 17 3 78 48 78 27 90 74 % 74 90 27 78 48 78 3 17 93 57 50 80 82
46 92 65 21 72 87 9 % 9 87 72 21 65 92 46
41 31 85 7 59 15 69 % 69 15 59 7 85 31 41
13 24 99 26 3 22 37 % 37 22 3 26 99 24 13
77 75 18 64 24 79 34 % 34 79 24 64 18 75 77
27 36 29 54 71 50 57 % 57 50 71 54 29 36 27
80 2 97 10 64 62 93 % 93 62 64 10 97 2 80
99 99 63 44 3 4 3 % 3 4 3 44 63 99 99
65 94 58 31 31 79 9 7 69 45 46 22 48 % 48 22 46 45 69 7 9 79 31 31 58 94 65
15 96 67 41 6 83 23 % 23 83 6 41 67 96 15
83 1 58 94 51 13 43 76 33 0 84 31 67 % 67 31 84 0 33 76 43 13 51 94 58 1 83
1 26 27 91 89 65 17 % 17 65 89 91 27 26 1
26 11 43 76 23 83 47 % 47 83 23 76 43 11 26
79 15 40 23 18 66 55 16 26 18 64 0 57 % 57 0 64 18 26 16 55 66 18 23 40 15 79
62 44 94 29 3 22 20 25 59 27 86 7 12 % 12 7 86 27 59 25 20 22 3 29 94 44 62
10 14 0 68 74 88 87 % 87 88 74 68 0 14 10
13 30 58 59 8 53 5 25 3 67 96 69 2 % 2 69 96 67 3 25 5 53 8 59 58 30 13
1 38 30 63 74 88 31 36 47 82 42 7 36 % 36 7 42 82 47 36 31 88 74 63 30 38 1
85 66 86 53 86 21 24 46 29 12 22 72 81 % 81 72 22 12 29 46 24 21 86 53 86 66 85
58 4 23 55 48 73 42 26 62 14 66 54 68 % 68 54 66 14 62 26 42 73 48 55 23 4 58
61 13 66 21 33 45 17 % 17 45 33 21 66 13 61
93 88 95 85 3 45 50 4 60 49 60 30 2 % 2 30 60 49 60 4 50 45 3 85 95 88 93
13 40 93 58 41 29 82 % 82 29 41 58 93 40 13
2 73 26 49 74 73 89 % 89 73 74 49 26 73 2
57 89 16 39 79 3 71 % 71 3 79 39 16 89 57
27 24 87 20 45 23 8 11 35 4 26 7 80 % 80 7 26 4 35 11 8 23 45 20 87 24 27
93 84 41 15 61 53 31 99 38 82 78 34 29 % 29 34 78 82 38 99 31 53 61 15 41 84 93
93 23 89 77 83 46 65 37 34 38 15 29 70 % 70 29 15 38 34 37 65 46 83 77 89 23 93
57 3 86 32 13 33 59 69 29 56 97 86 76 % 76 86 97 56 29 69 59 33 13 32 86 3 57
54 54 18 34 1 47 76 1 11 57 64 66 73 % 73 66 64 57 11 1 76 47 1 34 18 54 54
91 52 23 2 19 87 33 % 33 87 19 2 23 52 91
22 75 83 82 10 63 70 % 70 63 10 82 83 75 22
99 30 96 38 36 26 88 % 88 26 36 38 96 30 99
42 43 11 49 35 88 84 % 84 88 35 49 11 43 42
26 99 17 33 60 76 74 27 24 51 38 97 22 % 22 97 38 51 24 27 74 76 60 33 17 99 26
20 92 33 88 13 29 45 % 45 29 13 88 33 92 20
52 67 22 69 63 82 36 40 49 4 78 22 9 % 9 22 78 4 49 40 36 82 63 69 22 67 52
70 8 77 67 92 29 53 % 53 29 92 67 77 8 70
46 55 86 73 99 99 40 56 8 34 6 36 63 % 63 36 6 34 8 56 40 99 99 73 86 55 46
10 61 62 7 83 85 88 % 88 85 83 7 62 61 10
81 18 64 53 14 1 90 44 58 10 83 29 96 % 96 29 83 10 58 44 90 1 14 53 64 18 81
97 99 32 46 29 51 65 % 65 51 29 46 32 99 97
45 92 97 28 3 36 87 26 42 19 78 26 41 % 41 26 78 19 42 26 87 36 3 28 97 92 45
1 33 45 48 53 34 60 % 60 34 53 48 45 33 1
48 80 20 36 11 68 16 % 16 68 11 36 20 80 48
43 28 98 79 70 28 77 % 77 28 70 79 98 28 43
31 37 13 29 27 98 68 53 78 41 89 13 74 % 74 13 89 41 78 53 68 98 27 29 13 37 31
82 23 93 75 62 40 3 % 3 40 62 75 93 23 82
87 77 77 0 83 25 26 % 26 25 83 0 77 77 87
7 69 78 73 0 36 84 18 70 96 51 98 4 % 4 98 51 96 70 18 84 36 0 73 78 69 7
88 67 20 40 58 52 3 % 3 52 58 40 20 67 88
47 96 80 23 77 18 76 % 76 18 77 23 80 96 47
45 0 69 10 92 32 1 76 84 69 62 90 2 % 2 90 62 69 84 76 1 32 92 10 69 0 45
93 87 56 38 69 4 24 % 24 4 69 38 56 87 93
58 4 42 80 28 53 93 89 51 88 24 39 79 % 79 39 24 88 51 89 93 53 28 80 42 4 58
88 77 23 1 59 82 60 % 60 82 59 1 23 77 88
84 67 52 64 84 86 24 % 24 86 84 64 52 67 84
19 78 72 21 60 48 6 16 8 78 54 74 63 % 63 74 54 78 8 16 6 48 60 21 72 78 19
58 53 39 15 58 52 24 % 24 52 58 15 39 53 58
90 8 48 92 56 0 1 % 1 0 56 92 48 8 90
8 80 91 51 45 30 93 27 38 98 81 87 91 % 91 87 81 98 38 27 93 30 45 51 91 80 8
47 25 29 32 45 15 95 % 95 15 45 32 29 25 47
27 21 21 89 74 66 59 % 59 66 74 89 21 21 27
39 16 29 70 65 35 68 % 68 35 65 70 29 16 39
52 3 64 36 72 8 89 63 12 76 4 52 46 % 46 52 4 76 12 63 89 8 72 36 64 3 52
93 49 6 51 61 44 57 % 57 44 61 51 6 49 93
47 52 99 11 60 60 98 57 91 96 77 67 50 % 50 67 77 96 91 57 98 60 60 11 99 52 47
29 89 56 73 84 23 30 % 30 23 84 73 56 89 29
11 19 8 33 95 90 84 % 84 90 95 33 8 19 11
8 36 6 4 74 92 56 % 56 92 74 4 6 36 8
53 10 6 64 81 42 23 % 23 42 81 64 6 10 53
58 13 52 70 28 68 66 88 25 36 76 79 15 % 15 79 76 36 25 88 66 68 28 70 52 13 58
73 44 63 39 60 12 68 82 94 13 76 6 64 % 64 6 76 13 94 82 68 12 60 39 63 44 73
32 17 73 84 75 13 31 % 31 13 75 84 73 17 32
38 28 3 68 92 96 59 90 11 97 62 17 7 % 7 17 62 97 11 90 59 96 92 68 3 28 38
33 46 56 15 49 76 9 % 9 76 49 15 56 46 33
97 9 44 42 19 48 31 32 91 38 17 58 81 % 81 58 17 38 91 32 31 48 19 42 44 9 97
96 76 33 94 97 69 37 15 59 8 19 85 32 % 32 85 19 8 59 15 37 69 97 94 33 76 96
62 80 71 88 80 43 5 % 5 43 80 88 71 80 62
26 89 88 54 91 53 94 % 94 53 91 54 88 89 26
40 23 4 28 25 99 40 % 40 99 25 28 4 23 40
90 35 13 97 88 39 72 % 72 39 88 97 13 35 90
96 88 15 23 59 30 14 40 96 28 96 44 15 % 15 44 96 28 96 40 14 30 59 23 15 88 96
49 61 43 97 76 38 17 % 17 38 76 97 43 61 49
76 44 51 93 89 87 36 % 36 87 89 93 51 44 76
95 72 18 72 64 40 68 10 12 94 9 54 45 % 45 54 9 94 12 10 68 40 64 72 18 72 95
14 3 71 83 0 1 7 % 7 1 0 83 71 3 14
11 27 36 30 14 57 93 % 93 57 14 30 36 27 11
12 37 81 65 60 44 88 % 88 44 60 65 81 37 12
8 90 82 54 95 4 45 % 45 4 95 54 82 90 8
68 61 44 33 44 26 57 6 29 6 19 54 58 % 58 54 19 6 29 6 57 26 44 33 44 61 68
36 71 30 93 87 98 11 % 11 98 87 93 30 71 36
87 65 84 58 95 44 66 % 66 44 95 58 84 65 87
88 84 75 74 93 90 43 23 19 30 41 63 79 % 79 63 41 30 19 23 43 90 93 74 75 84 88
85 69 95 0 86 96 86 % 86 96 86 0 95 69 85
32 49 71 55 99 93 69 % 69 93 99 55 71 49 32
64 61 15 68 32 37 62 % 62 37 32 68 15 61 64
16 98 0 73 76 70 65 2 39 47 88 18 54 % 54 18 88 47 39 2 65 70 76 73 0 98 16
37 37 91 40 14 6 24 72 51 55 25 7 88 % 88 7 25 55 51 72 24 6 14 40 91 37 37
77 55 28 0 18 25 24 % 24 25 18 0 28 55 77
66 85 18 23 86 21 39 24 80 44 91 32 59 % 59 32 91 44 80 24 39 21 86 23 18 85 66
36 96 42 11 82 71 9 14 28 97 31 71 77 % 77 71 31 97 28 14 9 71 82 11 42 96 36
84 73 56 10 23 60 55 % 55 60 23 10 56 73 84
63 71 47 71 43 25 74 % 74 25 43 71 47 71 63
23 25 56 78 65 8 39 % 39 8 65 78 56 25 23
92 65 63 48 18 98 94 % 94 98 18 48 63 65 92
15 70 23 18 68 74 8 % 8 74 68 18 23 70 15
42 24 51 47 18 87 58 % 58 87 18 47 51 24 42
8 39 73 8 96 10 99 % 99 10 96 8 73 39 8
89 91 62 16 33 3 11 % 11 3 33 16 62 91 89
84 38 70 15 20 94 26 % 26 94 20 15 70 38 84
98 41 95 69 19 41 54 % 54 41 19 69 95 41 98
88 44 48 60 98 92 38 36 55 98 68 82 49 % 49 82 68 98 55 36 38 92 98 60 48 44 88
99 92 72 10 76 82 28 % 28 82 76 10 72 92 99
74 61 49 67 1 18 6 98 52 50 96 30 65 % 65 30 96 50 52 98 6 18 1 67 49 61 74
6 94 78 8 94 96 68 5 63 19 58 32 94 % 94 32 58 19 63 5 68 96 94 8 78 94 6
44 21 93 52 90 9 88 8 76 48 84 16 30 % 30 16 84 48 76 8 88 9 90 52 93 21 44
74 33 39 53 54 16 36 0 46 18 24 28 7 % 7 28 24 18 46 0 36 16 54 53 39 33 74
38 53 83 72 50 83 94 45 70 60 23 71 83 % 83 71 23 60 70 45 94 83 50 72 83 53 38
77 13 15 21 53 92 3 96 35 41 0 53 85 % 85 53 0 41 35 96 3 92 53 21 15 13 77
41 51 47 44 53 22 86 % 86 22 53 44 47 51 41
97 18 50 39 71 40 94 35 72 11 77 10 10 % 10 10 77 11 72 35 94 40 71 39 50 18 97
30 34 96 87 9 61 1 80 10 49 0 35 4 % 4 35 0 49 10 80 1 61 9 87 96 34 30
90 46 40 84 21 32 46 % 46 32 21 84 40 46 90
13 97 9 80 26 45 12 % 12 45 26 80 9 97 13
73 53 36 65 16 74 76 % 76 74 16 65 36 53 73
3 14 70 93 9 95 98 59 4 17 4 29 15 % 15 29 4 17 4 59 98 95 9 93 70 14 3
92 55 56 9 30 91 44 50 7 31 1 79 4 % 4 79 1 31 7 50 44 91 30 9 56 55 92
72 28 55 7 23 80 73 % 73 80 23 7 55 28 72
40 58 87 3 70 88 17 % 17 88 70 3 87 58 40
34 98 45 82 53 33 46 % 46 33 53 82 45 98 34
35 57 61 93 41 89 29 % 29 89 41 93 61 57 35
25 72 31 92 56 34 35 84 44 77 92 86 25 % 25 86 92 77 44 84 35 34 56 92 31 72 25
86 32 40 60 47 83 52 % 52 83 47 60 40 32 86
78 75 65 74 4 67 95 24 97 39 50 73 39 % 39 73 50 39 97 24 95 67 4 74 65 75 78
63 28 71 43 76 48 21 29 62 83 81 21 0 % 0 21 81 83 62 29 21 48 76 43 71 28 63
11 77 21 34 4 34 14 13 30 51 21 74 98 % 98 74 21 51 30 13 14 34 4 34 21 77 11
72 72 47 74 56 73 10 % 10 73 56 74 47 72 72
15 59 48 96 23 32 99 % 99 32 23 96 48 59 15
13 87 92 55 37 11 90 % 90 11 37 55 92 87 13
3 90 12 89 95 25 53 62 60 67 87 93 22 % 22 93 87 67 60 62 53 25 95 89 12 90 3
31 82 74 76 32 79 30 43 76 41 99 95 69 % 69 95 99 41 76 43 30 79 32 76 74 82 31
61 13 28 66 56 43 68 % 68 43 56 66 28 13 61
56 70 21 77 78 49 13 64 64 3 62 30 92 % 92 30 62 3 64 64 13 49 78 77 21 70 56
86 22 15 42 76 91 41 % 41 91 76 42 15 22 86
97 73 48 97 20 81 13 88 33 29 62 47 63 % 63 47 62 29 33 88 13 81 20 97 48 73 97
29 89 7 36 40 89 35 98 38 38 84 80 9 % 9 80 84 38 38 98 35 89 40 36 7 89 29
15 22 8 37 30 20 74 55 31 80 65 33 23 % 23 33 65 80 31 55 74 20 30 37 8 22 15
36 67 49 41 88 78 46 % 46 78 88 41 49 67 36
14 91 53 3 78 87 5 22 90 10 69 87 57 % 57 87 69 10 90 22 5 87 78 3 53 91 14
9 85 16 27 34 12 74 % 74 12 34 27 16 85 9
25 63 65 73 85 41 43 51 14 51 47 17 27 % 27 17 47 51 14 51 43 41 85 73 65 63 25
68 26 81 99 85 71 71 60 25 57 4 41 84 % 84 41 4 57 25 60 71 71 85 99 81 26 68
19 7 12 5 66 32 78 88 70 39 88 64 28 % 28 64 88 39 70 88 78 32 66 5 12 7 19
43 98 11 35 31 59 96 2 78 59 27 70 84 % 84 70 27 59 78 2 96 59 31 35 11 98 43
83 55 33 47 22 67 28 % 28 67 22 47 33 55 83
84 84 80 3 30 12 4 % 4 12 30 3 80 84 84
64 95 4 17 56 95 71 % 71 95 56 17 4 95 64
30 40 95 73 64 6 65 % 65 6 64 73 95 40 30
73 69 7 64 48 21 0 24 96 96 36 25 92 % 92 25 36 96 96 24 0 21 48 64 7 69 73
21 93 41 49 23 47 83 % 83 47 23 49 41 93 21
84 47 60 11 58 0 29 % 29 0 58 11 60 47 84
37 59 27 55 4 56 93 % 93 56 4 55 27 59 37
19 92 44 92 52 97 93 82 55 90 83 19 19 % 19 19 83 90 55 82 93 97 52 92 44 92 19
94 66 64 40 91 78 91 39 1 19 30 15 73 % 73 15 30 19 1 39 91 78 91 40 64 66 94
58 79 88 0 91 57 56 43 63 82 3 46 93 % 93 46 3 82 63 43 56 57 91 0 88 79 58
60 66 62 30 94 39 51 % 51 39 94 30 62 66 60
61 25 54 99 55 89 99 5 37 28 26 43 11 % 11 43 26 28 37 5 99 89 55 99 54 25 61
72 92 21 73 4 27 34 73 22 93 4 68 89 % 89 68 4 93 22 73 34 27 4 73 21 92 72
97 41 54 0 16 51 3 37 6 37 12 98 24 % 24 98 12 37 6 37 3 51 16 0 54 41 97
20 24 34 69 49 88 56 % 56 88 49 69 34 24 20
99 21 17 53 72 1 94 % 94 1 72 53 17 21 99
51 45 74 31 26 94 10 % 10 94 26 31 74 45 51
43 45 57 31 52 36 37 % 37 36 52 31 57 45 43
59 57 10 95 72 47 98 % 98 47 72 95 10 57 59
58 6 22 76 59 4 1 % 1 4 59 76 22 6 58
73 3 89 58 72 78 36 14 1 1 37 36 21 % 21 36 37 1 1 14 36 78 72 58 89 3 73
50 90 54 74 38 2 92 % 92 2 38 74 54 90 50
74 52 55 1 74 80 1 % 1 80 74 1 55 52 74
46 5 67 94 21 94 15 28 37 34 88 51 47 % 47 51 88 34 37 28 15 94 21 94 67 5 46
61 33 51 13 67 29 34 % 34 29 67 13 51 33 61
56 65 21 19 45 75 21 % 21 75 45 19 21 65 56
99 80 79 6 8 40 86 % 86 40 8 6 79 80 99
69 66 24 42 85 38 83 94 17 60 35 49 55 % 55 49 35 60 17 94 83 38 85 42 24 66 69
51 9 31 71 30 75 15 % 15 75 30 71 31 9 51
80 94 57 72 12 3 99 32 86 1 63 45 54 % 54 45 63 1 86 32 99 3 12 72 57 94 80
13 23 58 90 88 33 95 5 53 97 38 22 95 % 95 22 38 97 53 5 95 33 88 90 58 23 13
90 2 23 14 62 25 41 41 10 36 25 85 76 % 76 85 25 36 10 41 41 25 62 14 23 2 90
53 55 70 93 58 80 42 48 50 18 5 91 48 % 48 91 5 18 50 48 42 80 58 93 70 55 53
23 47 50 28 99 84 68 % 68 84 99 28 50 47 23
73 65 24 20 22 67 31 62 28 2 84 71 28 % 28 71 84 2 28 62 31 67 22 20 24 65 73
26 23 13 93 63 27 29 57 88 14 24 46 7 % 7 46 24 14 88 57 29 27 63 93 13 23 26
42 66 92 24 24 38 75 45 44 34 35 27 7 % 7 27 35 34 44 45 75 38 24 24 92 66 42
25 79 51 32 20 24 99 17 23 22 26 40 78 % 78 40 26 22 23 17 99 24 20 32 51 79 25
43 71 39 65 10 56 0 58 77 96 32 68 7 % 7 68 32 96 77 58 0 56 10 65 39 71 43
36 43 57 32 20 78 58 93 76 56 12 34 81 % 81 34 12 56 76 93 58 78 20 32 57 43 36
38 60 67 40 29 41 6 % 6 41 29 40 67 60 38
90 8 22 39 77 68 5 % 5 68 77 39 22 8 90
48 26 83 21 17 50 87 % 87 50 17 21 83 26 48
58 86 99 10 91 52 13 75 44 35 75 1 61 % 61 1 75 35 44 75 13 52 91 10 99 86 58
61 64 91 42 85 79 94 92 72 58 5 64 97 % 97 64 5 58 72 92 94 79 85 42 91 64 61
1 1 6 70 18 26 53 82 95 64 31 6 11 % 11 6 31 64 95 82 53 26 18 70 6 1 1
90 9 42 69 3 5 71 % 71 5 3 69 42 9 90
51 91 43 13 66 42 48 67 16 49 3 25 0 % 0 25 3 49 16 67 48 42 66 13 43 91 51
51 81 63 86 16 51 33 % 33 51 16 86 63 81 51
43 15 96 2 6 19 57 % 57 19 6 2 96 15 43
97 87 33 35 57 48 71 8 53 58 61 37 24 % 24 37 61 58 53 8 71 48 57 35 33 87 97
18 67 1 18 29 20 14 54 67 63 61 93 74 % 74 93 61 63 67 54 14 20 29 18 1 67 18
15 90 84 7 28 71 1 7 13 13 6 61 88 % 88 61 6 13 13 7 1 71 28 7 84 90 15
82 72 86 81 18 34 86 63 90 18 3 14 6 % 6 14 3 18 90 63 86 34 18 81 86 72 82
7 28 13 75 2 26 33 65 4 57 55 89 40 % 40 89 55 57 4 65 33 26 2 75 13 28 7
3 50 50 9 69 94 97 16 40 5 12 43 60 % 60 43 12 5 40 16 97 94 69 9 50 50 3
76 4 91 47 81 1 44 % 44 1 81 47 91 4 76
26 27 68 22 87 79 49 81 32 40 43 41 86 % 86 41 43 40 32 81 49 79 87 22 68 27 26
49 38 28 11 98 72 80 40 12 72 17 48 73 % 73 48 17 72 12 40 80 72 98 11 28 38 49
35 31 15 26 71 22 78 39 3 47 22 0 65 % 65 0 22 47 3 39 78 22 71 26 15 31 35
98 42 88 60 10 75 81 % 81 75 10 60 88 42 98
92 4 97 8 69 78 82 68 93 22 37 11 51 % 51 11 37 22 93 68 82 78 69 8 97 4 92
56 76 9 33 78 35 74 55 93 92 99 50 62 % 62 50 99 92 93 55 74 35 78 33 9 76 56
33 87 87 18 69 93 70 % 70 93 69 18 87 87 33
51 58 19 13 9 7 32 % 32 7 9 13 19 58 51
67 42 59 45 18 73 14 % 14 73 18 45 59 42 67
59 20 18 86 91 74 83 % 83 74 91 86 18 20 59
19 53 25 43 20 74 88 42 30 67 72 95 56 % 56 95 72 67 30 42 88 74 20 43 25 53 19
4 32 6 96 52 58 12 94 86 39 37 14 55 % 55 14 37 39 86 94 12 58 52 96 6 32 4
55 79 69 2 4 20 1 % 1 20 4 2 69 79 55
59 69 87 19 1 98 87 % 87 98 1 19 87 69 59
44 46 98 71 90 13 91 % 91 13 90 71 98 46 44
64 72 53 48 68 23 7 % 7 23 68 48 53 72 64
25 44 60 88 77 58 79 87 37 13 14 8 18 % 18 8 14 13 37 87 79 58 77 88 60 44 25
57 56 7 25 91 39 60 21 27 83 90 87 66 % 66 87 90 83 27 21 60 39 91 25 7 56 57
11 67 53 67 56 4 96 76 23 19 32 53 76 % 76 53 32 19 23 76 96 4 56 67 53 67 11
55 96 1 71 57 62 87 % 87 62 57 71 1 96 55
40 49 57 27 27 70 5 9 75 11 19 89 57 % 57 89 19 11 75 9 5 70 27 27 57 49 40
72 44 48 20 41 39 29 35 95 38 56 97 67 % 67 97 56 38 95 35 29 39 41 20 48 44 72
1 9 85 9 67 11 23 74 52 2 66 71 14 % 14 71 66 2 52 74 23 11 67 9 85 9 1
32 37 77 73 12 39 11 33 51 44 6 52 64 % 64 52 6 44 51 33 11 39 12 73 77 37 32
55 32 74 25 89 65 97 % 97 65 89 25 74 32 55
77 36 83 84 50 87 42 83 77 8 54 56 8 % 8 56 54 8 77 83 42 87 50 84 83 36 77
72 30 32 38 40 47 35 % 35 47 40 38 32 30 72
31 95 73 60 47 61 70 % 70 61 47 60 73 95 31
40 90 78 40 90 33 76 75 90 76 80 34 38 % 38 34 80 76 90 75 76 33 90 40 78 90 40
1 86 17 10 47 25 69 % 69 25 47 10 17 86 1
6 24 34 89 7 59 55 % 55 59 7 89 34 24 6
29 65 9 17 46 73 10 % 10 73 46 17 9 65 29
29 30 45 48 19 64 42 32 10 80 71 13 62 % 62 13 71 80 10 32 42 64 19 48 45 30 29
13 13 72 54 37 7 92 % 92 7 37 54 72 13 13
98 35 56 93 13 79 92 % 92 79 13 93 56 35 98
45 78 85 75 87 18 39 % 39 18 87 75 85 78 45
11 13 30 4 32 37 25 61 11 68 94 90 54 % 54 90 94 68 11 61 25 37 32 4 30 13 11
89 80 46 12 19 68 5 91 5 83 96 34 22 % 22 34 96 83 5 91 5 68 19 12 46 80 89
25 87 1 20 60 93 28 % 28 93 60 20 1 87 25
56 19 81 95 54 94 12 79 98 16 22 59 60 % 60 59 22 16 98 79 12 94 54 95 81 19 56
4 95 1 63 67 45 51 % 51 45 67 63 1 95 4
29 77 11 83 44 99 42 69 76 50 79 83 59 % 59 83 79 50 76 69 42 99 44 83 11 77 29
65 22 31 16 38 38 52 % 52 38 38 16 31 22 65
34 31 60 98 95 31 89 27 28 64 84 92 44 % 44 92 84 64 28 27 89 31 95 98 60 31 34
89 87 81 0 50 84 38 85 1 32 21 51 88 % 88 51 21 32 1 85 38 84 50 0 81 87 89
42 90 48 58 8 78 71 62 0 80 99 38 50 % 50 38 99 80 0 62 71 78 8 58 48 90 42
30 61 66 36 96 12 41 % 41 12 96 36 66 61 30
99 89 7 49 58 67 19 28 20 14 55 87 97 % 97 87 55 14 20 28 19 67 58 49 7 89 99
92 7 38 7 78 44 85 % 85 44 78 7 38 7 92
40 77 58 24 82 11 17 % 17 11 82 24 58 77 40
52 63 37 36 21 6 19 % 19 6 21 36 37 63 52
15 7 22 40 33 22 25 % 25 22 33 40 22 7 15
14 10 35 81 60 38 47 17 67 74 22 32 94 % 94 32 22 74 67 17 47 38 60 81 35 10 14
69 74 40 90 37 26 55 % 55 26 37 90 40 74 69
99 11 27 50 20 37 31 66 71 89 55 54 86 % 86 54 55 89 71 66 31 37 20 50 27 11 99
24 45 5 76 26 54 82 % 82 54 26 76 5 45 24
9 67 54 27 53 65 6 81 21 17 69 91 73 % 73 91 69 17 21 81 6 65 53 27 54 67 9
29 64 34 98 52 98 45 % 45 98 52 98 34 64 29
2 67 10 31 62 86 28 57 77 28 95 28 35 % 35 28 95 28 77 57 28 86 62 31 10 67 2
64 42 91 95 84 65 97 93 22 41 54 79 46 % 46 79 54 41 22 93 97 65 84 95 91 42 64
24 45 37 93 41 80 93 % 93 80 41 93 37 45 24
23 5 87 98 10 86 94 64 88 57 6 49 72 % 72 49 6 57 88 64 94 86 10 98 87 5 23
73 44 94 25 33 78 72 % 72 78 33 25 94 44 73
35 0 4 24 47 40 28 89 19 17 81 46 80 % 80 46 81 17 19 89 28 40 47 24 4 0 35
33 97 58 64 87 51 71 87 23 0 76 45 18 % 18 45 76 0 23 87 71 51 87 64 58 97 33
79 44 39 39 16 24 60 % 60 24 16 39 39 44 79
83 67 83 28 49 31 56 % 56 31 49 28 83 67 83
25 2 88 21 17 37 26 46 11 16 84 63 18 % 18 63 84 16 11 46 26 37 17 21 88 2 25
85 40 56 33 95 48 53 77 38 14 27 66 54 % 54 66 27 14 38 77 53 48 95 33 56 40 85
44 0 76 92 45 39 1 30 52 18 44 63 88 % 88 63 44 18 52 30 1 39 45 92 76 0 44
58 64 95 65 61 49 40 % 40 49 61 65 95 64 58
31 37 67 34 67 24 0 % 0 24 67 34 67 37 31
99 27 76 48 84 24 81 36 78 86 99 99 79 % 79 99 99 86 78 36 81 24 84 48 76 27 99
12 31 87 33 97 3 83 % 83 3 97 33 87 31 12
33 67 36 68 68 3 85 44 9 69 17 33 40 % 40 33 17 69 9 44 85 3 68 68 36 67 33
3 9 55 15 11 78 18 66 34 74 37 87 65 % 65 87 37 74 34 66 18 78 11 15 55 9 3
59 44 89 28 49 60 4 5 95 86 8 74 28 % 28 74 8 86 95 5 4 60 49 28 89 44 59
60 33 65 59 54 73 56 % 56 73 54 59 65 33 60
36 63 17 18 32 61 34 % 34 61 32 18 17 63 36
32 91 21 58 47 88 51 0 80 80 80 46 21 % 21 46 80 80 80 0 51 88 47 58 21 91 32
47 93 20 3 61 83 79 45 53 22 23 95 43 % 43 95 23 22 53 45 79 83 61 3 20 93 47
30 36 24 57 26 9 26 63 7 85 8 36 61 % 61 36 8 85 7 63 26 9 26 57 24 36 30
11 52 80 1 37 94 46 % 46 94 37 1 80 52 11
41 27 38 45 8 25 32 10 55 16 91 55 10 % 10 55 91 16 55 10 32 25 8 45 38 27 41
93 33 58 16 18 68 71 % 71 68 18 16 58 33 93
76 92 64 86 33 86 13 % 13 86 33 86 64 92 76
31 8 37 0 93 76 56 58 92 66 73 80 49 % 49 80 73 66 92 58 56 76 93 0 37 8 31
44 14 55 81 65 39 24 % 24 39 65 81 55 14 44
39 47 62 60 82 90 63 % 63 90 82 60 62 47 39
52 42 46 60 15 79 52 % 52 79 15 60 46 42 52
60 3 22 88 55 69 89 % 89 69 55 88 22 3 60
56 89 25 60 90 54 78 33 88 37 81 27 99 % 99 27 81 37 88 33 78 54 90 60 25 89 56
67 15 50 93 54 86 77 % 77 86 54 93 50 15 67
21 99 47 95 52 43 98 0 51 21 31 88 33 % 33 88 31 21 51 0 98 43 52 95 47 99 21
96 9 65 80 95 85 51 24 84 15 29 35 50 % 50 35 29 15 84 24 51 85 95 80 65 9 96
66 39 79 38 98 33 85 93 70 20 42 71 2 % 2 71 42 20 70 93 85 33 98 38 79 39 66
98 17 77 36 18 3 52 % 52 3 18 36 77 17 98
15 74 1 38 41 25 76 % 76 25 41 38 1 74 15
49 40 50 41 78 70 14 % 14 70 78 41 50 40 49
38 79 90 95 36 6 22 36 61 22 63 96 91 % 91 96 63 22 61 36 22 6 36 95 90 79 38
3 16 9 71 53 55 36 1 91 11 80 26 20 % 20 26 80 11 91 1 36 55 53 71 9 16 3
0 11 49 3 72 72 2 72 55 26 13 6 55 % 55 6 13 26 55 72 2 72 72 3 49 11 0
86 47 58 41 15 98 67 18 41 95 93 62 80 % 80 62 93 95 41 18 67 98 15 41 58 47 86
69 91 54 8 36 19 19 50 22 74 72 84 32 % 32 84 72 74 22 50 19 19 36 8 54 91 69
44 90 7 79 23 31 54 % 54 31 23 79 7 90 44
79 92 2 33 2 90 47 12 56 73 71 20 92 % 92 20 71 73 56 12 47 90 2 33 2 92 79
59 85 98 39 61 33 28 51 41 43 80 59 65 % 65 59 80 43 41 51 28 33 61 39 98 85 59
49 32 61 47 63 67 54 15 88 66 41 30 10 % 10 30 41 66 88 15 54 67 63 47 61 32 49
43 41 15 77 47 81 10 12 39 34 74 51 9 % 9 51 74 34 39 12 10 81 47 77 15 41 43
89 11 58 15 49 66 42 % 42 66 49 15 58 11 89
71 55 63 34 3 63 57 % 57 63 3 34 63 55 71
6 66 19 50 12 34 33 % 33 34 12 50 19 66 6
46 25 63 9 48 79 60 22 10 26 6 40 86 % 86 40 6 26 10 22 60 79 48 9 63 25 46
31 44 14 42 10 35 9 % 9 35 10 42 14 44 31
21 35 1 32 56 18 77 26 0 75 45 37 95 % 95 37 45 75 0 26 77 18 56 32 1 35 21
18 94 9 52 65 5 87 % 87 5 65 52 9 94 18
97 15 5 24 8 92 69 58 96 16 56 1 12 % 12 1 56 16 96 58 69 92 8 24 5 15 97
33 45 33 62 92 80 65 % 65 80 92 62 33 45 33
46 75 39 86 5 34 66 % 66 34 5 86 39 75 46
34 68 26 8 78 67 45 77 61 57 65 75 5 % 5 75 65 57 61 77 45 67 78 8 26 68 34
28 99 15 32 11 0 37 81 23 16 55 3 88 % 88 3 55 16 23 81 37 0 11 32 15 99 28
15 34 48 89 15 88 75 39 69 36 68 26 82 % 82 26 68 36 69 39 75 88 15 89 48 34 15
77 4 6 66 69 30 22 2 11 28 77 12 69 % 69 12 77 28 11 2 22 30 69 66 6 4 77
45 6 2 72 4 69 94 % 94 69 4 72 2 6 45
38 94 69 45 43 64 25 54 30 69 14 87 92 % 92 87 14 69 30 54 25 64 43 45 69 94 38
36 90 61 32 82 27 63 34 61 80 73 20 6 % 6 20 73 80 61 34 63 27 82 32 61 90 36
41 53 66 65 44 73 28 25 72 65 10 22 76 % 76 22 10 65 72 25 28 73 44 65 66 53 41
22 21 67 67 77 70 84 % 84 70 77 67 67 21 22
63 77 90 39 94 28 10 % 10 28 94 39 90 77 63
61 13 72 99 29 5 12 12 54 95 49 76 68 % 68 76 49 95 54 12 12 5 29 99 72 13 61
93 70 78 69 72 82 58 % 58 82 72 69 78 70 93
35 8 91 42 31 28 70 % 70 28 31 42 91 8 35
61 43 36 97 41 96 38 8 23 35 17 66 60 % 60 66 17 35 23 8 38 96 41 97 36 43 61
33 49 32 5 25 27 60 % 60 27 25 5 32 49 33
11 57 80 58 51 72 67 % 67 72 51 58 80 57 11
86 48 70 94 48 83 75 72 0 57 79 74 8 % 8 74 79 57 0 72 75 83 48 94 70 48 86
40 25 9 31 76 10 68 % 68 10 76 31 9 25 40
76 10 95 42 95 57 66 % 66 57 95 42 95 10 76
71 86 87 83 99 8 9 87 12 81 59 97 44 % 44 97 59 81 12 87 9 8 99 83 87 86 71
45 25 25 67 82 68 50 % 50 68 82 67 25 25 45
2 29 16 31 66 67 16 % 16 67 66 31 16 29 2
97 65 45 41 1 97 45 88 93 32 52 47 34 % 34 47 52 32 93 88 45 97 1 41 45 65 97
84 82 32 34 5 48 27 37 20 47 31 49 77 % 77 49 31 47 20 37 27 48 5 34 32 82 84
19 78 50 24 16 46 12 62 23 76 27 67 14 % 14 67 27 76 23 62 12 46 16 24 50 78 19
62 7 25 85 74 56 7 % 7 56 74 85 25 7 62
67 91 60 84 54 59 30 27 40 40 74 5 79 % 79 5 74 40 40 27 30 59 54 84 60 91 67
34 38 79 16 0 33 68 % 68 33 0 16 79 38 34
88 84 9 94 20 63 72 % 72 63 20 94 9 84 88
14 65 47 87 54 20 20 % 20 20 54 87 47 65 14
30 12 43 26 93 51 50 % 50 51 93 26 43 12 30
48 66 73 69 26 61 4 % 4 61 26 69 73 66 48
96 76 86 88 34 32 2 75 54 74 76 19 56 % 56 19 76 74 54 75 2 32 34 88 86 76 96
56 58 39 1 12 85 26 15 50 1 52 54 80 % 80 54 52 1 50 15 26 85 12 1 39 58 56
79 90 99 57 56 85 55 87 29 17 96 28 88 % 88 28 96 17 29 87 55 85 56 57 99 90 79
96 18 26 10 35 53 35 % 35 53 35 10 26 18 96
11 2 96 86 64 63 32 17 98 43 5 74 59 % 59 74 5 43 98 17 32 63 64 86 96 2 11
75 64 51 58 93 27 29 % 29 27 93 58 51 64 75
99 3 15 12 54 14 36 59 46 6 52 23 41 % 41 23 52 6 46 59 36 14 54 12 15 3 99
90 85 45 62 42 56 9 32 3 22 31 82 18 % 18 82 31 22 3 32 9 56 42 62 45 85 90
39 22 46 97 49 27 38 % 38 27 49 97 46 22 39
98 45 53 59 79 42 81 99 41 63 75 89 17 % 17 89 75 63 41 99 81 42 79 59 53 45 98
38 25 66 17 85 82 65 % 65 82 85 17 66 25 38
20 44 98 88 9 84 96 92 47 63 36 19 35 % 35 19 36 63 47 92 96 84 9 88 98 44 20
73 23 63 56 88 86 96 9 34 70 1 38 78 % 78 38 1 70 34 9 96 86 88 56 63 23 73
31 68 30 38 87 96 73 10 83 21 91 56 52 % 52 56 91 21 83 10 73 96 87 38 30 68 31
68 16 51 23 21 14 40 % 40 14 21 23 51 16 68
29 42 16 7 3 95 91 % 91 95 3 7 16 42 29
10 18 4 47 34 98 3 38 43 37 7 28 40 % 40 28 7 37 43 38 3 98 34 47 4 18 10
12 26 79 7 96 29 0 32 7 9 21 54 37 % 37 54 21 9 7 32 0 29 96 7 79 26 12
93 92 10 73 18 6 81 89 22 29 3 70 42 % 42 70 3 29 22 89 81 6 18 73 10 92 93
69 53 13 8 94 98 22 21 59 80 91 34 57 % 57 34 91 80 59 21 22 98 94 8 13 53 69
34 23 98 35 80 59 92 % 92 59 80 35 98 23 34
64 87 64 94 22 54 8 7 65 45 24 65 23 % 23 65 24 45 65 7 8 54 22 94 64 87 64
61 62 6 88 2 80 88 % 88 80 2 88 6 62 61
86 81 24 42 23 33 83 % 83 33 23 42 24 81 86
46 42 83 88 45 90 8 % 8 90 45 88 83 42 46
18 26 34 86 85 91 89 67 21 98 78 77 23 % 23 77 78 98 21 67 89 91 85 86 34 26 18
70 59 99 25 0 97 29 % 29 97 0 25 99 59 70
0 26 68 17 42 75 23 14 67 3 72 45 10 % 10 45 72 3 67 14 23 75 42 17 68 26 0
57 95 62 28 52 49 64 23 32 52 39 55 27 % 27 55 39 52 32 23 64 49 52 28 62 95 57
34 2 76 12 91 22 75 59 45 17 38 73 92 % 92 73 38 17 45 59 75 22 91 12 76 2 34
24 69 21 1 47 63 79 % 79 63 47 1 21 69 24
77 82 76 5 57 71 98 46 19 10 81 60 90 % 90 60 81 10 19 46 98 71 57 5 76 82 77
23 56 81 98 12 6 30 % 30 6 12 98 81 56 23
47 3 6 48 92 69 29 73 43 30 90 22 77 % 77 22 90 30 43 73 29 69 92 48 6 3 47
66 60 51 36 98 17 41 % 41 17 98 36 51 60 66
23 8 13 7 98 37 63 % 63 37 98 7 13 8 23
61 52 73 72 78 73 25 % 25 73 78 72 73 52 61
96 23 16 41 9 81 19 22 49 30 83 15 18 % 18 15 83 30 49 22 19 81 9 41 16 23 96
91 12 76 90 25 47 19 57 74 74 58 59 56 % 56 59 58 74 74 57 19 47 25 90 76 12 91
3 2 31 56 98 4 29 % 29 4 98 56 31 2 3
61 55 5 89 12 98 77 % 77 98 12 89 5 55 61
96 67 81 86 46 74 80 % 80 74 46 86 81 67 96
0 23 54 5 15 21 53 % 53 21 15 5 54 23 0
17 30 52 79 72 10 44 21 88 17 58 37 30 % 30 37 58 17 88 21 44 10 72 79 52 30 17
26 3 65 65 45 19 61 16 91 6 41 90 73 % 73 90 41 6 91 16 61 19 45 65 65 3 26
41 69 4 33 72 34 96 76 86 97 84 87 25 % 25 87 84 97 86 76 96 34 72 33 4 69 41
31 37 82 33 61 1 0 30 78 42 13 78 66 % 66 78 13 42 78 30 0 1 61 33 82 37 31
59 87 84 83 21 8 56 86 63 67 43 42 3 % 3 42 43 67 63 86 56 8 21 83 84 87 59
28 34 3 25 30 17 19 94 29 35 44 19 72 % 72 19 44 35 29 94 19 17 30 25 3 34 28
44 64 11 92 88 91 27 53 54 20 87 62 4 % 4 62 87 20 54 53 27 91 88 92 11 64 44
26 82 84 48 84 25 43 58 54 96 54 82 98 % 98 82 54 96 54 58 43 25 84 48 84 82 26
12 10 50 42 46 41 74 69 94 88 75 21 83 % 83 21 75 88 94 69 74 41 46 42 50 10 12
88 8 44 11 83 96 9 % 9 96 83 11 44 8 88
43 66 99 26 35 87 18 % 18 87 35 26 99 66 43
90 78 37 55 4 28 13 46 6 37 91 18 59 % 59 18 91 37 6 46 13 28 4 55 37 78 90
44 66 90 53 28 27 21 85 20 55 13 55 71 % 71 55 13 55 20 85 21 27 28 53 90 66 44
72 11 71 5 3 63 16 67 80 48 86 2 90 % 90 2 86 48 80 67 16 63 3 5 71 11 72
57 3 95 89 28 15 50 84 99 32 34 41 33 % 33 41 34 32 99 84 50 15 28 89 95 3 57
65 38 56 0 87 11 55 65 63 60 69 55 57 % 57 55 69 60 63 65 55 11 87 0 56 38 65
44 30 53 16 95 68 73 64 60 59 49 80 10 % 10 80 49 59 60 64 73 68 95 16 53 30 44
83 47 1 25 25 71 36 % 36 71 25 25 1 47 83
29 41 24 70 68 77 93 % 93 77 68 70 24 41 29
10 2 91 84 35 26 25 36 41 0 61 67 22 % 22 67 61 0 41 36 25 26 35 84 91 2 10
78 33 57 50 59 46 84 70 88 27 35 85 68 % 68 85 35 27 88 70 84 46 59 50 57 33 78
0 90 30 17 71 39 98 57 26 33 56 17 20 % 20 17 56 33 26 57 98 39 71 17 30 90 0
90 46 95 77 89 5 98 % 98 5 89 77 95 46 90
17 31 94 14 38 65 20 88 14 9 70 81 44 % 44 81 70 9 14 88 20 65 38 14 94 31 17
52 14 74 74 67 48 88 20 99 61 11 46 21 % 21 46 11 61 99 20 88 48 67 74 74 14 52
25 99 27 72 44 82 6 % 6 82 44 72 27 99 25
13 70 66 48 6 38 11 5 7 69 71 72 40 % 40 72 71 69 7 5 11 38 6 48 66 70 13
0 78 40 9 53 67 26 % 26 67 53 9 40 78 0
48 50 62 42 82 78 57 15 12 17 30 39 9 % 9 39 30 17 12 15 57 78 82 42 62 50 48
0 21 28 90 57 96 97 39 25 0 96 0 33 % 33 0 96 0 25 39 97 96 57 90 28 21 0
7 41 56 74 16 52 68 86 9 13 99 1 14 % 14 1 99 13 9 86 68 52 16 74 56 41 7
11 33 33 23 21 98 26 49 22 95 74 22 65 % 65 22 74 95 22 49 26 98 21 23 33 33 11
92 42 44 37 38 89 88 % 88 89 38 37 44 42 92
31 73 70 84 94 41 46 % 46 41 94 84 70 73 31
38 24 42 58 75 96 76 % 76 96 75 58 42 24 38
37 66 10 23 31 8 30 % 30 8 31 23 10 66 37
42 66 58 14 78 30 21 % 21 30 78 14 58 66 42
82 47 67 84 76 47 51 % 51 47 76 84 67 47 82
73 10 9 31 11 61 99 24 2 37 70 6 29 % 29 6 70 37 2 24 99 61 11 31 9 10 73
46 82 93 2 2 54 94 56 33 29 27 4 38 % 38 4 27 29 33 56 94 54 2 2 93 82 46
87 43 77 83 58 8 34 % 34 8 58 83 77 43 87
96 35 13 27 37 23 86 39 67 71 82 60 91 % 91 60 82 71 67 39 86 23 37 27 13 35 96
3 39 10 20 57 30 20 29 35 54 17 80 74 % 74 80 17 54 35 29 20 30 57 20 10 39 3
17 62 83 50 10 99 96 % 96 99 10 50 83 62 17
18 24 68 10 44 46 87 % 87 46 44 10 68 24 18
17 73 41 79 60 83 49 % 49 83 60 79 41 73 17
20 61 67 47 56 18 20 % 20 18 56 47 67 61 20
10 20 75 4 4 23 49 % 49 23 4 4 75 20 10
6 8 24 28 48 5 60 % 60 5 48 28 24 8 6
75 33 36 82 52 88 64 % 64 88 52 82 36 33 75
33 46 10 80 27 59 47 % 47 59 27 80 10 46 33
8 16 66 5 87 46 30 % 30 46 87 5 66 16 8
9 49 54 37 99 19 56 29 84 33 30 57 37 % 37 57 30 33 84 29 56 19 99 37 54 49 9
81 87 25 92 44 91 53 % 53 91 44 92 25 87 81
6 52 31 30 51 49 99 49 79 36 77 20 99 % 99 20 77 36 79 49 99 49 51 30 31 52 6
68 32 27 0 59 72 63 % 63 72 59 0 27 32 68
40 12 90 41 41 28 47 % 47 28 41 41 90 12 40
5 34 38 80 94 47 57 % 57 47 94 80 38 34 5
92 98 98 53 13 3 26 % 26 3 13 53 98 98 92
54 84 38 26 71 78 63 43 69 22 93 56 18 % 18 56 93 22 69 43 63 78 71 26 38 84 54
73 56 63 68 37 87 32 95 26 60 39 66 43 % 43 66 39 60 26 95 32 87 37 68 63 56 73
71 32 2 28 28 75 88 83 74 84 62 72 19 % 19 72 62 84 74 83 88 75 28 28 2 32 71
51 72 78 95 89 0 94 % 94 0 89 95 78 72 51
94 92 51 88 42 40 9 20 65 13 68 33 92 % 92 33 68 13 65 20 9 40 42 88 51 92 94
6 83 1 80 56 76 58 % 58 76 56 80 1 83 6
24 93 35 35 70 26 20 66 57 41 69 85 43 % 43 85 69 41 57 66 20 26 70 35 35 93 24
53 45 91 33 71 73 28 32 20 17 21 31 73 % 73 31 21 17 20 32 28 73 71 33 91 45 53
85 52 19 17 62 44 70 % 70 44 62 17 19 52 85
90 8 20 58 90 17 16 86 97 82 11 15 68 % 68 15 11 82 97 86 16 17 90 58 20 8 90
24 21 91 67 95 87 43 % 43 87 95 67 91 21 24
95 83 22 73 20 29 76 % 76 29 20 73 22 83 95
75 27 6 76 9 90 52 18 12 24 71 14 22 % 22 14 71 24 12 18 52 90 9 76 6 27 75
18 99 59 55 70 22 49 % 49 22 70 55 59 99 18
13 19 50 15 34 78 6 96 49 89 35 8 74 % 74 8 35 89 49 96 6 78 34 15 50 19 13
6 35 43 23 59 89 38 62 91 66 13 96 38 % 38 96 13 66 91 62 38 89 59 23 43 35 6
10 25 51 24 89 50 87 24 19 4 80 66 46 % 46 66 80 4 19 24 87 50 89 24 51 25 10
78 66 81 22 41 83 75 % 75 83 41 22 81 66 78
44 21 44 40 36 76 65 % 65 76 36 40 44 21 44
73 40 38 28 32 45 97 51 51 63 42 77 23 % 23 77 42 63 51 51 97 45 32 28 38 40 73
78 34 20 86 11 49 54 % 54 49 11 86 20 34 78
7 44 98 55 12 60 40 % 40 60 12 55 98 44 7
4 31 96 13 67 57 35 % 35 57 67 13 96 31 4
43 68 88 38 13 34 24 % 24 34 13 38 88 68 43
44 95 73 55 69 82 74 % 74 82 69 55 73 95 44
98 97 46 91 66 17 52 % 52 17 66 91 46 97 98
14 81 30 80 77 23 97 57 13 53 98 92 36 % 36 92 98 53 13 57 97 23 77 80 30 81 14
36 58 67 44 92 98 37 % 37 98 92 44 67 58 36
60 65 45 46 49 5 79 % 79 5 49 46 45 65 60
73 67 26 18 2 21 58 44 44 25 24 94 9 % 9 94 24 25 44 44 58 21 2 18 26 67 73
76 64 4 14 10 71 77 66 67 38 1 12 62 % 62 12 1 38 67 66 77 71 10 14 4 64 76
22 79 73 36 82 62 22 % 22 62 82 36 73 79 22
53 76 87 42 2 65 16 % 16 65 2 42 87 76 53
60 86 48 78 60 19 98 54 78 99 46 43 86 % 86 43 46 99 78 54 98 19 60 78 48 86 60
25 85 95 74 41 73 5 46 58 83 69 97 52 % 52 97 69 83 58 46 5 73 41 74 95 85 25
30 51 21 56 17 43 61 24 93 72 74 2 96 % 96 2 74 72 93 24 61 43 17 56 21 51 30
41 58 32 8 1 2 73 58 7 83 21 87 81 % 81 87 21 83 7 58 73 2 1 8 32 58 41
99 49 91 84 20 33 94 40 57 1 48 66 17 % 17 66 48 1 57 40 94 33 20 84 91 49 99
64 47 1 59 59 30 5 13 75 92 29 16 79 % 79 16 29 92 75 13 5 30 59 59 1 47 64
22 83 21 97 52 17 48 % 48 17 52 97 21 83 22
90 86 27 49 64 21 91 % 91 21 64 49 27 86 90
77 98 71 53 10 37 30 1 12 36 30 73 17 % 17 73 30 36 12 1 30 37 10 53 71 98 77
7 62 95 26 25 68 15 61 17 32 26 61 2 % 2 61 26 32 17 61 15 68 25 26 95 62 7
63 86 81 86 11 41 42 27 40 86 72 7 19 % 19 7 72 86 40 27 42 41 11 86 81 86 63
85 29 44 83 38 80 61 % 61 80 38 83 44 29 85
85 18 26 3 80 45 45 74 24 16 30 93 65 % 65 93 30 16 24 74 45 45 80 3 26 18 85
57 43 98 2 26 22 62 98 40 2 13 23 15 % 15 23 13 2 40 98 62 22 26 2 98 43 57
19 56 47 54 70 57 38 24 22 7 91 59 29 % 29 59 91 7 22 24 38 57 70 54 47 56 19
36 93 49 37 3 52 37 % 37 52 3 37 49 93 36
60 7 98 31 79 83 6 4 68 5 45 94 95 % 95 94 45 5 68 4 6 83 79 31 98 7 60
19 63 54 33 68 33 84 % 84 33 68 33 54 63 19
52 26 11 2 83 55 17 % 17 55 83 2 11 26 52
67 19 31 53 43 50 58 60 31 80 77 65 75 % 75 65 77 80 31 60 58 50 43 53 31 19 67
24 72 21 36 15 36 67 54 82 75 36 69 96 % 96 69 36 75 82 54 67 36 15 36 21 72 24
43 35 5 18 2 84 82 % 82 84 2 18 5 35 43
11 94 34 50 9 12 69 % 69 12 9 50 34 94 11
32 49 19 55 45 82 7 % 7 82 45 55 19 49 32
78 97 85 79 97 85 79 % 79 85 97 79 85 97 78
55 32 78 80 81 37 12 % 12 37 81 80 78 32 55
41 69 94 29 10 87 25 % 25 87 10 29 94 69 41
34 67 55 7 64 56 34 % 34 56 64 7 55 67 34
61 10 44 6 71 3 7 % 7 3 71 6 44 10 61
71 17 54 36 85 84 36 12 84 85 96 8 65 % 65 8 96 85 84 12 36 84 85 36 54 17 71
80 9 3 60 99 30 49 % 49 30 99 60 3 9 80
78 69 91 75 73 57 67 % 67 57 73 75 91 69 78
24 94 84 15 84 59 8 62 4 12 3 84 58 % 58 84 3 12 4 62 8 59 84 15 84 94 24
70 35 16 91 72 67 98 % 98 67 72 91 16 35 70
84 53 16 20 82 69 50 % 50 69 82 20 16 53 84
90 82 65 33 68 21 41 83 17 37 17 10 63 % 63 10 17 37 17 83 41 21 68 33 65 82 90
45 70 47 68 10 5 91 78 1 48 70 81 22 % 22 81 70 48 1 78 91 5 10 68 47 70 45
28 48 93 41 43 89 57 % 57 89 43 41 93 48 28
92 5 93 32 67 44 11 67 76 65 65 28 65 % 65 28 65 65 76 67 11 44 67 32 93 5 92
15 14 53 4 70 66 34 % 34 66 70 4 53 14 15
9 4 89 94 52 36 38 44 71 2 73 68 99 % 99 68 73 2 71 44 38 36 52 94 89 4 9
97 8 94 80 27 76 16 93 30 85 62 57 61 % 61 57 62 85 30 93 16 76 27 80 94 8 97
50 71 22 37 22 68 50 11 25 84 67 84 49 % 49 84 67 84 25 11 50 68 22 37 22 71 50
3 63 88 31 67 48 79 % 79 48 67 31 88 63 3
63 66 41 64 71 15 57 % 57 15 71 64 41 66 63
30 83 66 32 56 2 94 19 33 76 51 3 40 % 40 3 51 76 33 19 94 2 56 32 66 83 30
31 43 73 59 80 9 13 22 53 43 2 56 94 % 94 56 2 43 53 22 13 9 80 59 73 43 31
89 95 66 24 71 36 40 % 40 36 71 24 66 95 89
22 56 42 24 58 9 23 % 23 9 58 24 42 56 22
14 89 42 17 58 65 34 % 34 65 58 17 42 89 14
69 14 27 62 52 10 42 98 56 1 79 85 84 % 84 85 79 1 56 98 42 10 52 62 27 14 69
68 77 7 75 58 61 36 % 36 61 58 75 7 77 68
14 92 82 82 93 74 34 13 0 30 62 17 47 % 47 17 62 30 0 13 34 74 93 82 82 92 14
43 31 31 57 95 64 93 % 93 64 95 57 31 31 43
81 68 8 9 43 64 4 % 4 64 43 9 8 68 81
6 68 86 14 8 74 81 % 81 74 8 14 86 68 6
73 28 71 6 43 18 85 16 78 26 82 21 15 % 15 21 82 26 78 16 85 18 43 6 71 28 73
77 3 63 43 37 25 79 29 47 95 41 14 8 % 8 14 41 95 47 29 79 25 37 43 63 3 77
64 3 5 61 59 79 31 84 41 45 70 87 93 % 93 87 70 45 41 84 31 79 59 61 5 3 64
20 26 12 24 93 45 82 90 15 23 34 89 93 % 93 89 34 23 15 90 82 45 93 24 12 26 20
62 52 0 14 84 71 9 % 9 71 84 14 0 52 62
17 96 33 7 53 20 86 69 55 83 69 20 85 % 85 20 69 83 55 69 86 20 53 7 33 96 17
34 57 56 5 68 7 24 % 24 7 68 5 56 57 34
56 33 32 35 75 91 85 % 85 91 75 35 32 33 56
82 41 53 10 55 45 76 % 76 45 55 10 53 41 82
72 32 1 0 50 53 78 78 76 55 63 21 7 % 7 21 63 55 76 78 78 53 50 0 1 32 72
50 72 95 39 58 23 49 93 31 59 92 37 61 % 61 37 92 59 31 93 49 23 58 39 95 72 50
49 59 68 97 66 65 97 94 81 1 15 74 5 % 5 74 15 1 81 94 97 65 66 97 68 59 49
51 1 25 24 30 23 71 % 71 23 30 24 25 1 51
14 85 11 61 21 96 75 % 75 96 21 61 11 85 14
93 95 61 19 41 10 74 % 74 10 41 19 61 95 93
1 24 36 86 89 64 68 50 79 34 23 90 50 % 50 90 23 34 79 50 68 64 89 86 36 24 1
23 48 56 42 23 34 61 % 61 34 23 42 56 48 23
39 70 26 31 75 30 3 % 3 30 75 31 26 70 39
14 31 40 31 98 76 18 % 18 76 98 31 40 31 14
86 88 43 56 4 23 62 % 62 23 4 56 43 88 86
44 28 84 25 5 94 87 96 36 40 42 15 76 % 76 15 42 40 36 96 87 94 5 25 84 28 44
24 66 20 43 72 41 93 % 93 41 72 43 20 66 24
37 96 94 39 31 55 46 21 63 1 16 17 25 % 25 17 16 1 63 21 46 55 31 39 94 96 37
31 17 82 0 70 38 48 32 73 33 69 32 52 % 52 32 69 33 73 32 48 38 70 0 82 17 31
29 54 52 70 67 7 0 % 0 7 67 70 52 54 29
0 94 20 84 36 8 53 % 53 8 36 84 20 94 0
16 4 51 72 61 37 13 % 13 37 61 72 51 4 16
72 57 89 18 18 32 54 % 54 32 18 18 89 57 72
87 37 7 67 79 45 38 % 38 45 79 67 7 37 87
99 21 25 90 46 77 4 % 4 77 46 90 25 21 99
83 12 70 18 93 83 97 75 22 27 5 88 38 % 38 88 5 27 22 75 97 83 93 18 70 12 83
66 75 10 99 58 77 72 28 10 30 89 7 25 % 25 7 89 30 10 28 72 77 58 99 10 75 66
52 33 67 56 25 7 39 54 23 28 30 0 0 % 0 0 30 28 23 54 39 7 25 56 67 33 52
52 11 72 0 82 1 52 63 65 50 9 31 84 % 84 31 9 50 65 63 52 1 82 0 72 11 52
13 87 89 23 85 13 22 % 22 13 85 23 89 87 13
30 77 30 2 92 40 23 60 36 10 79 42 44 % 44 42 79 10 36 60 23 40 92 2 30 77 30
30 95 70 81 5 3 74 % 74 3 5 81 70 95 30
59 45 31 66 19 95 5 57 50 3 78 25 17 % 17 25 78 3 50 57 5 95 19 66 31 45 59
55 80 44 54 55 76 95 % 95 76 55 54 44 80 55
28 67 56 2 61 24 29 20 84 50 26 65 14 % 14 65 26 50 84 20 29 24 61 2 56 67 28
98 40 24 2 25 3 56 % 56 3 25 2 24 40 98
67 59 96 58 85 46 19 % 19 46 85 58 96 59 67
48 89 61 59 45 27 18 44 2 0 24 33 99 % 99 33 24 0 2 44 18 27 45 59 61 89 48
80 71 40 16 43 47 99 % 99 47 43 16 40 71 80
22 66 65 26 73 68 85 % 85 68 73 26 65 66 22
66 45 96 23 72 70 92 46 65 3 91 60 68 % 68 60 91 3 65 46 92 70 72 23 96 45 66
30 28 35 64 40 88 99 0 63 48 34 59 62 % 62 59 34 48 63 0 99 88 40 64 35 28 30
91 65 49 91 32 21 93 40 43 42 60 68 81 % 81 68 60 42 43 40 93 21 32 91 49 65 91
0 2 60 99 15 54 85 % 85 54 15 99 60 2 0
72 45 92 72 55 19 47 92 7 89 86 77 40 % 40 77 86 89 7 92 47 19 55 72 92 45 72
49 41 45 31 46 84 11 % 11 84 46 31 45 41 49
74 79 67 84 96 41 58 13 78 7 36 10 62 % 62 10 36 7 78 13 58 41 96 84 67 79 74
35 59 98 97 54 47 6 % 6 47 54 97 98 59 35
13 40 51 89 40 73 9 % 9 73 40 89 51 40 13
39 89 62 1 21 50 38 13 30 57 13 3 70 % 70 3 13 57 30 13 38 50 21 1 62 89 39
53 11 91 78 76 15 25 82 88 52 83 34 81 % 81 34 83 52 88 82 25 15 76 78 91 11 53
89 54 60 31 94 19 72 11 44 49 25 18 95 % 95 18 25 49 44 11 72 19 94 31 60 54 89
11 63 57 56 65 74 10 % 10 74 65 56 57 63 11
98 13 64 27 17 96 54 76 66 85 1 78 78 % 78 78 1 85 66 76 54 96 17 27 64 13 98
65 79 27 97 24 87 23 23 98 22 15 36 36 % 36 36 15 22 98 23 23 87 24 97 27 79 65
56 69 87 75 36 99 62 % 62 99 36 75 87 69 56
16 40 41 91 69 3 39 % 39 3 69 91 41 40 16
45 16 93 71 96 94 84 72 45 84 5 81 0 % 0 81 5 84 45 72 84 94 96 71 93 16 45
1 5 70 89 36 94 74 49 40 53 88 23 35 % 35 23 88 53 40 49 74 94 36 89 70 5 1
71 89 5 5 58 96 50 99 8 66 85 91 23 % 23 91 85 66 8 99 50 96 58 5 5 89 71
77 89 5 30 5 40 14 % 14 40 5 30 5 89 77
71 29 98 97 55 33 42 31 79 29 30 26 37 % 37 26 30 29 79 31 42 33 55 97 98 29 71
94 40 40 77 33 36 62 63 42 45 22 13 61 % 61 13 22 45 42 63 62 36 33 77 40 40 94
35 59 14 30 71 70 31 69 4 91 89 92 53 % 53 92 89 91 4 69 31 70 71 30 14 59 35
87 26 42 19 17 5 73 % 73 5 17 19 42 26 87
7 29 10 76 41 81 90 85 91 56 61 75 20 % 20 75 61 56 91 85 90 81 41 76 10 29 7
33 78 77 77 55 99 33 % 33 99 55 77 77 78 33
29 42 2 99 20 22 18 % 18 22 20 99 2 42 29
46 18 80 57 81 16 24 61 97 76 63 90 95 % 95 90 63 76 97 61 24 16 81 57 80 18 46
31 74 25 34 81 98 67 % 67 98 81 34 25 74 31
11 94 29 42 1 1 91 % 91 1 1 42 29 94 11
26 98 79 93 28 40 8 % 8 40 28 93 79 98 26
13 17 30 37 5 90 86 88 73 24 34 47 95 % 95 47 34 24 73 88 86 90 5 37 30 17 13
70 81 53 70 98 77 88 % 88 77 98 70 53 81 70
28 6 20 55 60 15 61 7 77 33 34 37 37 % 37 37 34 33 77 7 61 15 60 55 20 6 28
98 48 84 63 64 2 79 % 79 2 64 63 84 48 98
78 76 13 53 43 71 13 % 13 71 43 53 13 76 78
16 30 85 37 5 26 85 8 54 38 89 52 98 % 98 52 89 38 54 8 85 26 5 37 85 30 16
77 83 80 88 63 86 14 51 25 10 81 92 83 % 83 92 81 10 25 51 14 86 63 88 80 83 77
17 24 14 5 2 42 67 % 67 42 2 5 14 24 17
34 43 20 11 39 0 5 % 5 0 39 11 20 43 34
92 25 68 29 4 63 33 % 33 63 4 29 68 25 92
23 44 10 93 84 1 16 % 16 1 84 93 10 44 23
14 88 87 16 34 49 57 41 63 46 26 26 16 % 16 26 26 46 63 41 57 49 34 16 87 88 14
31 70 94 8 7 97 86 % 86 97 7 8 94 70 31
98 63 69 10 0 75 54 73 75 29 66 92 67 % 67 92 66 29 75 73 54 75 0 10 69 63 98
54 25 12 45 17 34 30 59 80 85 96 33 55 % 55 33 96 85 80 59 30 34 17 45 12 25 54
75 43 81 12 45 13 90 40 18 36 87 61 83 % 83 61 87 36 18 40 90 13 45 12 81 43 75
1 73 64 26 99 21 12 19 8 26 2 87 50 % 50 87 2 26 8 19 12 21 99 26 64 73 1
51 94 61 49 2 91 19 % 19 91 2 49 61 94 51
86 3 40 91 78 19 96 40 40 40 46 67 84 % 84 67 46 40 40 40 96 19 78 91 40 3 86
42 52 9 47 77 12 48 % 48 12 77 47 9 52 42
92 41 78 4 16 67 52 % 52 67 16 4 78 41 92
61 68 12 27 83 34 30 % 30 34 83 27 12 68 61
63 17 31 90 44 34 45 18 11 17 55 7 6 % 6 7 55 17 11 18 45 34 44 90 31 17 63
91 47 32 63 51 5 78 3 21 11 45 64 79 % 79 64 45 11 21 3 78 5 51 63 32 47 91
36 88 73 15 68 69 27 41 44 3 44 33 55 % 55 33 44 3 44 41 27 69 68 15 73 88 36
58 11 48 61 55 73 90 48 63 54 58 40 27 % 27 40 58 54 63 48 90 73 55 61 48 11 58
14 63 36 99 58 80 84 % 84 80 58 99 36 63 14
22 63 82 72 59 17 89 17 15 37 30 49 58 % 58 49 30 37 15 17 89 17 59 72 82 63 22
61 34 74 64 61 51 24 77 91 20 72 78 17 % 17 78 72 20 91 77 24 51 61 64 74 34 61
67 92 82 17 52 80 0 % 0 80 52 17 82 92 67
50 33 7 50 63 3 95 84 37 96 42 75 70 % 70 75 42 96 37 84 95 3 63 50 7 33 50
98 23 29 26 34 49 69 % 69 49 34 26 29 23 98
9 98 21 32 33 34 8 74 74 4 87 73 90 % 90 73 87 4 74 74 8 34 33 32 21 98 9
34 14 12 78 63 15 23 62 35 32 75 16 21 % 21 16 75 32 35 62 23 15 63 78 12 14 34
55 35 7 4 27 92 24 89 55 63 48 72 18 % 18 72 48 63 55 89 24 92 27 4 7 35 55
68 33 95 28 89 64 97 61 32 72 37 44 57 % 57 44 37 72 32 61 97 64 89 28 95 33 68
69 50 24 76 84 82 59 % 59 82 84 76 24 50 69
43 69 98 72 41 26 39 67 62 51 32 79 31 % 31 79 32 51 62 67 39 26 41 72 98 69 43
38 59 83 98 78 81 69 53 31 0 79 67 16 % 16 67 79 0 31 53 69 81 78 98 83 59 38
36 62 92 2 56 99 28 40 16 85 90 94 93 % 93 94 90 85 16 40 28 99 56 2 92 62 36
84 77 72 29 94 34 24 % 24 34 94 29 72 77 84
9 13 64 80 54 16 24 97 98 50 17 26 96 % 96 26 17 50 98 97 24 16 54 80 64 13 9
12 11 99 82 0 75 99 8 0 45 66 57 3 % 3 57 66 45 0 8 99 75 0 82 99 11 12
65 94 61 80 51 48 49 9 3 42 5 9 13 % 13 9 5 42 3 9 49 48 51 80 61 94 65
70 15 37 4 66 75 45 % 45 75 66 4 37 15 70
52 42 0 90 49 42 25 30 24 74 77 27 24 % 24 27 77 74 24 30 25 42 49 90 0 42 52
62 92 55 11 59 28 61 72 69 95 29 16 15 % 15 16 29 95 69 72 61 28 59 11 55 92 62
44 69 96 60 63 11 0 % 0 11 63 60 96 69 44
32 40 2 65 27 61 33 69 4 46 81 14 20 % 20 14 81 46 4 69 33 61 27 65 2 40 32
81 12 93 30 74 41 52 % 52 41 74 30 93 12 81
1 44 22 29 82 48 82 % 82 48 82 29 22 44 1
83 71 27 43 3 67 11 % 11 67 3 43 27 71 83
17 93 88 43 0 93 15 % 15 93 0 43 88 93 17
90 56 7 75 70 1 27 % 27 1 70 75 7 56 90
55 88 46 10 26 69 42 % 42 69 26 10 46 88 55
69 49 21 13 40 4 26 17 42 19 45 11 74 % 74 11 45 19 42 17 26 4 40 13 21 49 69
40 13 95 66 38 10 82 % 82 10 38 66 95 13 40
95 4 84 48 87 5 41 4 32 42 85 79 88 % 88 79 85 42 32 4 41 5 87 48 84 4 95
72 74 26 55 62 33 66 % 66 33 62 55 26 74 72
30 76 83 56 90 30 23 % 23 30 90 56 83 76 30
64 91 35 24 69 14 32 92 19 85 57 24 94 % 94 24 57 85 19 92 32 14 69 24 35 91 64
37 2 46 44 32 13 7 % 7 13 32 44 46 2 37
50 98 61 94 87 93 76 21 76 94 56 29 43 % 43 29 56 94 76 21 76 93 87 94 61 98 50
87 84 71 22 28 11 25 % 25 11 28 22 71 84 87
15 43 67 36 52 57 62 84 4 48 66 6 35 % 35 6 66 48 4 84 62 57 52 36 67 43 15
46 50 86 22 22 76 59 % 59 76 22 22 86 50 46
95 82 81 75 0 48 80 97 37 39 72 4 86 % 86 4 72 39 37 97 80 48 0 75 81 82 95
17 29 23 77 1 32 67 63 92 88 90 8 50 % 50 8 90 88 92 63 67 32 1 77 23 29 17
55 59 56 63 61 7 79 44 81 31 69 50 69 % 69 50 69 31 81 44 79 7 61 63 56 59 55
91 34 87 48 63 55 55 % 55 55 63 48 87 34 91
86 58 27 24 48 15 56 % 56 15 48 24 27 58 86
82 24 26 24 11 26 80 % 80 26 11 24 26 24 82
39 15 56 11 74 87 85 84 20 38 97 24 53 % 53 24 97 38 20 84 85 87 74 11 56 15 39
42 87 51 18 50 76 64 74 55 0 7 38 38 % 38 38 7 0 55 74 64 76 50 18 51 87 42
41 65 13 93 67 79 95 85 56 43 53 87 88 % 88 87 53 43 56 85 95 79 67 93 13 65 41
31 94 52 92 31 55 44 26 9 30 24 63 23 % 23 63 24 30 9 26 44 55 31 92 52 94 31
53 35 52 1 13 50 76 % 76 50 13 1 52 35 53
90 52 4 52 96 64 50 47 20 30 44 97 48 % 48 97 44 30 20 47 50 64 96 52 4 52 90
20 83 4 63 43 3 4 % 4 3 43 63 4 83 20
73 17 78 39 34 66 40 46 8 31 28 83 74 % 74 83 28 31 8 46 40 66 34 39 78 17 73
39 62 51 77 86 57 33 6 38 18 18 79 30 % 30 79 18 18 38 6 33 57 86 77 51 62 39
53 37 2 44 18 18 31 91 80 19 19 22 89 % 89 22 19 19 80 91 31 18 18 44 2 37 53
29 27 45 83 34 16 55 % 55 16 34 83 45 27 29
25 66 7 94 79 69 62 % 62 69 79 94 7 66 25
23 71 86 66 15 95 99 36 78 93 19 25 79 % 79 25 19 93 78 36 99 95 15 66 86 71 23
29 5 56 63 40 42 93 % 93 42 40 63 56 5 29
75 44 72 69 76 67 83 % 83 67 76 69 72 44 75
56 9 76 72 50 0 29 % 29 0 50 72 76 9 56
55 81 93 24 64 15 66 8 7 60 77 79 32 % 32 79 77 60 7 8 66 15 64 24 93 81 55
32 26 69 2 42 6 6 22 93 77 91 80 87 % 87 80 91 77 93 22 6 6 42 2 69 26 32
99 41 37 44 93 45 4 9 68 89 84 47 93 % 93 47 84 89 68 9 4 45 93 44 37 41 99
62 23 68 11 34 42 99 98 88 53 91 84 15 % 15 84 91 53 88 98 99 42 34 11 68 23 62
55 90 78 18 54 13 72 % 72 13 54 18 78 90 55
85 76 53 81 8 23 35 % 35 23 8 81 53 76 85
70 84 42 0 78 19 48 % 48 19 78 0 42 84 70
9 94 86 39 62 22 67 % 67 22 62 39 86 94 9
98 60 54 85 94 1 16 80 20 68 74 92 79 % 79 92 74 68 20 80 16 1 94 85 54 60 98
81 72 99 61 97 21 45 75 50 55 65 83 14 % 14 83 65 55 50 75 45 21 97 61 99 72 81
5 11 37 29 63 63 9 30 78 71 22 68 79 % 79 68 22 71 78 30 9 63 63 29 37 11 5
23 64 71 24 65 84 44 76 6 91 79 3 62 % 62 3 79 91 6 76 44 84 65 24 71 64 23
34 56 62 73 31 10 23 % 23 10 31 73 62 56 34
17 42 25 10 45 28 27 13 4 78 38 12 92 % 92 12 38 78 4 13 27 28 45 10 25 42 17
10 74 84 53 39 33 85 % 85 33 39 53 84 74 10
22 97 33 73 48 95 99 % 99 95 48 73 33 97 22
18 22 96 5 9 15 44 45 32 97 37 90 3 % 3 90 37 97 32 45 44 15 9 5 96 22 18
26 0 81 1 73 48 52 % 52 48 73 1 81 0 26
83 52 43 52 27 8 10 44 61 78 16 27 35 % 35 27 16 78 61 44 10 8 27 52 43 52 83
98 84 1 35 23 0 18 65 12 38 42 82 90 % 90 82 42 38 12 65 18 0 23 35 1 84 98
17 8 76 97 16 26 10 37 78 98 2 27 99 % 99 27 2 98 78 37 10 26 16 97 76 8 17
67 35 2 25 20 23 9 72 4 35 30 29 7 % 7 29 30 35 4 72 9 23 20 25 2 35 67
93 3 46 16 16 53 47 % 47 53 16 16 46 3 93
72 45 27 81 17 42 79 18 33 45 64 38 81 % 81 38 64 45 33 18 79 42 17 81 27 45 72
49 1 36 9 95 34 53 45 55 38 96 11 21 % 21 11 96 38 55 45 53 34 95 9 36 1 49
23 35 54 2 90 52 8 53 75 38 52 98 87 % 87 98 52 38 75 53 8 52 90 2 54 35 23
4 24 47 14 35 82 76 % 76 82 35 14 47 24 4
2 95 6 49 76 6 32 % 32 6 76 49 6 95 2
92 12 67 37 10 82 73 % 73 82 10 37 67 12 92
10 5 88 56 44 73 50 95 81 93 5 42 61 % 61 42 5 93 81 95 50 73 44 56 88 5 10
67 86 90 36 16 53 68 21 59 45 39 9 88 % 88 9 39 45 59 21 68 53 16 36 90 86 67
53 25 91 32 71 16 10 32 57 53 57 7 63 % 63 7 57 53 57 32 10 16 71 32 91 25 53
77 97 58 55 20 95 65 % 65 95 20 55 58 97 77
51 24 79 3 54 82 91 % 91 82 54 3 79 24 51
94 99 56 58 12 57 15 39 79 71 99 85 0 % 0 85 99 71 79 39 15 57 12 58 56 99 94
33 72 67 75 94 42 83 % 83 42 94 75 67 72 33
55 23 97 65 13 90 68 76 85 60 17 91 61 % 61 91 17 60 85 76 68 90 13 65 97 23 55
89 62 16 41 65 28 65 77 26 31 44 98 2 % 2 98 44 31 26 77 65 28 65 41 16 62 89
7 90 90 63 81 86 50 29 76 20 93 42 68 % 68 42 93 20 76 29 50 86 81 63 90 90 7
50 54 32 71 75 73 89 % 89 73 75 71 32 54 50
69 98 25 10 53 76 19 4 98 75 76 98 94 % 94 98 76 75 98 4 19 76 53 10 25 98 69
7 13 85 99 82 26 69 99 62 52 60 16 84 % 84 16 60 52 62 99 69 26 82 99 85 13 7
73 67 66 7 68 41 73 % 73 41 68 7 66 67 73
86 58 13 96 60 76 97 % 97 76 60 96 13 58 86
34 60 38 68 30 63 30 % 30 63 30 68 38 60 34
6 37 65 61 74 66 71 % 71 66 74 61 65 37 6
87 72 11 43 43 33 64 % 64 33 43 43 11 72 87
46 67 88 67 76 40 11 17 40 21 42 93 82 % 82 93 42 21 40 17 11 40 76 67 88 67 46
6 99 4 99 81 39 38 % 38 39 81 99 4 99 6
59 84 15 86 72 49 63 98 14 96 80 74 66 % 66 74 80 96 14 98 63 49 72 86 15 84 59
20 11 5 13 29 85 36 12 2 84 32 70 45 % 45 70 32 84 2 12 36 85 29 13 5 11 20
66 35 10 3 88 86 68 % 68 86 88 3 10 35 66
83 7 11 11 91 32 99 % 99 32 91 11 11 7 83
80 13 12 4 38 85 48 % 48 85 38 4 12 13 80
78 78 33 30 73 43 89 14 43 86 43 31 52 % 52 31 43 86 43 14 89 43 73 30 33 78 78
9 1 5 90 98 10 12 35 60 15 58 86 29 % 29 86 58 15 60 35 12 10 98 90 5 1 9
98 98 95 96 9 26 12 43 41 3 51 56 37 % 37 56 51 3 41 43 12 26 9 96 95 98 98
45 2 7 78 33 12 25 % 25 12 33 78 7 2 45
54 13 35 86 6 53 7 % 7 53 6 86 35 13 54
85 22 83 87 64 52 95 % 95 52 64 87 83 22 85
14 25 73 95 17 55 98 % 98 55 17 95 73 25 14
93 21 75 96 81 39 85 % 85 39 81 96 75 21 93
33 58 54 76 15 78 45 99 26 31 40 36 98 % 98 36 40 31 26 99 45 78 15 76 54 58 33
40 82 98 74 30 76 12 45 80 4 93 26 56 % 56 26 93 4 80 45 12 76 30 74 98 82 40
95 52 89 31 13 38 10 % 10 38 13 31 89 52 95
28 16 26 30 61 16 81 28 97 43 63 13 93 % 93 13 63 43 97 28 81 16 61 30 26 16 28
56 12 30 8 77 22 72 % 72 22 77 8 30 12 56
42 0 73 17 73 79 81 % 81 79 73 17 73 0 42
31 15 63 74 1 48 91 39 33 17 74 31 53 % 53 31 74 17 33 39 91 48 1 74 63 15 31
16 0 81 44 42 39 88 % 88 39 42 44 81 0 16
31 96 16 11 82 11 86 % 86 11 82 11 16 96 31
7 36 73 29 65 16 54 51 57 37 53 58 45 % 45 58 53 37 57 51 54 16 65 29 73 36 7
44 12 79 42 34 67 90 45 25 20 41 8 87 % 87 8 41 20 25 45 90 67 34 42 79 12 44
61 96 82 79 36 1 56 % 56 1 36 79 82 96 61
97 15 83 37 32 36 32 15 99 29 68 23 64 % 64 23 68 29 99 15 32 36 32 37 83 15 97
20 38 24 20 90 36 45 % 45 36 90 20 24 38 20
51 95 63 29 93 68 77 29 89 30 56 92 81 % 81 92 56 30 89 29 77 68 93 29 63 95 51
27 32 16 79 94 53 7 20 13 25 84 68 6 % 6 68 84 25 13 20 7 53 94 79 16 32 27
88 97 56 16 63 49 65 % 65 49 63 16 56 97 88
23 47 97 58 98 0 30 % 30 0 98 58 97 47 23
90 54 71 8 83 22 64 95 23 93 80 9 67 % 67 9 80 93 23 95 64 22 83 8 71 54 90
80 58 40 11 48 79 29 % 29 79 48 11 40 58 80
48 90 96 34 47 92 16 28 96 12 11 96 33 % 33 96 11 12 96 28 16 92 47 34 96 90 48
23 84 1 36 97 19 23 89 12 17 20 32 18 % 18 32 20 17 12 89 23 19 97 36 1 84 23
8 67 35 9 95 62 46 94 65 44 13 58 48 % 48 58 13 44 65 94 46 62 95 9 35 67 8
51 20 42 16 37 64 86 7 13 85 75 54 27 % 27 54 75 85 13 7 86 64 37 16 42 20 51
0 87 10 91 98 63 12 % 12 63 98 91 10 87 0
24 14 23 59 68 75 74 62 61 58 99 53 85 % 85 53 99 58 61 62 74 75 68 59 23 14 24
56 33 17 59 5 58 73 % 73 58 5 59 17 33 56
82 38 50 83 14 5 97 % 97 5 14 83 50 38 82
90 80 16 84 45 78 0 % 0 78 45 84 16 80 90
89 99 18 62 48 53 32 % 32 53 48 62 18 99 89
65 84 61 30 82 71 50 % 50 71 82 30 61 84 65
12 71 79 3 84 37 93 % 93 37 84 3 79 71 12
64 23 9 98 35 77 57 81 63 29 53 38 6 % 6 38 53 29 63 81 57 77 35 98 9 23 64
74 56 94 72 22 21 20 % 20 21 22 72 94 56 74
55 41 84 42 87 18 47 % 47 18 87 42 84 41 55
83 9 81 56 69 6 17 81 12 27 43 31 11 % 11 31 43 27 12 81 17 6 69 56 81 9 83
64 33 40 68 56 97 44 % 44 97 56 68 40 33 64
96 65 60 78 30 83 53 % 53 83 30 78 60 65 96
82 86 84 27 79 81 92 % 92 81 79 27 84 86 82
0 54 47 37 57 99 30 % 30 99 57 37 47 54 0
27 93 50 31 37 72 3 67 29 69 0 74 90 % 90 74 0 69 29 67 3 72 37 31 50 93 27
52 52 2 39 72 82 23 57 98 84 97 34 75 % 75 34 97 84 98 57 23 82 72 39 2 52 52
37 64 9 79 5 75 3 % 3 75 5 79 9 64 37
75 83 85 26 81 62 43 63 95 9 61 60 10 % 10 60 61 9 95 63 43 62 81 26 85 83 75
7 53 94 33 68 43 98 95 54 88 74 79 77 % 77 79 74 88 54 95 98 43 68 33 94 53 7
24 9 67 19 65 56 60 % 60 56 65 19 67 9 24
94 75 51 86 22 8 43 % 43 8 22 86 51 75 94
54 11 27 21 8 33 52 % 52 33 8 21 27 11 54
27 71 74 38 42 29 71 % 71 29 42 38 74 71 27
52 5 21 51 60 42 20 % 20 42 60 51 21 5 52
74 24 76 71 89 54 27 % 27 54 89 71 76 24 74
70 42 21 50 96 79 43 36 83 51 41 42 1 % 1 42 41 51 83 36 43 79 96 50 21 42 70
86 34 29 33 47 78 83 % 83 78 47 33 29 34 86
40 66 34 30 98 79 37 96 27 21 63 40 48 % 48 40 63 21 27 96 37 79 98 30 34 66 40
38 65 13 82 85 54 74 93 65 50 99 60 55 % 55 60 99 50 65 93 74 54 85 82 13 65 38
74 73 57 9 30 96 44 % 44 96 30 9 57 73 74
53 2 46 93 31 85 88 83 27 73 83 18 39 % 39 18 83 73 27 83 88 85 31 93 46 2 53
29 35 98 19 30 47 85 93 59 60 84 33 22 % 22 33 84 60 59 93 85 47 30 19 98 35 29
69 62 86 11 54 52 14 45 64 9 14 63 12 % 12 63 14 9 64 45 14 52 54 11 86 62 69
81 74 61 80 65 18 73 % 73 18 65 80 61 74 81
34 88 74 50 71 6 63 1 88 20 26 70 96 % 96 70 26 20 88 1 63 6 71 50 74 88 34
86 51 46 73 95 97 90 63 85 13 35 72 44 % 44 72 35 13 85 63 90 97 95 73 46 51 86
89 95 22 35 51 4 74 27 37 40 24 85 81 % 81 85 24 40 37 27 74 4 51 35 22 95 89
63 48 54 56 52 2 86 % 86 2 52 56 54 48 63
25 77 89 28 91 6 85 % 85 6 91 28 89 77 25
87 27 50 67 3 60 49 46 76 15 74 68 55 % 55 68 74 15 76 46 49 60 3 67 50 27 87
58 44 7 72 31 57 64 23 45 37 76 45 80 % 80 45 76 37 45 23 64 57 31 72 7 44 58
47 83 58 14 14 91 46 % 46 91 14 14 58 83 47
83 62 43 57 59 84 95 % 95 84 59 57 43 62 83
89 68 95 64 35 69 25 94 37 94 52 41 41 % 41 41 52 94 37 94 25 69 35 64 95 68 89
94 83 24 74 3 0 76 93 68 18 75 49 44 % 44 49 75 18 68 93 76 0 3 74 24 83 94
76 74 72 79 88 89 10 % 10 89 88 79 72 74 76
32 84 26 21 0 43 26 92 54 44 19 96 81 % 81 96 19 44 54 92 26 43 0 21 26 84 32
71 9 12 60 89 49 74 % 74 49 89 60 12 9 71
85 2 59 69 98 47 8 88 77 84 64 12 49 % 49 12 64 84 77 88 8 47 98 69 59 2 85
70 23 75 54 27 8 77 % 77 8 27 54 75 23 70
31 93 66 73 71 34 69 % 69 34 71 73 66 93 31
87 95 98 94 68 22 77 % 77 22 68 94 98 95 87
49 37 2 88 43 56 35 41 3 5 46 74 10 % 10 74 46 5 3 41 35 56 43 88 2 37 49
41 70 72 40 1 24 42 % 42 24 1 40 72 70 41
30 91 52 84 91 42 57 74 77 63 41 7 60 % 60 7 41 63 77 74 57 42 91 84 52 91 30
78 70 45 50 55 3 30 88 65 25 52 4 10 % 10 4 52 25 65 88 30 3 55 50 45 70 78
98 23 81 85 24 84 3 % 3 84 24 85 81 23 98
58 61 27 25 3 61 29 % 29 61 3 25 27 61 58
48 93 17 55 71 40 82 51 31 73 92 91 95 % 95 91 92 73 31 51 82 40 71 55 17 93 48
58 4 81 90 53 28 76 % 76 28 53 90 81 4 58
10 93 68 16 0 58 22 59 57 91 90 9 58 % 58 9 90 91 57 59 22 58 0 16 68 93 10
2 27 57 1 32 28 79 51 40 43 43 15 10 % 10 15 43 43 40 51 79 28 32 1 57 27 2
71 88 11 96 79 40 57 70 12 16 76 49 34 % 34 49 76 16 12 70 57 40 79 96 11 88 71
45 58 82 89 54 37 72 % 72 37 54 89 82 58 45
93 76 44 76 1 94 81 % 81 94 1 76 44 76 93
5 87 7 4 20 52 23 35 57 66 93 22 53 % 53 22 93 66 57 35 23 52 20 4 7 87 5
73 81 27 71 83 74 69 % 69 74 83 71 27 81 73
10 45 14 61 4 74 51 81 19 7 83 79 39 % 39 79 83 7 19 81 51 74 4 61 14 45 10
90 25 75 90 47 40 54 % 54 40 47 90 75 25 90
47 29 19 87 69 16 76 0 82 96 56 95 10 % 10 95 56 96 82 0 76 16 69 87 19 29 47
15 45 27 44 1 25 29 % 29 25 1 44 27 45 15
78 41 52 33 18 51 3 % 3 51 18 33 52 41 78
45 22 45 88 87 3 62 % 62 3 87 88 45 22 45
62 79 70 3 44 45 56 53 60 20 95 82 5 % 5 82 95 20 60 53 56 45 44 3 70 79 62
47 11 94 64 0 58 15 % 15 58 0 64 94 11 47
86 41 57 71 83 47 81 % 81 47 83 71 57 41 86
54 54 75 28 66 64 33 44 79 14 95 77 96 % 96 77 95 14 79 44 33 64 66 28 75 54 54
71 94 27 91 99 43 62 % 62 43 99 91 27 94 71
69 8 97 36 34 53 56 % 56 53 34 36 97 8 69
1 89 86 29 70 71 53 % 53 71 70 29 86 89 1
56 77 30 69 99 88 76 % 76 88 99 69 30 77 56
2 46 25 36 84 15 93 91 7 50 81 26 99 % 99 26 81 50 7 91 93 15 84 36 25 46 2
59 49 49 15 91 36 25 74 19 2 31 67 74 % 74 67 31 2 19 74 25 36 91 15 49 49 59
1 15 15 54 81 40 9 % 9 40 81 54 15 15 1
23 66 7 53 25 17 74 % 74 17 25 53 7 66 23
79 58 74 28 64 51 24 % 24 51 64 28 74 58 79
98 34 93 63 22 56 16 % 16 56 22 63 93 34 98
10 38 91 81 72 97 74 20 43 98 68 50 7 % 7 50 68 98 43 20 74 97 72 81 91 38 10
86 82 43 43 36 81 44 % 44 81 36 43 43 82 86
65 79 77 63 58 32 79 % 79 32 58 63 77 79 65
60 43 85 61 95 65 39 64 7 25 56 26 94 % 94 26 56 25 7 64 39 65 95 61 85 43 60
62 83 49 80 26 78 36 % 36 78 26 80 49 83 62
65 38 33 19 27 72 47 69 48 19 30 24 11 % 11 24 30 19 48 69 47 72 27 19 33 38 65
49 37 61 33 42 51 40 37 62 71 82 4 3 % 3 4 82 71 62 37 40 51 42 33 61 37 49
1 83 53 64 6 26 84 % 84 26 6 64 53 83 1
29 37 88 84 54 61 40 % 40 61 54 84 88 37 29
5 91 46 68 16 59 85 31 3 94 70 22 45 % 45 22 70 94 3 31 85 59 16 68 46 91 5
35 97 99 49 38 35 53 % 53 35 38 49 99 97 35
78 91 81 55 34 16 74 % 74 16 34 55 81 91 78
73 60 24 65 2 9 40 % 40 9 2 65 24 60 73
98 16 21 52 23 63 75 27 9 60 86 91 12 % 12 91 86 60 9 27 75 63 23 52 21 16 98
24 44 41 98 89 96 8 41 97 28 57 39 28 % 28 39 57 28 97 41 8 96 89 98 41 44 24
28 96 73 34 3 27 52 % 52 27 3 34 73 96 28
13 12 13 89 98 97 88 19 14 37 81 53 46 % 46 53 81 37 14 19 88 97 98 89 13 12 13
28 58 95 3 66 70 78 48 54 27 68 79 93 % 93 79 68 27 54 48 78 70 66 3 95 58 28
32 44 94 90 77 60 57 12 82 87 73 81 5 % 5 81 73 87 82 12 57 60 77 90 94 44 32
13 59 97 78 62 97 23 81 87 89 64 69 15 % 15 69 64 89 87 81 23 97 62 78 97 59 13
56 99 30 39 1 84 50 % 50 84 1 39 30 99 56
25 10 97 56 7 1 33 % 33 1 7 56 97 10 25
4 94 81 39 90 89 79 % 79 89 90 39 81 94 4
10 4 58 88 30 11 14 % 14 11 30 88 58 4 10
71 57 70 99 2 69 95 41 47 94 56 33 28 % 28 33 56 94 47 41 95 69 2 99 70 57 71
62 37 51 42 0 45 60 48 52 91 29 67 2 % 2 67 29 91 52 48 60 45 0 42 51 37 62
62 81 28 17 9 47 37 % 37 47 9 17 28 81 62
54 63 50 78 80 10 39 71 55 87 44 13 72 % 72 13 44 87 55 71 39 10 80 78 50 63 54
99 89 30 60 17 75 0 66 8 51 65 21 9 % 9 21 65 51 8 66 0 75 17 60 30 89 99
34 41 25 42 91 24 53 % 53 24 91 42 25 41 34
7 30 56 50 65 25 91 % 91 25 65 50 56 30 7
40 34 2 78 50 66 39 47 87 25 56 4 87 % 87 4 56 25 87 47 39 66 50 78 2 34 40
51 13 29 19 19 65 0 37 22 8 70 3 65 % 65 3 70 8 22 37 0 65 19 19 29 13 51
72 96 74 15 21 67 61 % 61 67 21 15 74 96 72
88 96 56 68 67 3 37 27 5 38 63 9 24 % 24 9 63 38 5 27 37 3 67 68 56 96 88
65 90 45 70 24 22 51 59 98 32 33 67 53 % 53 67 33 32 98 59 51 22 24 70 45 90 65
9 31 18 14 15 86 93 65 6 25 26 18 59 % 59 18 26 25 6 65 93 86 15 14 18 31 9
88 58 11 43 69 42 32 85 45 55 96 64 82 % 82 64 96 55 45 85 32 42 69 43 11 58 88
59 87 50 70 17 89 58 48 86 81 95 37 56 % 56 37 95 81 86 48 58 89 17 70 50 87 59
6 3 79 25 86 86 4 % 4 86 86 25 79 3 6
69 28 97 79 0 6 28 % 28 6 0 79 97 28 69
46 1 99 84 78 29 59 % 59 29 78 84 99 1 46
34 89 98 66 47 92 68 % 68 92 47 66 98 89 34
55 42 68 7 76 17 99 67 82 27 12 34 55 % 55 34 12 27 82 67 99 17 76 7 68 42 55
35 10 73 99 34 33 71 % 71 33 34 99 73 10 35
21 95 10 70 38 26 87 33 91 67 71 25 34 % 34 25 71 67 91 33 87 26 38 70 10 95 21
82 19 25 94 24 73 93 95 77 93 58 60 91 % 91 60 58 93 77 95 93 73 24 94 25 19 82
97 15 45 90 47 2 64 31 82 0 70 65 98 % 98 65 70 0 82 31 64 2 47 90 45 15 97
8 39 92 12 22 66 32 % 32 66 22 12 92 39 8
12 30 60 13 18 13 63 34 44 31 9 10 49 % 49 10 9 31 44 34 63 13 18 13 60 30 12
74 29 91 23 68 56 36 30 44 83 53 37 6 % 6 37 53 83 44 30 36 56 68 23 91 29 74
21 11 16 87 93 35 50 % 50 35 93 87 16 11 21
82 86 37 85 11 53 12 53 54 27 29 50 43 % 43 50 29 27 54 53 12 53 11 85 37 86 82
70 67 98 73 7 26 61 % 61 26 7 73 98 67 70
37 36 66 6 95 46 10 % 10 46 95 6 66 36 37
30 12 92 11 4 57 88 17 97 54 58 4 45 % 45 4 58 54 97 17 88 57 4 11 92 12 30
43 82 49 42 33 72 25 % 25 72 33 42 49 82 43
65 9 71 30 44 39 68 11 67 19 52 53 49 % 49 53 52 19 67 11 68 39 44 30 71 9 65
7 35 88 33 73 53 45 % 45 53 73 33 88 35 7
41 86 39 32 66 34 69 % 69 34 66 32 39 86 41
73 14 50 37 38 12 55 % 55 12 38 37 50 14 73
56 41 71 90 81 57 22 % 22 57 81 90 71 41 56
41 47 46 7 84 72 64 % 64 72 84 7 46 47 41
58 22 51 0 12 28 73 % 73 28 12 0 51 22 58
96 76 84 65 43 25 14 14 64 47 9 93 68 % 68 93 9 47 64 14 14 25 43 65 84 76 96
39 98 82 34 61 63 88 % 88 63 61 34 82 98 39
8 41 35 52 30 42 45 % 45 42 30 52 35 41 8
18 1 57 27 97 95 82 63 11 44 80 19 87 % 87 19 80 44 11 63 82 95 97 27 57 1 18
95 40 65 55 0 11 17 62 36 31 45 15 12 % 12 15 45 31 36 62 17 11 0 55 65 40 95
36 89 6 58 52 64 61 77 59 69 9 65 90 % 90 65 9 69 59 77 61 64 52 58 6 89 36
80 2 75 64 29 91 34 62 48 88 17 8 42 % 42 8 17 88 48 62 34 91 29 64 75 2 80
82 74 93 80 3 31 28 % 28 31 3 80 93 74 82
2 74 85 38 43 56 27 78 29 26 6 58 50 % 50 58 6 26 29 78 27 56 43 38 85 74 2
82 58 17 63 0 62 70 94 73 68 47 26 57 % 57 26 47 68 73 94 70 62 0 63 17 58 82
23 1 72 93 15 29 72 26 86 8 90 60 24 % 24 60 90 8 86 26 72 29 15 93 72 1 23
7 63 42 5 15 25 56 2 48 99 1 6 68 % 68 6 1 99 48 2 56 25 15 5 42 63 7
71 9 61 57 34 54 70 % 70 54 34 57 61 9 71
78 55 85 13 50 80 46 98 90 86 52 27 63 % 63 27 52 86 90 98 46 80 50 13 85 55 78
30 39 1 86 81 44 9 % 9 44 81 86 1 39 30
22 24 15 39 84 0 99 % 99 0 84 39 15 24 22
50 99 19 84 50 55 98 % 98 55 50 84 19 99 50
23 77 66 24 77 92 64 56 57 60 40 15 35 % 35 15 40 60 57 56 64 92 77 24 66 77 23
40 66 25 62 86 37 85 13 72 60 34 83 60 % 60 83 34 60 72 13 85 37 86 62 25 66 40
5 0 57 76 37 10 64 % 64 10 37 76 57 0 5
3 9 54 29 1 25 57 9 66 17 79 80 97 % 97 80 79 17 66 9 57 25 1 29 54 9 3
80 31 10 65 94 29 38 % 38 29 94 65 10 31 80
68 40 86 55 17 46 96 29 26 30 41 86 78 % 78 86 41 30 26 29 96 46 17 55 86 40 68
2 74 69 90 10 6 28 % 28 6 10 90 69 74 2
59 76 12 63 21 97 82 40 51 93 46 54 49 % 49 54 46 93 51 40 82 97 21 63 12 76 59
72 18 14 57 88 62 3 21 35 27 18 94 39 % 39 94 18 27 35 21 3 62 88 57 14 18 72
10 31 40 7 68 46 31 % 31 46 68 7 40 31 10
75 45 79 96 78 21 81 97 45 74 2 77 82 % 82 77 2 74 45 97 81 21 78 96 79 45 75
74 39 42 9 0 31 37 % 37 31 0 9 42 39 74
88 39 88 6 93 63 72 % 72 63 93 6 88 39 88
94 22 39 44 85 34 5 53 24 73 6 60 42 % 42 60 6 73 24 53 5 34 85 44 39 22 94
30 75 90 16 37 22 45 % 45 22 37 16 90 75 30
35 21 45 5 3 62 94 % 94 62 3 5 45 21 35
93 93 86 85 93 37 39 54 83 80 77 32 24 % 24 32 77 80 83 54 39 37 93 85 86 93 93
2 12 87 40 31 96 51 % 51 96 31 40 87 12 2
1 20 18 11 12 81 35 10 9 16 64 50 0 % 0 50 64 16 9 10 35 81 12 11 18 20 1
45 45 8 2 27 89 34 75 66 37 93 46 59 % 59 46 93 37 66 75 34 89 27 2 8 45 45
10 45 56 18 21 11 79 77 49 64 67 86 8 % 8 86 67 64 49 77 79 11 21 18 56 45 10
37 34 93 20 74 94 79 % 79 94 74 20 93 34 37
61 20 26 47 27 12 86 % 86 12 27 47 26 20 61
91 44 92 28 56 37 51 11 74 95 26 5 97 % 97 5 26 95 74 11 51 37 56 28 92 44 91
27 39 46 21 75 94 45 % 45 94 75 21 46 39 27
56 30 15 13 28 52 65 % 65 52 28 13 15 30 56
80 8 30 5 89 14 41 78 20 0 41 21 78 % 78 21 41 0 20 78 41 14 89 5 30 8 80
68 24 96 13 63 16 31 11 80 22 58 99 90 % 90 99 58 22 80 11 31 16 63 13 96 24 68
98 51 47 32 69 77 80 14 57 52 35 40 22 % 22 40 35 52 57 14 80 77 69 32 47 51 98
22 5 15 44 48 4 11 % 11 4 48 44 15 5 22
79 67 20 68 81 56 29 10 19 41 94 31 84 % 84 31 94 41 19 10 29 56 81 68 20 67 79
12 20 72 56 28 29 28 % 28 29 28 56 72 20 12
31 14 60 46 51 98 76 91 20 96 43 99 95 % 95 99 43 96 20 91 76 98 51 46 60 14 31
57 45 76 67 59 47 90 14 69 62 69 6 24 % 24 6 69 62 69 14 90 47 59 67 76 45 57
52 46 57 24 63 25 33 % 33 25 63 24 57 46 52
3 31 94 37 61 71 36 7 2 0 53 25 56 % 56 25 53 0 2 7 36 71 61 37 94 31 3
22 5 52 98 38 27 60 % 60 27 38 98 52 5 22
27 35 22 10 4 71 90 30 81 7 7 78 1 % 1 78 7 7 81 30 90 71 4 10 22 35 27
24 66 8 5 41 84 82 13 14 19 74 24 18 % 18 24 74 19 14 13 82 84 41 5 8 66 24
10 55 8 44 13 38 76 30 79 26 70 78 7 % 7 78 70 26 79 30 76 38 13 44 8 55 10
75 64 42 24 20 8 29 % 29 8 20 24 42 64 75
81 97 83 24 98 53 19 61 37 97 31 62 16 % 16 62 31 97 37 61 19 53 98 24 83 97 81
62 53 61 72 68 98 65 % 65 98 68 72 61 53 62
54 95 42 1 0 4 65 22 50 19 55 8 91 % 91 8 55 19 50 22 65 4 0 1 42 95 54
15 6 77 63 20 36 22 73 13 31 62 76 92 % 92 76 62 31 13 73 22 36 20 63 77 6 15
82 32 89 22 81 8 29 % 29 8 81 22 89 32 82
54 36 80 45 56 9 1 % 1 9 56 45 80 36 54
39 67 22 67 5 79 67 % 67 79 5 67 22 67 39
63 74 32 99 1 32 12 % 12 32 1 99 32 74 63
59 85 59 95 34 3 85 % 85 3 34 95 59 85 59
75 40 29 42 92 90 86 % 86 90 92 42 29 40 75
52 87 79 12 16 31 68 % 68 31 16 12 79 87 52
36 71 10 65 71 34 90 % 90 34 71 65 10 71 36
77 86 49 23 27 56 60 % 60 56 27 23 49 86 77
84 42 76 95 47 4 57 % 57 4 47 95 76 42 84
58 6 99 73 59 46 35 % 35 46 59 73 99 6 58
71 29 69 26 61 88 3 38 95 37 72 18 39 % 39 18 72 37 95 38 3 88 61 26 69 29 71
41 11 72 76 67 3 94 % 94 3 67 76 72 11 41
89 0 18 39 65 17 55 % 55 17 65 39 18 0 89
22 17 38 47 17 12 82 78 61 43 73 13 39 % 39 13 73 43 61 78 82 12 17 47 38 17 22
77 87 45 96 86 49 36 55 20 88 13 68 57 % 57 68 13 88 20 55 36 49 86 96 45 87 77
67 96 1 76 37 96 97 % 97 96 37 76 1 96 67
87 19 96 6 58 22 18 % 18 22 58 6 96 19 87
75 44 14 53 41 67 63 % 63 67 41 53 14 44 75
52 2 98 95 1 13 62 87 71 92 46 26 54 % 54 26 46 92 71 87 62 13 1 95 98 2 52
86 3 61 88 87 22 86 2 0 1 48 44 98 % 98 44 48 1 0 2 86 22 87 88 61 3 86
55 14 66 2 88 5 85 64 41 50 69 99 77 % 77 99 69 50 41 64 85 5 88 2 66 14 55
25 0 90 10 33 1 7 % 7 1 33 10 90 0 25
38 56 93 43 1 26 8 % 8 26 1 43 93 56 38
11 60 50 76 96 7 66 % 66 7 96 76 50 60 11
13 17 53 24 75 85 56 % 56 85 75 24 53 17 13
0 87 14 89 76 66 6 49 29 71 38 59 46 % 46 59 38 71 29 49 6 66 76 89 14 87 0
14 44 3 99 83 26 31 % 31 26 83 99 3 44 14
83 53 55 75 83 9 3 0 25 4 25 21 86 % 86 21 25 4 25 0 3 9 83 75 55 53 83
27 89 58 14 59 65 77 29 81 65 63 49 43 % 43 49 63 65 81 29 77 65 59 14 58 89 27
27 9 80 42 93 76 37 25 67 66 80 18 50 % 50 18 80 66 67 25 37 76 93 42 80 9 27
15 94 94 33 87 25 37 98 2 95 43 99 36 % 36 99 43 95 2 98 37 25 87 33 94 94 15
10 60 76 77 18 81 30 % 30 81 18 77 76 60 10
2 74 59 91 36 51 90 % 90 51 36 91 59 74 2
0 99 2 73 39 66 31 % 31 66 39 73 2 99 0
64 61 5 8 44 62 80 70 73 4 56 16 89 % 89 16 56 4 73 70 80 62 44 8 5 61 64
38 95 7 92 47 33 60 57 25 55 51 12 36 % 36 12 51 55 25 57 60 33 47 92 7 95 38
50 29 40 84 37 76 57 51 68 35 3 25 10 % 10 25 3 35 68 51 57 76 37 84 40 29 50
96 21 31 47 4 40 94 % 94 40 4 47 31 21 96
55 47 86 59 78 24 41 9 17 96 52 82 50 % 50 82 52 96 17 9 41 24 78 59 86 47 55
2 52 86 18 44 84 63 % 63 84 44 18 86 52 2
97 12 15 90 8 37 66 % 66 37 8 90 15 12 97
71 96 29 17 47 76 92 % 92 76 47 17 29 96 71
88 96 42 98 5 90 98 34 92 16 61 54 65 % 65 54 61 16 92 34 98 90 5 98 42 96 88
43 42 67 39 58 5 89 45 60 16 62 78 26 % 26 78 62 16 60 45 89 5 58 39 67 42 43
33 16 18 37 49 68 36 % 36 68 49 37 18 16 33
7 34 92 87 91 14 0 % 0 14 91 87 92 34 7
26 40 1 44 10 28 48 97 91 94 19 85 99 % 99 85 19 94 91 97 48 28 10 44 1 40 26
61 68 94 40 78 27 53 3 20 78 94 62 42 % 42 62 94 78 20 3 53 27 78 40 94 68 61
25 90 20 23 25 83 66 % 66 83 25 23 20 90 25
21 16 70 82 35 61 27 51 94 70 77 10 27 % 27 10 77 70 94 51 27 61 35 82 70 16 21
48 65 38 78 55 10 89 10 73 78 50 40 67 % 67 40 50 78 73 10 89 10 55 78 38 65 48
48 44 76 71 88 83 87 % 87 83 88 71 76 44 48
70 57 96 98 22 7 55 54 42 66 20 11 21 % 21 11 20 66 42 54 55 7 22 98 96 57 70
49 3 83 56 76 25 42 % 42 25 76 56 83 3 49
69 87 70 99 33 28 55 % 55 28 33 99 70 87 69
30 59 55 96 58 63 62 % 62 63 58 96 55 59 30
70 93 17 16 22 98 4 40 19 17 78 76 7 % 7 76 78 17 19 40 4 98 22 16 17 93 70
91 62 61 81 11 32 12 82 30 86 47 0 45 % 45 0 47 86 30 82 12 32 11 81 61 62 91
23 96 66 84 7 46 58 % 58 46 7 84 66 96 23
48 34 85 93 79 89 19 47 9 99 46 59 93 % 93 59 46 99 9 47 19 89 79 93 85 34 48
37 93 80 35 81 27 65 48 57 45 47 30 73 % 73 30 47 45 57 48 65 27 81 35 80 93 37
68 28 74 11 18 80 93 % 93 80 18 11 74 28 68
9 3 93 92 69 26 69 % 69 26 69 92 93 3 9
96 9 49 30 81 63 4 % 4 63 81 30 49 9 96
37 5 71 3 86 91 3 25 40 41 49 19 45 % 45 19 49 41 40 25 3 91 86 3 71 5 37
3 69 78 61 66 94 65 % 65 94 66 61 78 69 3
17 1 80 48 58 72 70 % 70 72 58 48 80 1 17
30 61 11 47 9 29 46 % 46 29 9 47 11 61 30
62 9 41 58 52 44 5 33 13 86 57 26 31 % 31 26 57 86 13 33 5 44 52 58 41 9 62
87 75 44 93 58 37 18 % 18 37 58 93 44 75 87
58 9 55 1 89 27 64 44 53 88 66 28 57 % 57 28 66 88 53 44 64 27 89 1 55 9 58
44 29 74 9 22 4 11 % 11 4 22 9 74 29 44
12 77 3 62 77 7 27 28 65 43 68 49 89 % 89 49 68 43 65 28 27 7 77 62 3 77 12
33 31 18 23 52 6 80 44 27 63 80 81 74 % 74 81 80 63 27 44 80 6 52 23 18 31 33
26 93 23 92 2 15 63 53 18 1 59 4 40 % 40 4 59 1 18 53 63 15 2 92 23 93 26
7 92 81 77 81 65 45 38 51 65 7 86 98 % 98 86 7 65 51 38 45 65 81 77 81 92 7
23 3 51 64 70 11 81 92 88 93 63 22 74 % 74 22 63 93 88 92 81 11 70 64 51 3 23
50 46 84 48 4 92 6 7 96 50 23 1 97 % 97 1 23 50 96 7 6 92 4 48 84 46 50
47 10 1 17 80 35 40 % 40 35 80 17 1 10 47
5 61 4 46 38 71 22 % 22 71 38 46 4 61 5
7 85 78 80 54 80 32 9 60 67 25 39 16 % 16 39 25 67 60 9 32 80 54 80 78 85 7
57 96 38 37 12 15 93 % 93 15 12 37 38 96 57
21 74 88 79 99 73 24 % 24 73 99 79 88 74 21
63 72 93 79 34 18 64 % 64 18 34 79 93 72 63
12 43 90 24 54 27 38 % 38 27 54 24 90 43 12
10 64 8 2 33 57 81 33 11 26 57 64 89 % 89 64 57 26 11 33 81 57 33 2 8 64 10
27 38 43 33 23 53 73 89 74 2 86 28 7 % 7 28 86 2 74 89 73 53 23 33 43 38 27
23 22 24 23 83 32 10 92 37 5 88 88 26 % 26 88 88 5 37 92 10 32 83 23 24 22 23
24 47 45 89 39 82 0 % 0 82 39 89 45 47 24
61 95 55 11 12 39 37 55 52 54 10 47 0 % 0 47 10 54 52 55 37 39 12 11 55 95 61
70 8 27 0 91 61 65 % 65 61 91 0 27 8 70
98 20 62 95 21 81 63 25 13 19 73 54 9 % 9 54 73 19 13 25 63 81 21 95 62 20 98
33 74 7 23 6 37 76 29 22 74 53 16 78 % 78 16 53 74 22 29 76 37 6 23 7 74 33
39 24 50 98 61 61 42 98 67 80 20 39 50 % 50 39 20 80 67 98 42 61 61 98 50 24 39
20 75 43 43 34 26 80 % 80 26 34 43 43 75 20
46 43 64 52 74 49 53 % 53 49 74 52 64 43 46
13 81 78 58 4 48 85 38 52 84 88 33 11 % 11 33 88 84 52 38 85 48 4 58 78 81 13
93 95 7 50 31 13 69 60 74 16 63 21 83 % 83 21 63 16 74 60 69 13 31 50 7 95 93
85 68 49 61 96 46 77 % 77 46 96 61 49 68 85
43 4 42 12 91 99 99 46 36 79 35 57 95 % 95 57 35 79 36 46 99 99 91 12 42 4 43
85 49 47 1 87 87 27 % 27 87 87 1 47 49 85
64 17 41 36 16 73 2 97 21 42 36 21 75 % 75 21 36 42 21 97 2 73 16 36 41 17 64
74 9 4 56 12 71 0 % 0 71 12 56 4 9 74
57 62 74 79 2 77 38 59 84 2 38 82 23 % 23 82 38 2 84 59 38 77 2 79 74 62 57
10 8 75 49 97 24 36 3 82 30 32 25 70 % 70 25 32 30 82 3 36 24 97 49 75 8 10
4 72 43 44 66 92 4 23 95 42 44 54 59 % 59 54 44 42 95 23 4 92 66 44 43 72 4
40 20 22 43 57 85 27 % 27 85 57 43 22 20 40
67 79 19 22 11 31 83 84 76 27 10 95 50 % 50 95 10 27 76 84 83 31 11 22 19 79 67
82 95 22 9 22 58 17 21 66 30 7 34 2 % 2 34 7 30 66 21 17 58 22 9 22 95 82
27 71 53 25 7 18 94 % 94 18 7 25 53 71 27
87 54 80 44 83 80 68 2 99 78 95 30 2 % 2 30 95 78 99 2 68 80 83 44 80 54 87
81 17 27 90 45 89 25 50 90 88 29 95 84 % 84 95 29 88 90 50 25 89 45 90 27 17 81
93 70 88 91 12 80 2 % 2 80 12 91 88 70 93
97 8 95 14 68 52 53 % 53 52 68 14 95 8 97
36 43 82 92 77 30 62 38 18 1 93 10 2 % 2 10 93 1 18 38 62 30 77 92 82 43 36
12 10 96 38 28 58 59 % 59 58 28 38 96 10 12
82 23 25 30 31 10 88 41 91 96 87 79 56 % 56 79 87 96 91 41 88 10 31 30 25 23 82
5 47 5 10 88 24 29 % 29 24 88 10 5 47 5
20 76 99 62 4 75 27 86 8 19 95 60 10 % 10 60 95 19 8 86 27 75 4 62 99 76 20
91 79 64 84 92 64 86 % 86 64 92 84 64 79 91
14 89 47 92 52 43 39 28 46 48 19 69 1 % 1 69 19 48 46 28 39 43 52 92 47 89 14
2 65 25 64 72 7 6 % 6 7 72 64 25 65 2
49 23 7 40 82 22 4 6 97 7 8 34 15 % 15 34 8 7 97 6 4 22 82 40 7 23 49
92 41 44 84 98 60 17 93 1 18 37 71 56 % 56 71 37 18 1 93 17 60 98 84 44 41 92
15 84 77 25 62 89 37 60 98 83 32 41 41 % 41 41 32 83 98 60 37 89 62 25 77 84 15
96 25 52 44 62 21 96 % 96 21 62 44 52 25 96
16 94 96 29 73 30 68 % 68 30 73 29 96 94 16
55 49 38 97 86 65 54 80 95 23 34 73 59 % 59 73 34 23 95 80 54 65 86 97 38 49 55
20 32 90 60 31 13 38 83 88 6 41 90 17 % 17 90 41 6 88 83 38 13 31 60 90 32 20
97 67 41 94 38 9 34 % 34 9 38 94 41 67 97
61 25 60 94 38 77 86 % 86 77 38 94 60 25 61
3 64 51 49 88 62 85 18 27 9 3 10 81 % 81 10 3 9 27 18 85 62 88 49 51 64 3
69 18 87 52 54 93 15 % 15 93 54 52 87 18 69
77 52 73 62 64 9 65 52 35 16 15 87 39 % 39 87 15 16 35 52 65 9 64 62 73 52 77
94 63 76 19 69 50 4 % 4 50 69 19 76 63 94
94 39 6 55 81 50 6 47 38 89 23 84 98 % 98 84 23 89 38 47 6 50 81 55 6 39 94
6 35 68 70 56 92 95 % 95 92 56 70 68 35 6
21 48 89 91 61 59 26 % 26 59 61 91 89 48 21
49 53 41 22 59 75 12 % 12 75 59 22 41 53 49
43 39 93 67 68 84 68 27 42 53 73 57 69 % 69 57 73 53 42 27 68 84 68 67 93 39 43
75 41 92 23 37 29 67 % 67 29 37 23 92 41 75
47 2 45 61 70 0 26 83 72 96 58 66 31 % 31 66 58 96 72 83 26 0 70 61 45 2 47
19 59 57 38 69 38 86 % 86 38 69 38 57 59 19
60 33 6 24 34 21 96 88 71 71 36 68 67 % 67 68 36 71 71 88 96 21 34 24 6 33 60
84 62 32 37 59 5 4 % 4 5 59 37 32 62 84
46 94 77 9 83 67 99 % 99 67 83 9 77 94 46
93 44 90 99 30 33 39 % 39 33 30 99 90 44 93
22 26 25 38 47 44 22 % 22 44 47 38 25 26 22
63 37 85 2 23 20 50 % 50 20 23 2 85 37 63
53 83 38 77 75 47 85 93 94 34 91 25 71 % 71 25 91 34 94 93 85 47 75 77 38 83 53
17 77 83 69 99 85 37 58 35 81 23 74 51 % 51 74 23 81 35 58 37 85 99 69 83 77 17
15 96 57 40 31 96 47 31 29 74 15 38 92 % 92 38 15 74 29 31 47 96 31 40 57 96 15
93 10 86 86 64 45 83 14 44 79 69 23 81 % 81 23 69 79 44 14 83 45 64 86 86 10 93
2 10 43 35 95 39 52 61 94 9 67 99 50 % 50 99 67 9 94 61 52 39 95 35 43 10 2
16 86 55 74 60 79 26 2 64 30 60 21 98 % 98 21 60 30 64 2 26 79 60 74 55 86 16
97 57 23 0 22 35 18 26 46 40 23 72 29 % 29 72 23 40 46 26 18 35 22 0 23 57 97
56 98 43 71 22 99 60 % 60 99 22 71 43 98 56
29 51 94 6 70 90 31 52 44 61 85 35 43 % 43 35 85 61 44 52 31 90 70 6 94 51 29
75 25 52 63 68 19 60 34 92 77 28 52 36 % 36 52 28 77 92 34 60 19 68 63 52 25 75
57 51 22 32 8 96 68 23 66 37 18 27 87 % 87 27 18 37 66 23 68 96 8 32 22 51 57
52 24 9 78 99 62 42 % 42 62 99 78 9 24 52
41 79 17 0 58 98 43 36 35 45 83 58 57 % 57 58 83 45 35 36 43 98 58 0 17 79 41
28 9 61 92 65 71 85 79 68 23 82 65 69 % 69 65 82 23 68 79 85 71 65 92 61 9 28
90 74 96 13 43 7 74 58 31 74 28 82 36 % 36 82 28 74 31 58 74 7 43 13 96 74 90
91 84 81 6 38 72 27 15 45 44 44 7 36 % 36 7 44 44 45 15 27 72 38 6 81 84 91
29 16 39 79 87 81 23 0 94 81 56 31 41 % 41 31 56 81 94 0 23 81 87 79 39 16 29
98 30 8 38 44 49 41 % 41 49 44 38 8 30 98
52 28 76 44 93 15 47 % 47 15 93 44 76 28 52
89 47 37 36 42 84 95 % 95 84 42 36 37 47 89
87 39 25 50 57 30 24 % 24 30 57 50 25 39 87
80 87 58 79 81 32 79 24 32 0 96 60 48 % 48 60 96 0 32 24 79 32 81 79 58 87 80
59 62 68 15 4 41 67 63 0 16 49 27 83 % 83 27 49 16 0 63 67 41 4 15 68 62 59
39 66 19 69 18 55 85 % 85 55 18 69 19 66 39
39 47 72 66 77 46 78 % 78 46 77 66 72 47 39
22 34 21 21 81 16 71 % 71 16 81 21 21 34 22
93 21 49 37 49 92 59 81 86 62 5 17 48 % 48 17 5 62 86 81 59 92 49 37 49 21 93
86 24 78 16 42 33 93 % 93 33 42 16 78 24 86
59 85 14 99 70 46 62 % 62 46 70 99 14 85 59
2 10 15 51 75 30 59 62 33 2 86 42 94 % 94 42 86 2 33 62 59 30 75 51 15 10 2
84 14 38 72 50 12 73 % 73 12 50 72 38 14 84
68 99 65 18 54 14 39 % 39 14 54 18 65 99 68
18 39 61 21 69 21 41 % 41 21 69 21 61 39 18
63 46 9 52 19 66 95 26 41 14 49 74 27 % 27 74 49 14 41 26 95 66 19 52 9 46 63
16 0 71 36 38 6 47 42 46 7 30 31 64 % 64 31 30 7 46 42 47 6 38 36 71 0 16
59 63 19 91 65 53 43 52 95 57 11 34 53 % 53 34 11 57 95 52 43 53 65 91 19 63 59
39 58 73 77 32 96 85 34 1 71 42 79 91 % 91 79 42 71 1 34 85 96 32 77 73 58 39
8 53 92 91 6 45 48 8 61 81 30 79 7 % 7 79 30 81 61 8 48 45 6 91 92 53 8
89 84 32 99 46 20 92 % 92 20 46 99 32 84 89
80 16 19 30 31 89 12 % 12 89 31 30 19 16 80
13 54 54 94 70 15 15 17 23 6 80 83 65 % 65 83 80 6 23 17 15 15 70 94 54 54 13
63 11 89 18 32 74 65 % 65 74 32 18 89 11 63
22 51 88 70 83 14 1 % 1 14 83 70 88 51 22
58 94 77 84 58 69 66 59 68 95 33 95 1 % 1 95 33 95 68 59 66 69 58 84 77 94 58
78 41 50 20 75 57 89 % 89 57 75 20 50 41 78
39 43 58 45 82 91 76 20 20 14 20 26 68 % 68 26 20 14 20 20 76 91 82 45 58 43 39
53 75 9 32 54 43 45 % 45 43 54 32 9 75 53
66 88 29 21 76 19 25 47 74 52 89 8 12 % 12 8 89 52 74 47 25 19 76 21 29 88 66
9 93 34 52 74 54 93 93 67 73 92 28 80 % 80 28 92 73 67 93 93 54 74 52 34 93 9
14 73 2 43 66 68 64 % 64 68 66 43 2 73 14
21 14 45 80 43 87 72 31 59 25 23 74 62 % 62 74 23 25 59 31 72 87 43 80 45 14 21
95 11 71 63 3 6 35 99 65 14 19 48 91 % 91 48 19 14 65 99 35 6 3 63 71 11 95
71 43 76 28 83 27 54 79 55 93 60 89 79 % 79 89 60 93 55 79 54 27 83 28 76 43 71
33 63 71 17 94 18 93 22 57 42 23 75 85 % 85 75 23 42 57 22 93 18 94 17 71 63 33
34 15 17 71 93 93 13 6 40 84 41 54 69 % 69 54 41 84 40 6 13 93 93 71 17 15 34
72 29 75 20 5 29 4 87 49 75 43 84 47 % 47 84 43 75 49 87 4 29 5 20 75 29 72
30 5 3 48 20 99 60 % 60 99 20 48 3 5 30
42 36 49 98 38 26 23 16 77 4 31 96 28 % 28 96 31 4 77 16 23 26 38 98 49 36 42
58 52 94 27 81 76 91 % 91 76 81 27 94 52 58
3 23 54 27 60 33 22 % 22 33 60 27 54 23 3
99 35 41 98 31 77 94 18 81 34 58 77 42 % 42 77 58 34 81 18 94 77 31 98 41 35 99
87 60 39 74 84 76 63 9 55 42 31 18 6 % 6 18 31 42 55 9 63 76 84 74 39 60 87
64 93 63 90 73 6 50 % 50 6 73 90 63 93 64
8 89 42 45 74 51 10 3 89 81 41 82 37 % 37 82 41 81 89 3 10 51 74 45 42 89 8
63 84 58 68 31 94 29 % 29 94 31 68 58 84 63
30 43 0 37 17 73 60 % 60 73 17 37 0 43 30
96 64 6 12 61 25 77 52 95 25 9 12 58 % 58 12 9 25 95 52 77 25 61 12 6 64 96
13 48 90 59 74 81 89 27 73 6 15 63 19 % 19 63 15 6 73 27 89 81 74 59 90 48 13
31 76 1 34 68 6 6 28 18 62 63 4 35 % 35 4 63 62 18 28 6 6 68 34 1 76 31
15 0 17 61 19 61 83 0 47 10 16 67 57 % 57 67 16 10 47 0 83 61 19 61 17 0 15
54 26 77 71 15 94 33 81 91 41 22 65 35 % 35 65 22 41 91 81 33 94 15 71 77 26 54
87 13 52 29 13 57 63 % 63 57 13 29 52 13 87
77 58 80 70 43 43 19 % 19 43 43 70 80 58 77
46 65 93 94 40 93 10 28 32 14 87 17 81 % 81 17 87 14 32 28 10 93 40 94 93 65 46
67 50 47 30 80 51 80 71 52 23 75 24 36 % 36 24 75 23 52 71 80 51 80 30 47 50 67
34 67 97 25 1 73 59 % 59 73 1 25 97 67 34
51 0 50 71 21 51 45 99 12 5 84 9 32 % 32 9 84 5 12 99 45 51 21 71 50 0 51
98 49 72 13 75 6 86 % 86 6 75 13 72 49 98
46 23 66 82 62 31 2 % 2 31 62 82 66 23 46
7 71 54 91 99 92 10 % 10 92 99 91 54 71 7
14 52 29 83 39 27 75 34 93 18 31 85 41 % 41 85 31 18 93 34 75 27 39 83 29 52 14
53 31 56 75 80 27 16 % 16 27 80 75 56 31 53
96 66 70 40 94 61 74 7 80 57 47 52 60 % 60 52 47 57 80 7 74 61 94 40 70 66 96
1 96 39 50 95 40 33 % 33 40 95 50 39 96 1
71 12 33 62 64 76 36 % 36 76 64 62 33 12 71
62 63 69 93 71 1 38 % 38 1 71 93 69 63 62
95 21 82 72 42 10 82 % 82 10 42 72 82 21 95
16 84 94 29 52 2 42 % 42 2 52 29 94 84 16
34 67 93 79 87 36 96 22 29 34 49 57 48 % 48 57 49 34 29 22 96 36 87 79 93 67 34
11 62 92 72 46 17 96 86 16 91 13 32 61 % 61 32 13 91 16 86 96 17 46 72 92 62 11
98 93 99 11 3 36 46 17 8 30 96 17 21 % 21 17 96 30 8 17 46 36 3 11 99 93 98
40 2 69 17 1 30 39 % 39 30 1 17 69 2 40
67 54 59 79 83 94 30 % 30 94 83 79 59 54 67
45 20 0 26 98 56 41 99 94 41 22 27 60 % 60 27 22 41 94 99 41 56 98 26 0 20 45
76 29 42 59 56 28 27 83 40 38 12 51 66 % 66 51 12 38 40 83 27 28 56 59 42 29 76
69 82 74 87 93 89 88 25 84 31 70 23 23 % 23 23 70 31 84 25 88 89 93 87 74 82 69
40 22 2 25 12 69 99 92 85 4 66 71 68 % 68 71 66 4 85 92 99 69 12 25 2 22 40
61 39 32 7 64 88 88 % 88 88 64 7 32 39 61
39 64 98 15 18 4 6 19 24 9 28 2 70 % 70 2 28 9 24 19 6 4 18 15 98 64 39
34 60 81 79 76 10 71 10 91 18 6 45 44 % 44 45 6 18 91 10 71 10 76 79 81 60 34
4 89 47 57 15 50 62 62 66 3 45 13 95 % 95 13 45 3 66 62 62 50 15 57 47 89 4
85 22 22 85 12 35 62 % 62 35 12 85 22 22 85
96 9 39 58 24 59 63 38 49 43 92 25 16 % 16 25 92 43 49 38 63 59 24 58 39 9 96
74 22 62 7 64 82 96 30 54 25 46 42 48 % 48 42 46 25 54 30 96 82 64 7 62 22 74
45 2 24 94 77 58 41 52 1 21 84 89 31 % 31 89 84 21 1 52 41 58 77 94 24 2 45
30 49 46 46 31 46 75 85 98 87 37 12 7 % 7 12 37 87 98 85 75 46 31 46 46 49 30
60 72 38 86 53 29 40 90 50 13 40 12 82 % 82 12 40 13 50 90 40 29 53 86 38 72 60
31 49 12 8 66 62 59 % 59 62 66 8 12 49 31
55 75 65 82 94 53 78 78 59 83 87 37 19 % 19 37 87 83 59 78 78 53 94 82 65 75 55
54 70 94 55 79 16 29 % 29 16 79 55 94 70 54
51 66 99 1 9 80 43 % 43 80 9 1 99 66 51
29 55 32 77 68 3 9 % 9 3 68 77 32 55 29
90 10 18 96 84 3 62 % 62 3 84 96 18 10 90
21 51 47 68 94 85 4 85 95 65 39 91 24 % 24 91 39 65 95 85 4 85 94 68 47 51 21
2 8 96 28 15 93 35 76 83 67 6 19 85 % 85 19 6 67 83 76 35 93 15 28 96 8 2
54 51 2 3 63 44 21 % 21 44 63 3 2 51 54
94 37 37 83 19 14 53 % 53 14 19 83 37 37 94
50 50 99 41 36 2 85 43 60 82 52 79 20 % 20 79 52 82 60 43 85 2 36 41 99 50 50
73 39 53 84 21 85 48 % 48 85 21 84 53 39 73
91 29 61 21 80 94 78 % 78 94 80 21 61 29 91
88 86 46 6 16 47 57 % 57 47 16 6 46 86 88
83 38 83 56 58 16 25 % 25 16 58 56 83 38 83
54 94 69 65 15 7 8 12 86 92 99 11 53 % 53 11 99 92 86 12 8 7 15 65 69 94 54
65 68 91 43 33 24 29 % 29 24 33 43 91 68 65
14 27 47 98 41 16 9 % 9 16 41 98 47 27 14
71 42 83 54 44 5 12 86 70 17 75 61 32 % 32 61 75 17 70 86 12 5 44 54 83 42 71
58 70 91 66 88 79 82 26 57 98 69 48 28 % 28 48 69 98 57 26 82 79 88 66 91 70 58
98 75 20 78 40 65 20 79 32 5 63 57 78 % 78 57 63 5 32 79 20 65 40 78 20 75 98
43 12 23 36 86 77 9 % 9 77 86 36 23 12 43
25 68 44 15 71 20 57 % 57 20 71 15 44 68 25
80 87 25 30 14 19 77 23 97 5 48 49 82 % 82 49 48 5 97 23 77 19 14 30 25 87 80
37 95 98 64 70 8 67 % 67 8 70 64 98 95 37
43 51 4 96 21 51 67 22 76 98 52 33 62 % 62 33 52 98 76 22 67 51 21 96 4 51 43
80 53 41 34 48 49 0 34 20 74 40 90 22 % 22 90 40 74 20 34 0 49 48 34 41 53 80
6 55 70 75 21 28 28 68 54 77 68 76 42 % 42 76 68 77 54 68 28 28 21 75 70 55 6
62 10 13 72 65 23 30 % 30 23 65 72 13 10 62
63 64 78 14 75 14 53 % 53 14 75 14 78 64 63
38 95 49 2 53 69 40 25 18 91 59 61 51 % 51 61 59 91 18 25 40 69 53 2 49 95 38
91 21 69 90 8 72 15 71 50 31 30 51 81 % 81 51 30 31 50 71 15 72 8 90 69 21 91
7 5 75 4 75 63 27 71 58 38 75 53 32 % 32 53 75 38 58 71 27 63 75 4 75 5 7
3 78 91 75 99 65 47 44 60 48 91 66 66 % 66 66 91 48 60 44 47 65 99 75 91 78 3
98 76 66 87 78 2 27 % 27 2 78 87 66 76 98
78 6 64 86 82 29 28 % 28 29 82 86 64 6 78
80 2 76 25 30 89 86 35 64 37 53 33 65 % 65 33 53 37 64 35 86 89 30 25 76 2 80
26 73 53 86 69 49 7 % 7 49 69 86 53 73 26
66 41 24 3 99 73 77 % 77 73 99 3 24 41 66
97 32 32 54 24 30 76 99 77 18 10 56 58 % 58 56 10 18 77 99 76 30 24 54 32 32 97
99 88 36 10 49 83 6 % 6 83 49 10 36 88 99
78 34 44 6 24 96 31 % 31 96 24 6 44 34 78
85 96 75 88 62 96 93 12 28 43 25 62 65 % 65 62 25 43 28 12 93 96 62 88 75 96 85
48 25 39 34 58 77 78 79 83 25 79 83 48 % 48 83 79 25 83 79 78 77 58 34 39 25 48
16 94 68 36 11 27 29 % 29 27 11 36 68 94 16
87 93 16 83 93 99 68 57 17 93 90 10 67 % 67 10 90 93 17 57 68 99 93 83 16 93 87
64 72 0 97 92 41 42 % 42 41 92 97 0 72 64
37 68 10 26 58 4 77 70 60 80 62 83 0 % 0 83 62 80 60 70 77 4 58 26 10 68 37
87 99 48 15 24 26 65 65 7 26 80 39 50 % 50 39 80 26 7 65 65 26 24 15 48 99 87
38 4 11 66 47 11 11 13 36 44 34 15 98 % 98 15 34 44 36 13 11 11 47 66 11 4 38
59 76 47 97 17 71 42 99 77 0 44 56 0 % 0 56 44 0 77 99 42 71 17 97 47 76 59
50 35 75 16 24 64 9 17 50 89 86 61 67 % 67 61 86 89 50 17 9 64 24 16 75 35 50
98 60 94 67 69 24 24 6 24 92 25 93 96 % 96 93 25 92 24 6 24 24 69 67 94 60 98
17 52 9 27 24 54 61 % 61 54 24 27 9 52 17
23 83 43 37 70 11 85 62 30 62 74 81 79 % 79 81 74 62 30 62 85 11 70 37 43 83 23
91 6 90 67 81 26 37 % 37 26 81 67 90 6 91
83 69 1 56 57 12 86 18 7 68 81 77 98 % 98 77 81 68 7 18 86 12 57 56 1 69 83
1 68 35 50 6 29 80 71 68 17 40 31 7 % 7 31 40 17 68 71 80 29 6 50 35 68 1
86 26 92 4 85 14 78 13 68 67 2 44 81 % 81 44 2 67 68 13 78 14 85 4 92 26 86
82 35 38 80 19 26 19 % 19 26 19 80 38 35 82
79 81 90 0 41 3 2 69 39 4 21 45 17 % 17 45 21 4 39 69 2 3 41 0 90 81 79
69 83 80 49 31 2 66 50 60 37 17 48 27 % 27 48 17 37 60 50 66 2 31 49 80 83 69
38 16 18 37 71 63 68 49 18 95 80 89 82 % 82 89 80 95 18 49 68 63 71 37 18 16 38
9 6 1 95 14 40 85 75 27 31 49 17 78 % 78 17 49 31 27 75 85 40 14 95 1 6 9
23 47 76 1 80 76 97 47 22 66 55 81 99 % 99 81 55 66 22 47 97 76 80 1 76 47 23
98 80 15 93 56 96 77 % 77 96 56 93 15 80 98
43 6 43 96 55 9 66 % 66 9 55 96 43 6 43
61 62 78 76 48 76 51 44 97 23 71 65 25 % 25 65 71 23 97 44 51 76 48 76 78 62 61
34 43 32 97 49 79 40 % 40 79 49 97 32 43 34
79 39 40 13 15 33 46 % 46 33 15 13 40 39 79
15 77 4 86 34 40 43 % 43 40 34 86 4 77 15
1 42 28 72 55 43 2 % 2 43 55 72 28 42 1
70 28 1 84 52 38 44 90 71 14 31 3 31 % 31 3 31 14 71 90 44 38 52 84 1 28 70
57 6 48 93 6 67 61 % 61 67 6 93 48 6 57
48 69 95 71 65 21 82 % 82 21 65 71 95 69 48
41 91 62 20 3 3 65 28 62 51 61 16 78 % 78 16 61 51 62 28 65 3 3 20 62 91 41
4 25 51 27 41 27 7 % 7 27 41 27 51 25 4
59 37 74 97 88 1 94 13 56 86 86 86 16 % 16 86 86 86 56 13 94 1 88 97 74 37 59
23 52 33 40 55 26 85 25 47 24 39 74 64 % 64 74 39 24 47 25 85 26 55 40 33 52 23
26 76 84 5 40 34 75 43 60 99 99 40 90 % 90 40 99 99 60 43 75 34 40 5 84 76 26
58 0 46 76 4 79 18 % 18 79 4 76 46 0 58
81 51 21 27 1 3 46 53 38 16 80 72 75 % 75 72 80 16 38 53 46 3 1 27 21 51 81
34 80 92 35 13 89 45 % 45 89 13 35 92 80 34
40 45 59 85 4 46 10 34 38 77 88 96 60 % 60 96 88 77 38 34 10 46 4 85 59 45 40
40 43 95 36 96 66 34 24 1 12 10 9 56 % 56 9 10 12 1 24 34 66 96 36 95 43 40
65 53 4 76 1 78 64 % 64 78 1 76 4 53 65
46 83 51 25 72 6 30 % 30 6 72 25 51 83 46
7 53 31 20 78 18 66 31 44 97 11 4 11 % 11 4 11 97 44 31 66 18 78 20 31 53 7
11 5 9 54 94 61 97 % 97 61 94 54 9 5 11
70 62 89 64 64 26 37 87 34 59 49 16 10 % 10 16 49 59 34 87 37 26 64 64 89 62 70
44 4 85 33 3 75 68 98 42 64 84 12 49 % 49 12 84 64 42 98 68 75 3 33 85 4 44
9 11 22 89 5 1 90 93 57 51 7 2 49 % 49 2 7 51 57 93 90 1 5 89 22 11 9
15 81 87 16 47 58 53 16 49 17 49 89 16 % 16 89 49 17 49 16 53 58 47 16 87 81 15
80 96 24 32 1 11 64 28 96 75 2 15 95 % 95 15 2 75 96 28 64 11 1 32 24 96 80
60 72 1 29 68 11 26 60 18 68 20 88 14 % 14 88 20 68 18 60 26 11 68 29 1 72 60
5 50 21 79 76 99 19 % 19 99 76 79 21 50 5
9 38 4 88 42 29 33 % 33 29 42 88 4 38 9
20 16 94 50 82 59 15 1 59 92 2 59 9 % 9 59 2 92 59 1 15 59 82 50 94 16 20
83 17 73 57 66 16 87 44 9 93 30 70 30 % 30 70 30 93 9 44 87 16 66 57 73 17 83
71 40 41 89 50 86 61 23 61 75 11 88 84 % 84 88 11 75 61 23 61 86 50 89 41 40 71
83 12 82 16 38 23 62 % 62 23 38 16 82 12 83
57 97 15 58 67 68 52 % 52 68 67 58 15 97 57
16 77 33 17 66 77 26 99 82 37 88 38 70 % 70 38 88 37 82 99 26 77 66 17 33 77 16
87 92 43 96 47 86 34 79 41 9 7 64 92 % 92 64 7 9 41 79 34 86 47 96 43 92 87
66 2 16 62 67 55 69 % 69 55 67 62 16 2 66
64 13 57 78 41 15 91 % 91 15 41 78 57 13 64
76 62 2 83 4 8 30 % 30 8 4 83 2 62 76
53 76 27 87 59 4 76 % 76 4 59 87 27 76 53
18 28 55 84 36 25 22 % 22 25 36 84 55 28 18
53 88 51 22 23 67 36 % 36 67 23 22 51 88 53
60 39 44 83 70 73 83 % 83 73 70 83 44 39 60
11 87 48 35 19 15 65 % 65 15 19 35 48 87 11
21 9 85 49 57 66 95 23 89 70 66 25 71 % 71 25 66 70 89 23 95 66 57 49 85 9 21
54 53 18 83 30 71 77 6 59 44 86 93 35 % 35 93 86 44 59 6 77 71 30 83 18 53 54
2 13 43 97 61 1 5 17 5 35 67 87 11 % 11 87 67 35 5 17 5 1 61 97 43 13 2
1 73 99 94 58 57 61 % 61 57 58 94 99 73 1
97 9 9 56 25 43 27 54 17 40 97 60 14 % 14 60 97 40 17 54 27 43 25 56 9 9 97
54 27 51 0 3 21 2 76 86 10 77 99 16 % 16 99 77 10 86 76 2 21 3 0 51 27 54
66 18 71 85 58 16 66 % 66 16 58 85 71 18 66
33 28 24 36 54 7 86 % 86 7 54 36 24 28 33
33 44 54 2 7 35 26 % 26 35 7 2 54 44 33
46 91 66 42 29 33 86 19 10 33 96 89 54 % 54 89 96 33 10 19 86 33 29 42 66 91 46
96 42 96 13 9 19 46 44 23 8 88 80 1 % 1 80 88 8 23 44 46 19 9 13 96 42 96
22 87 91 81 46 67 63 % 63 67 46 81 91 87 22
76 19 61 78 39 45 40 % 40 45 39 78 61 19 76
85 11 10 58 44 0 60 % 60 0 44 58 10 11 85
86 53 28 80 46 56 61 27 48 86 6 10 11 % 11 10 6 86 48 27 61 56 46 80 28 53 86
6 68 18 57 41 88 88 57 83 32 44 39 98 % 98 39 44 32 83 57 88 88 41 57 18 68 6
72 38 65 95 23 51 80 56 57 41 84 61 83 % 83 61 84 41 57 56 80 51 23 95 65 38 72
56 30 21 56 40 92 2 52 61 11 44 5 38 % 38 5 44 11 61 52 2 92 40 56 21 30 56
62 48 56 92 30 19 20 % 20 19 30 92 56 48 62
14 55 55 1 55 4 39 % 39 4 55 1 55 55 14
99 76 68 68 44 91 82 % 82 91 44 68 68 76 99
49 95 87 99 24 15 52 % 52 15 24 99 87 95 49
20 14 23 61 66 22 83 % 83 22 66 61 23 14 20
66 95 14 1 76 39 8 % 8 39 76 1 14 95 66
22 88 8 29 20 46 55 49 95 84 31 14 44 % 44 14 31 84 95 49 55 46 20 29 8 88 22
94 82 42 71 58 12 15 % 15 12 58 71 42 82 94
78 23 74 87 77 32 78 35 5 90 66 81 9 % 9 81 66 90 5 35 78 32 77 87 74 23 78
1 0 34 6 82 66 97 % 97 66 82 6 34 0 1
92 88 71 49 0 16 22 % 22 16 0 49 71 88 92
19 72 0 24 2 18 75 77 7 27 23 49 71 % 71 49 23 27 7 77 75 18 2 24 0 72 19
40 32 26 52 15 97 26 % 26 97 15 52 26 32 40
21 20 95 56 89 32 65 21 99 9 54 56 50 % 50 56 54 9 99 21 65 32 89 56 95 20 21
57 83 1 42 30 85 50 % 50 85 30 42 1 83 57
51 97 34 45 49 78 15 % 15 78 49 45 34 97 51
65 56 63 91 37 27 42 % 42 27 37 91 63 56 65
99 7 36 87 61 6 77 41 54 52 34 91 91 % 91 91 34 52 54 41 77 6 61 87 36 7 99
20 17 35 78 39 71 42 10 36 73 55 72 91 % 91 72 55 73 36 10 42 71 39 78 35 17 20
60 99 55 82 0 60 16 66 41 25 45 0 62 % 62 0 45 25 41 66 16 60 0 82 55 99 60
16 57 5 46 55 38 38 27 33 97 50 73 79 % 79 73 50 97 33 27 38 38 55 46 5 57 16
33 25 12 33 11 60 15 % 15 60 11 33 12 25 33
41 87 57 53 91 12 29 97 42 2 67 47 50 % 50 47 67 2 42 97 29 12 91 53 57 87 41
27 27 48 19 62 88 86 % 86 88 62 19 48 27 27
6 84 29 39 78 9 79 % 79 9 78 39 29 84 6
98 84 11 34 23 61 94 16 92 70 64 1 19 % 19 1 64 70 92 16 94 61 23 34 11 84 98
89 18 1 11 60 32 37 % 37 32 60 11 1 18 89
72 56 36 6 87 18 94 % 94 18 87 6 36 56 72
67 13 79 56 80 46 97 45 61 59 58 19 88 % 88 19 58 59 61 45 97 46 80 56 79 13 67
0 71 42 19 85 89 38 % 38 89 85 19 42 71 0
42 88 7 67 57 70 39 97 40 56 13 33 12 % 12 33 13 56 40 97 39 70 57 67 7 88 42
76 4 74 50 32 85 17 63 66 15 14 62 13 % 13 62 14 15 66 63 17 85 32 50 74 4 76
83 83 39 24 41 21 43 % 43 21 41 24 39 83 83
69 59 61 43 0 6 91 % 91 6 0 43 61 59 69
59 2 19 67 73 56 40 % 40 56 73 67 19 2 59
20 66 51 29 16 40 54 55 87 34 65 63 56 % 56 63 65 34 87 55 54 40 16 29 51 66 20
78 60 54 57 79 14 74 % 74 14 79 57 54 60 78
65 37 36 54 2 69 40 4 57 34 58 20 89 % 89 20 58 34 57 4 40 69 2 54 36 37 65
22 33 58 92 51 67 91 7 10 48 15 56 70 % 70 56 15 48 10 7 91 67 51 92 58 33 22
71 93 55 64 36 6 96 58 89 47 13 88 1 % 1 88 13 47 89 58 96 6 36 64 55 93 71
26 14 65 13 96 51 46 % 46 51 96 13 65 14 26
47 66 55 89 39 91 49 % 49 91 39 89 55 66 47
7 41 73 64 23 86 24 64 3 92 17 40 16 % 16 40 17 92 3 64 24 86 23 64 73 41 7
17 70 60 63 5 11 71 % 71 11 5 63 60 70 17
57 18 79 65 5 4 76 % 76 4 5 65 79 18 57
22 74 39 29 63 95 89 % 89 95 63 29 39 74 22
41 91 48 81 31 81 47 % 47 81 31 81 48 91 41
56 67 5 98 21 90 6 30 87 27 65 42 91 % 91 42 65 27 87 30 6 90 21 98 5 67 56
71 14 2 37 96 79 16 % 16 79 96 37 2 14 71
44 72 67 26 55 82 70 39 90 83 23 26 56 % 56 26 23 83 90 39 70 82 55 26 67 72 44
10 89 5 31 32 30 89 23 93 51 6 60 24 % 24 60 6 51 93 23 89 30 32 31 5 89 10
5 28 18 24 67 67 74 % 74 67 67 24 18 28 5
50 65 84 76 14 68 44 38 13 69 73 62 82 % 82 62 73 69 13 38 44 68 14 76 84 65 50
28 18 73 21 94 33 92 % 92 33 94 21 73 18 28
28 24 26 88 66 58 77 % 77 58 66 88 26 24 28
37 37 50 54 17 83 77 62 4 70 23 94 48 % 48 94 23 70 4 62 77 83 17 54 50 37 37
84 39 4 13 14 65 39 12 48 21 38 37 12 % 12 37 38 21 48 12 39 65 14 13 4 39 84
17 45 57 29 70 28 13 % 13 28 70 29 57 45 17
51 26 70 5 84 27 71 % 71 27 84 5 70 26 51
22 77 20 25 31 62 64 32 43 41 93 86 60 % 60 86 93 41 43 32 64 62 31 25 20 77 22
45 82 70 37 73 74 32 99 70 65 39 69 98 % 98 69 39 65 70 99 32 74 73 37 70 82 45
86 44 49 10 68 65 6 2 15 46 3 64 90 % 90 64 3 46 15 2 6 65 68 10 49 44 86
27 20 11 72 79 38 53 81 46 58 39 68 38 % 38 68 39 58 46 81 53 38 79 72 11 20 27
89 63 18 30 5 33 15 % 15 33 5 30 18 63 89
35 25 56 17 37 67 59 % 59 67 37 17 56 25 35
18 76 98 1 41 55 89 6 42 25 10 57 42 % 42 57 10 25 42 6 89 55 41 1 98 76 18
24 73 24 57 22 37 74 49 93 29 14 53 20 % 20 53 14 29 93 49 74 37 22 57 24 73 24
76 12 67 26 39 38 6 % 6 38 39 26 67 12 76
64 1 56 3 84 52 58 2 67 52 81 82 95 % 95 82 81 52 67 2 58 52 84 3 56 1 64
86 31 54 57 4 1 17 % 17 1 4 57 54 31 86
94 92 36 25 58 14 84 35 86 77 11 64 76 % 76 64 11 77 86 35 84 14 58 25 36 92 94
7 65 79 69 25 13 7 92 0 64 49 54 88 % 88 54 49 64 0 92 7 13 25 69 79 65 7
31 24 42 39 14 64 33 % 33 64 14 39 42 24 31
24 42 59 41 39 78 72 % 72 78 39 41 59 42 24
0 60 12 40 61 45 20 % 20 45 61 40 12 60 0
42 96 85 93 47 20 34 85 4 36 75 78 73 % 73 78 75 36 4 85 34 20 47 93 85 96 42
4 24 83 44 66 89 79 1 48 94 83 91 57 % 57 91 83 94 48 1 79 89 66 44 83 24 4
19 13 46 27 28 46 28 87 75 19 2 19 26 % 26 19 2 19 75 87 28 46 28 27 46 13 19
26 70 68 21 8 13 37 94 17 85 91 56 79 % 79 56 91 85 17 94 37 13 8 21 68 70 26
35 49 86 75 41 1 15 99 15 88 33 82 42 % 42 82 33 88 15 99 15 1 41 75 86 49 35
59 12 1 28 42 65 98 13 12 59 90 10 49 % 49 10 90 59 12 13 98 65 42 28 1 12 59
19 36 22 4 70 65 88 90 67 12 24 97 66 % 66 97 24 12 67 90 88 65 70 4 22 36 19
4 89 51 52 79 38 5 48 48 95 54 5 85 % 85 5 54 95 48 48 5 38 79 52 51 89 4
38 70 93 56 69 55 0 % 0 55 69 56 93 70 38
59 51 60 46 79 45 79 % 79 45 79 46 60 51 59
3 77 79 50 17 88 7 39 68 3 59 95 73 % 73 95 59 3 68 39 7 88 17 50 79 77 3
86 66 21 10 88 68 35 % 35 68 88 10 21 66 86
25 95 29 46 62 20 62 % 62 20 62 46 29 95 25
37 54 38 25 93 71 6 6 28 57 87 5 43 % 43 5 87 57 28 6 6 71 93 25 38 54 37
36 10 28 50 79 29 24 34 89 76 37 46 69 % 69 46 37 76 89 34 24 29 79 50 28 10 36
13 29 38 52 15 85 19 94 10 22 95 40 45 % 45 40 95 22 10 94 19 85 15 52 38 29 13
23 33 95 6 17 65 11 14 36 14 25 29 27 % 27 29 25 14 36 14 11 65 17 6 95 33 23
41 54 39 83 58 50 72 78 49 31 65 98 38 % 38 98 65 31 49 78 72 50 58 83 39 54 41
84 37 41 66 54 58 68 91 86 37 21 2 3 % 3 2 21 37 86 91 68 58 54 66 41 37 84
61 93 49 17 42 4 74 92 74 72 66 38 3 % 3 38 66 72 74 92 74 4 42 17 49 93 61
7 23 45 95 36 41 16 % 16 41 36 95 45 23 7
63 69 47 82 28 0 21 16 34 99 20 90 21 % 21 90 20 99 34 16 21 0 28 82 47 69 63
10 0 40 36 65 44 80 24 99 65 64 33 26 % 26 33 64 65 99 24 80 44 65 36 40 0 10
6 92 80 66 34 54 90 17 59 63 80 10 72 % 72 10 80 63 59 17 90 54 34 66 80 92 6
58 99 14 61 7 77 73 % 73 77 7 61 14 99 58
3 8 38 10 25 77 61 % 61 77 25 10 38 8 3
9 74 80 87 87 1 58 81 59 55 95 38 51 % 51 38 95 55 59 81 58 1 87 87 80 74 9
76 98 50 10 34 48 99 % 99 48 34 10 50 98 76
64 53 7 70 41 62 88 9 43 55 78 62 86 % 86 62 78 55 43 9 88 62 41 70 7 53 64
6 1 82 38 33 37 35 88 30 31 56 57 97 % 97 57 56 31 30 88 35 37 33 38 82 1 6
54 3 71 49 81 43 58 % 58 43 81 49 71 3 54
40 97 24 21 95 87 4 77 25 96 15 37 30 % 30 37 15 96 25 77 4 87 95 21 24 97 40
71 58 89 50 26 41 99 % 99 41 26 50 89 58 71
31 60 39 35 12 5 18 % 18 5 12 35 39 60 31
32 1 98 24 40 43 17 % 17 43 40 24 98 1 32
57 86 66 18 86 5 17 98 17 84 58 20 86 % 86 20 58 84 17 98 17 5 86 18 66 86 57
19 80 66 15 89 85 20 % 20 85 89 15 66 80 19
99 21 66 42 9 39 75 43 97 66 99 40 35 % 35 40 99 66 97 43 75 39 9 42 66 21 99
69 36 35 13 4 47 12 5 31 36 86 54 28 % 28 54 86 36 31 5 12 47 4 13 35 36 69
18 6 96 90 78 38 45 % 45 38 78 90 96 6 18
61 46 60 83 21 56 62 47 3 8 70 18 23 % 23 18 70 8 3 47 62 56 21 83 60 46 61
2 35 40 60 5 76 16 70 16 16 23 31 95 % 95 31 23 16 16 70 16 76 5 60 40 35 2
79 14 57 61 93 43 42 76 48 48 28 63 32 % 32 63 28 48 48 76 42 43 93 61 57 14 79
18 87 34 50 6 20 43 % 43 20 6 50 34 87 18
85 72 87 23 28 70 76 86 11 99 0 90 15 % 15 90 0 99 11 86 76 70 28 23 87 72 85
58 8 70 72 19 50 66 54 37 35 34 53 48 % 48 53 34 35 37 54 66 50 19 72 70 8 58
61 36 78 90 73 6 28 37 99 19 1 0 41 % 41 0 1 19 99 37 28 6 73 90 78 36 61
82 49 86 83 64 60 73 45 64 36 63 96 1 % 1 96 63 36 64 45 73 60 64 83 86 49 82
75 4 41 19 79 57 97 % 97 57 79 19 41 4 75
18 26 30 70 87 80 79 % 79 80 87 70 30 26 18
90 7 45 84 37 34 92 % 92 34 37 84 45 7 90
67 51 83 83 94 0 45 % 45 0 94 83 83 51 67
61 39 73 95 87 31 28 48 32 62 81 29 59 % 59 29 81 62 32 48 28 31 87 95 73 39 61
24 43 47 58 21 46 4 % 4 46 21 58 47 43 24
55 86 68 98 63 86 70 53 84 45 65 70 58 % 58 70 65 45 84 53 70 86 63 98 68 86 55
12 74 39 91 79 15 32 % 32 15 79 91 39 74 12
71 77 2 13 79 99 46 % 46 99 79 13 2 77 71
98 54 49 43 45 44 18 % 18 44 45 43 49 54 98
95 13 96 62 14 27 88 52 32 69 61 64 46 % 46 64 61 69 32 52 88 27 14 62 96 13 95
73 97 51 52 78 32 84 6 16 53 49 2 35 % 35 2 49 53 16 6 84 32 78 52 51 97 73
77 68 75 35 71 18 31 45 63 22 98 82 77 % 77 82 98 22 63 45 31 18 71 35 75 68 77
41 71 12 26 92 0 77 75 74 60 15 21 1 % 1 21 15 60 74 75 77 0 92 26 12 71 41
6 1 81 50 89 95 90 % 90 95 89 50 81 1 6
34 50 7 49 2 93 68 % 68 93 2 49 7 50 34
6 84 35 79 55 25 32 % 32 25 55 79 35 84 6
54 60 99 14 24 70 97 % 97 70 24 14 99 60 54
27 60 9 52 82 45 17 31 78 70 95 67 59 % 59 67 95 70 78 31 17 45 82 52 9 60 27
10 30 61 60 3 32 3 91 9 38 35 37 52 % 52 37 35 38 9 91 3 32 3 60 61 30 10
77 92 53 23 74 9 63 % 63 9 74 23 53 92 77
55 53 53 95 15 11 61 % 61 11 15 95 53 53 55
30 72 94 16 64 27 32 % 32 27 64 16 94 72 30
46 23 56 36 78 50 85 61 16 24 86 4 33 % 33 4 86 24 16 61 85 50 78 36 56 23 46
18 55 81 62 10 48 29 % 29 48 10 62 81 55 18
63 90 62 96 53 11 97 % 97 11 53 96 62 90 63
33 88 71 53 3 61 73 % 73 61 3 53 71 88 33
84 70 6 9 11 68 14 88 55 54 99 75 30 % 30 75 99 54 55 88 14 68 11 9 6 70 84
58 38 63 36 83 89 61 % 61 89 83 36 63 38 58
58 23 58 86 65 66 9 % 9 66 65 86 58 23 58
99 14 91 38 69 87 78 31 58 67 91 31 17 % 17 31 91 67 58 31 78 87 69 38 91 14 99
25 89 87 81 22 59 50 % 50 59 22 81 87 89 25
40 51 1 96 86 44 16 % 16 44 86 96 1 51 40
19 8 39 58 80 85 61 % 61 85 80 58 39 8 19
31 63 73 10 52 7 39 % 39 7 52 10 73 63 31
17 84 66 53 80 52 47 52 38 68 4 20 96 % 96 20 4 68 38 52 47 52 80 53 66 84 17
15 37 82 22 98 54 3 % 3 54 98 22 82 37 15
95 41 34 23 25 79 29 % 29 79 25 23 34 41 95
34 40 35 75 79 2 6 41 48 0 90 24 35 % 35 24 90 0 48 41 6 2 79 75 35 40 34
3 77 48 18 36 80 61 % 61 80 36 18 48 77 3
30 18 17 85 50 55 23 % 23 55 50 85 17 18 30
24 76 68 8 99 99 75 % 75 99 99 8 68 76 24
39 49 35 1 37 63 49 % 49 63 37 1 35 49 39
32 76 11 88 43 18 3 % 3 18 43 88 11 76 32
3 51 27 81 20 15 14 71 35 81 65 26 77 % 77 26 65 81 35 71 14 15 20 81 27 51 3
60 28 36 55 82 50 44 % 44 50 82 55 36 28 60
43 60 16 2 26 77 81 % 81 77 26 2 16 60 43
92 88 92 85 58 97 29 45 68 45 43 1 95 % 95 1 43 45 68 45 29 97 58 85 92 88 92
13 57 94 57 88 74 31 % 31 74 88 57 94 57 13
68 87 16 59 52 69 18 32 69 60 48 14 46 % 46 14 48 60 69 32 18 69 52 59 16 87 68
83 36 47 17 53 40 77 % 77 40 53 17 47 36 83
25 13 16 65 60 65 81 85 49 29 35 99 67 % 67 99 35 29 49 85 81 65 60 65 16 13 25
35 27 53 72 3 15 90 89 25 15 67 99 10 % 10 99 67 15 25 89 90 15 3 72 53 27 35
83 61 65 76 70 62 67 14 60 43 23 92 67 % 67 92 23 43 60 14 67 62 70 76 65 61 83
8 51 5 78 56 93 76 % 76 93 56 78 5 51 8
10 32 60 6 37 98 69 96 83 91 46 78 88 % 88 78 46 91 83 96 69 98 37 6 60 32 10
20 87 98 81 34 12 1 % 1 12 34 81 98 87 20
89 36 37 84 17 46 60 % 60 46 17 84 37 36 89
46 2 40 12 97 99 4 % 4 99 97 12 40 2 46
98 31 69 4 76 85 20 % 20 85 76 4 69 31 98
40 65 22 39 11 41 13 % 13 41 11 39 22 65 40
37 28 8 32 70 91 28 % 28 91 70 32 8 28 37
54 22 73 69 81 0 65 % 65 0 81 69 73 22 54
20 44 45 96 37 46 78 % 78 46 37 96 45 44 20
77 86 5 53 58 23 88 % 88 23 58 53 5 86 77
55 2 80 55 83 9 29 % 29 9 83 55 80 2 55
78 7 93 4 72 58 74 18 65 15 19 4 64 % 64 4 19 15 65 18 74 58 72 4 93 7 78
95 42 6 22 97 72 20 % 20 72 97 22 6 42 95
54 68 8 54 71 19 80 % 80 19 71 54 8 68 54
39 30 39 92 73 45 39 57 78 36 55 44 5 % 5 44 55 36 78 57 39 45 73 92 39 30 39
91 15 19 69 10 44 36 80 16 51 10 44 72 % 72 44 10 51 16 80 36 44 10 69 19 15 91
92 85 5 89 40 24 21 36 47 56 74 10 36 % 36 10 74 56 47 36 21 24 40 89 5 85 92
8 70 44 44 72 25 16 65 3 88 91 31 37 % 37 31 91 88 3 65 16 25 72 44 44 70 8
16 66 70 51 29 58 90 35 54 84 78 91 95 % 95 91 78 84 54 35 90 58 29 51 70 66 16
14 6 62 29 3 37 11 16 7 11 20 61 74 % 74 61 20 11 7 16 11 37 3 29 62 6 14
92 78 46 35 94 11 97 % 97 11 94 35 46 78 92
80 20 11 16 38 38 33 % 33 38 38 16 11 20 80
7 31 26 67 54 1 60 44 69 67 87 30 41 % 41 30 87 67 69 44 60 1 54 67 26 31 7
70 15 85 60 45 54 60 % 60 54 45 60 85 15 70
30 21 57 58 83 64 41 % 41 64 83 58 57 21 30
2 84 54 66 30 59 26 88 51 11 42 30 14 % 14 30 42 11 51 88 26 59 30 66 54 84 2
21 75 76 10 40 53 58 % 58 53 40 10 76 75 21
62 31 67 75 77 25 65 23 52 41 53 68 67 % 67 68 53 41 52 23 65 25 77 75 67 31 62
16 80 50 45 2 68 30 % 30 68 2 45 50 80 16
73 49 0 18 29 98 24 % 24 98 29 18 0 49 73
54 47 28 30 52 98 9 % 9 98 52 30 28 47 54
18 21 10 12 10 4 50 % 50 4 10 12 10 21 18
49 63 62 15 82 55 90 33 88 64 1 42 59 % 59 42 1 64 88 33 90 55 82 15 62 63 49
37 5 3 15 76 28 41 21 55 48 71 22 28 % 28 22 71 48 55 21 41 28 76 15 3 5 37
33 99 24 55 75 62 82 % 82 62 75 55 24 99 33
42 78 71 49 46 65 40 % 40 65 46 49 71 78 42
9 80 38 39 1 39 52 % 52 39 1 39 38 80 9
12 37 57 33 24 83 41 % 41 83 24 33 57 37 12
20 72 45 54 20 15 6 % 6 15 20 54 45 72 20
81 54 97 81 76 33 27 % 27 33 76 81 97 54 81
40 28 82 43 83 92 0 % 0 92 83 43 82 28 40
78 94 75 70 33 75 67 % 67 75 33 70 75 94 78
60 97 94 27 62 59 48 % 48 59 62 27 94 97 60
90 67 91 76 51 54 47 % 47 54 51 76 91 67 90
9 28 3 10 26 90 50 61 34 3 7 82 50 % 50 82 7 3 34 61 50 90 26 10 3 28 9
43 77 59 22 13 17 53 76 79 31 15 63 9 % 9 63 15 31 79 76 53 17 13 22 59 77 43
70 83 38 61 48 59 22 % 22 59 48 61 38 83 70
30 84 34 22 88 5 73 50 37 41 64 78 59 % 59 78 64 41 37 50 73 5 88 22 34 84 30
61 69 35 86 16 2 97 % 97 2 16 86 35 69 61
34 60 54 56 52 29 10 % 10 29 52 56 54 60 34
80 92 95 68 29 90 87 15 7 1 68 60 9 % 9 60 68 1 7 15 87 90 29 68 95 92 80
8 25 52 72 77 36 87 % 87 36 77 72 52 25 8
7 56 24 65 45 91 52 34 56 76 80 87 18 % 18 87 80 76 56 34 52 91 45 65 24 56 7
11 20 18 47 43 10 76 99 58 57 26 26 64 % 64 26 26 57 58 99 76 10 43 47 18 20 11
4 79 79 3 78 49 63 13 89 86 0 9 95 % 95 9 0 86 89 13 63 49 78 3 79 79 4
75 41 61 46 45 33 23 32 77 12 39 61 80 % 80 61 39 12 77 32 23 33 45 46 61 41 75
58 23 18 27 97 40 38 85 56 13 3 20 78 % 78 20 3 13 56 85 38 40 97 27 18 23 58
39 83 44 78 34 2 16 25 57 57 54 83 33 % 33 83 54 57 57 25 16 2 34 78 44 83 39
17 59 66 80 56 91 92 86 79 11 2 82 2 % 2 82 2 11 79 86 92 91 56 80 66 59 17
1 59 47 50 37 16 16 % 16 16 37 50 47 59 1
55 64 5 55 3 39 56 93 47 17 49 37 22 % 22 37 49 17 47 93 56 39 3 55 5 64 55
34 77 39 4 95 49 24 % 24 49 95 4 39 77 34
95 9 49 50 50 31 23 % 23 31 50 50 49 9 95
40 83 50 21 97 53 78 71 51 76 11 72 58 % 58 72 11 76 51 71 78 53 97 21 50 83 40
71 40 73 25 88 10 81 13 46 1 65 52 72 % 72 52 65 1 46 13 81 10 88 25 73 40 71
23 55 49 71 77 5 95 9 97 76 93 25 32 % 32 25 93 76 97 9 95 5 77 71 49 55 23
76 78 40 20 94 18 48 8 94 31 92 48 32 % 32 48 92 31 94 8 48 18 94 20 40 78 76
6 55 49 6 21 7 89 % 89 7 21 6 49 55 6
7 19 64 50 62 41 15 % 15 41 62 50 64 19 7
52 23 48 35 31 89 92 51 28 85 97 1 41 % 41 1 97 85 28 51 92 89 31 35 48 23 52
92 74 35 31 35 39 58 50 18 69 48 68 54 % 54 68 48 69 18 50 58 39 35 31 35 74 92
25 35 23 60 22 2 13 57 71 2 97 17 44 % 44 17 97 2 71 57 13 2 22 60 23 35 25
0 57 37 72 7 29 2 34 75 53 21 50 35 % 35 50 21 53 75 34 2 29 7 72 37 57 0
5 26 31 96 40 13 71 65 10 55 78 69 83 % 83 69 78 55 10 65 71 13 40 96 31 26 5
40 58 73 22 65 89 36 70 94 79 10 79 2 % 2 79 10 79 94 70 36 89 65 22 73 58 40
44 61 66 43 85 63 76 98 57 1 79 23 31 % 31 23 79 1 57 98 76 63 85 43 66 61 44
86 44 34 81 46 78 43 91 34 2 96 26 38 % 38 26 96 2 34 91 43 78 46 81 34 44 86
75 28 27 65 55 62 68 48 47 94 71 45 75 % 75 45 71 94 47 48 68 62 55 65 27 28 75
5 14 8 95 95 71 35 % 35 71 95 95 8 14 5
55 87 30 94 41 41 73 % 73 41 41 94 30 87 55
41 83 76 19 18 20 37 80 17 36 56 95 12 % 12 95 56 36 17 80 37 20 18 19 76 83 41
71 81 17 18 78 50 38 15 72 39 55 66 60 % 60 66 55 39 72 15 38 50 78 18 17 81 71
88 62 46 61 99 19 92 % 92 19 99 61 46 62 88
81 83 17 79 5 48 53 % 53 48 5 79 17 83 81
26 99 29 48 95 89 65 % 65 89 95 48 29 99 26
94 35 22 14 71 26 36 96 15 80 39 13 77 % 77 13 39 80 15 96 36 26 71 14 22 35 94
72 77 88 5 32 59 39 % 39 59 32 5 88 77 72
77 2 57 34 67 12 52 % 52 12 67 34 57 2 77
97 53 48 18 57 75 93 27 75 88 38 96 39 % 39 96 38 88 75 27 93 75 57 18 48 53 97
47 58 96 23 43 70 46 46 35 73 89 3 90 % 90 3 89 73 35 46 46 70 43 23 96 58 47
55 49 27 68 19 23 4 % 4 23 19 68 27 49 55
22 24 20 80 26 78 1 83 71 85 69 20 23 % 23 20 69 85 71 83 1 78 26 80 20 24 22
54 17 37 76 62 91 48 24 25 29 99 33 3 % 3 33 99 29 25 24 48 91 62 76 37 17 54
7 38 68 54 68 90 78 % 78 90 68 54 68 38 7
91 29 65 18 58 25 23 % 23 25 58 18 65 29 91
54 69 14 0 86 65 27 % 27 65 86 0 14 69 54
20 90 44 29 46 10 55 % 55 10 46 29 44 90 20
80 8 38 20 65 2 30 66 94 21 9 59 68 % 68 59 9 21 94 66 30 2 65 20 38 8 80
16 76 30 81 56 25 31 % 31 25 56 81 30 76 16
74 46 97 86 32 97 84 22 66 60 67 4 55 % 55 4 67 60 66 22 84 97 32 86 97 46 74
89 22 33 63 33 56 98 % 98 56 33 63 33 22 89
26 6 34 44 65 79 67 % 67 79 65 44 34 6 26
16 81 57 50 95 2 20 % 20 2 95 50 57 81 16
23 21 7 67 23 13 66 87 61 54 58 48 5 % 5 48 58 54 61 87 66 13 23 67 7 21 23
22 4 4 46 44 57 72 44 9 51 98 9 25 % 25 9 98 51 9 44 72 57 44 46 4 4 22
41 95 16 81 98 17 6 35 45 86 4 31 70 % 70 31 4 86 45 35 6 17 98 81 16 95 41
59 68 28 70 58 77 84 50 47 70 38 30 63 % 63 30 38 70 47 50 84 77 58 70 28 68 59
53 44 29 48 45 99 33 % 33 99 45 48 29 44 53
7 42 26 7 12 36 1 11 22 80 82 51 1 % 1 51 82 80 22 11 1 36 12 7 26 42 7
41 41 34 91 53 76 63 90 57 29 72 33 63 % 63 33 72 29 57 90 63 76 53 91 34 41 41
44 17 59 78 79 62 88 % 88 62 79 78 59 17 44
14 82 96 62 8 30 60 86 56 33 54 21 99 % 99 21 54 33 56 86 60 30 8 62 96 82 14
97 92 20 61 14 91 65 % 65 91 14 61 20 92 97
64 52 57 77 43 71 63 33 28 61 31 90 58 % 58 90 31 61 28 33 63 71 43 77 57 52 64
98 31 61 99 83 98 76 35 81 86 48 80 1 % 1 80 48 86 81 35 76 98 83 99 61 31 98
16 45 77 79 8 56 42 % 42 56 8 79 77 45 16
87 15 65 16 93 81 10 % 10 81 93 16 65 15 87
92 71 74 95 39 1 86 % 86 1 39 95 74 71 92
37 84 40 24 93 91 2 % 2 91 93 24 40 84 37
10 65 37 26 56 80 69 71 67 18 84 46 81 % 81 46 84 18 67 71 69 80 56 26 37 65 10
25 91 46 15 61 8 39 % 39 8 61 15 46 91 25
2 18 77 69 65 74 47 89 34 85 15 21 67 % 67 21 15 85 34 89 47 74 65 69 77 18 2
97 13 95 30 29 85 49 % 49 85 29 30 95 13 97
24 6 78 51 3 18 99 % 99 18 3 51 78 6 24
75 14 46 67 63 0 63 59 67 6 61 78 83 % 83 78 61 6 67 59 63 0 63 67 46 14 75
13 19 13 22 84 57 8 23 61 49 87 47 0 % 0 47 87 49 61 23 8 57 84 22 13 19 13
72 2 20 9 23 76 65 59 7 26 54 18 72 % 72 18 54 26 7 59 65 76 23 9 20 2 72
13 4 93 40 98 62 57 % 57 62 98 40 93 4 13
83 48 85 33 88 9 79 62 91 55 44 98 71 % 71 98 44 55 91 62 79 9 88 33 85 48 83
16 97 13 1 25 52 94 27 13 32 77 58 77 % 77 58 77 32 13 27 94 52 25 1 13 97 16
40 2 58 85 34 54 96 % 96 54 34 85 58 2 40
37 65 63 70 77 12 94 % 94 12 77 70 63 65 37
46 98 85 29 3 15 11 59 40 61 23 63 22 % 22 63 23 61 40 59 11 15 3 29 85 98 46
25 56 85 22 82 29 93 62 37 33 6 19 38 % 38 19 6 33 37 62 93 29 82 22 85 56 25
76 64 69 85 33 85 46 97 9 14 11 8 54 % 54 8 11 14 9 97 46 85 33 85 69 64 76
87 92 70 16 19 74 21 % 21 74 19 16 70 92 87
18 71 10 43 83 23 74 92 3 22 90 31 4 % 4 31 90 22 3 92 74 23 83 43 10 71 18
77 96 79 97 37 27 57 33 33 8 79 57 0 % 0 57 79 8 33 33 57 27 37 97 79 96 77
50 11 49 41 16 87 22 54 31 4 83 35 36 % 36 35 83 4 31 54 22 87 16 41 49 11 50
36 80 19 5 47 29 31 % 31 29 47 5 19 80 36
36 85 74 28 60 87 48 14 7 1 21 50 94 % 94 50 21 1 7 14 48 87 60 28 74 85 36
74 63 1 61 80 66 13 % 13 66 80 61 1 63 74
88 38 24 39 44 92 42 % 42 92 44 39 24 38 88
59 4 76 97 84 78 36 98 94 66 21 72 21 % 21 72 21 66 94 98 36 78 84 97 76 4 59
35 73 66 22 47 53 90 % 90 53 47 22 66 73 35
45 46 18 3 28 56 89 % 89 56 28 3 18 46 45
42 6 45 76 90 30 38 % 38 30 90 76 45 6 42
11 53 84 31 33 19 46 82 19 71 47 73 61 % 61 73 47 71 19 82 46 19 33 31 84 53 11
40 3 82 79 77 59 84 % 84 59 77 79 82 3 40
52 3 31 46 68 49 65 13 3 28 72 55 73 % 73 55 72 28 3 13 65 49 68 46 31 3 52
31 20 6 86 74 28 54 10 49 13 53 36 61 % 61 36 53 13 49 10 54 28 74 86 6 20 31
89 32 49 66 78 89 4 54 52 70 90 66 5 % 5 66 90 70 52 54 4 89 78 66 49 32 89
94 25 20 75 25 95 76 % 76 95 25 75 20 25 94
60 34 3 70 11 1 61 % 61 1 11 70 3 34 60
37 69 2 62 16 17 13 59 74 49 68 4 59 % 59 4 68 49 74 59 13 17 16 62 2 69 37
76 81 33 76 67 39 22 96 55 21 15 80 78 % 78 80 15 21 55 96 22 39 67 76 33 81 76
6 20 76 58 48 61 25 % 25 61 48 58 76 20 6
34 49 84 7 50 1 79 60 96 28 72 30 8 % 8 30 72 28 96 60 79 1 50 7 84 49 34
41 28 7 89 94 53 66 82 93 30 21 82 0 % 0 82 21 30 93 82 66 53 94 89 7 28 41
7 44 74 41 30 24 46 % 46 24 30 41 74 44 7
28 1 40 29 60 5 82 0 73 40 87 58 31 % 31 58 87 40 73 0 82 5 60 29 40 1 28
84 99 32 14 45 79 66 % 66 79 45 14 32 99 84
83 20 11 3 70 53 0 88 69 68 97 0 46 % 46 0 97 68 69 88 0 53 70 3 11 20 83
50 28 95 65 25 55 93 93 41 34 52 30 43 % 43 30 52 34 41 93 93 55 25 65 95 28 50
1 68 1 87 77 74 89 % 89 74 77 87 1 68 1
30 38 42 21 42 54 50 48 91 48 55 92 69 % 69 92 55 48 91 48 50 54 42 21 42 38 30
51 54 70 83 90 42 11 0 54 86 57 0 36 % 36 0 57 86 54 0 11 42 90 83 70 54 51
57 78 59 10 76 62 20 22 22 16 49 61 4 % 4 61 49 16 22 22 20 62 76 10 59 78 57
64 67 27 6 19 63 94 % 94 63 19 6 27 67 64
50 71 93 94 6 39 66 % 66 39 6 94 93 71 50
95 32 37 31 89 64 14 99 91 22 25 23 33 % 33 23 25 22 91 99 14 64 89 31 37 32 95
75 87 12 31 63 18 57 66 51 97 96 31 19 % 19 31 96 97 51 66 57 18 63 31 12 87 75
56 31 28 70 85 11 45 24 39 90 41 26 14 % 14 26 41 90 39 24 45 11 85 70 28 31 56
26 76 53 98 46 97 83 % 83 97 46 98 53 76 26
2 95 10 20 55 76 35 72 63 85 26 23 7 % 7 23 26 85 63 72 35 76 55 20 10 95 2
12 18 62 75 18 41 27 % 27 41 18 75 62 18 12
99 40 75 13 36 88 41 % 41 88 36 13 75 40 99
69 6 67 22 99 89 50 % 50 89 99 22 67 6 69
23 51 38 83 36 41 51 % 51 41 36 83 38 51 23
41 62 70 2 28 68 83 % 83 68 28 2 70 62 41
32 7 55 83 79 7 87 26 41 52 71 92 71 % 71 92 71 52 41 26 87 7 79 83 55 7 32
65 63 85 33 28 47 75 72 21 9 4 5 54 % 54 5 4 9 21 72 75 47 28 33 85 63 65
99 19 67 34 98 84 66 48 7 68 56 69 12 % 12 69 56 68 7 48 66 84 98 34 67 19 99
70 24 55 77 70 83 56 28 79 64 48 3 67 % 67 3 48 64 79 28 56 83 70 77 55 24 70
89 18 28 36 10 80 11 69 88 20 25 11 0 % 0 11 25 20 88 69 11 80 10 36 28 18 89
77 28 86 56 40 77 42 33 69 56 79 31 11 % 11 31 79 56 69 33 42 77 40 56 86 28 77
46 17 8 62 73 34 92 % 92 34 73 62 8 17 46
16 4 31 6 42 59 40 % 40 59 42 6 31 4 16
65 60 27 47 23 69 22 % 22 69 23 47 27 60 65
87 90 26 23 76 47 67 % 67 47 76 23 26 90 87
3 68 82 34 63 50 30 39 27 45 36 54 65 % 65 54 36 45 27 39 30 50 63 34 82 68 3
35 8 82 70 62 16 62 46 48 96 4 41 37 % 37 41 4 96 48 46 62 16 62 70 82 8 35
83 1 2 2 70 63 39 30 83 59 62 43 50 % 50 43 62 59 83 30 39 63 70 2 2 1 83
40 70 57 98 44 11 70 % 70 11 44 98 57 70 40
97 45 0 13 15 6 64 % 64 6 15 13 0 45 97
30 77 20 5 31 75 90 38 6 71 55 59 22 % 22 59 55 71 6 38 90 75 31 5 20 77 30
26 85 60 92 27 81 78 % 78 81 27 92 60 85 26
99 95 13 44 59 42 71 % 71 42 59 44 13 95 99
68 14 20 28 96 12 73 3 30 56 87 41 14 % 14 41 87 56 30 3 73 12 96 28 20 14 68
51 69 83 12 85 68 42 9 62 33 75 67 23 % 23 67 75 33 62 9 42 68 85 12 83 69 51
43 71 14 23 6 89 98 % 98 89 6 23 14 71 43
63 99 86 7 10 23 76 9 46 12 47 38 46 % 46 38 47 12 46 9 76 23 10 7 86 99 63
85 5 7 93 93 57 26 % 26 57 93 93 7 5 85
10 23 13 38 8 7 68 24 88 78 31 7 64 % 64 7 31 78 88 24 68 7 8 38 13 23 10
88 63 51 34 1 40 4 8 69 71 57 26 64 % 64 26 57 71 69 8 4 40 1 34 51 63 88
74 53 48 45 36 27 31 % 31 27 36 45 48 53 74
32 10 59 58 34 59 94 % 94 59 34 58 59 10 32
56 98 27 84 2 99 18 % 18 99 2 84 27 98 56
7 12 89 97 52 76 54 0 55 55 53 57 69 % 69 57 53 55 55 0 54 76 52 97 89 12 7
97 91 1 18 14 68 55 % 55 68 14 18 1 91 97
62 79 90 80 49 4 3 64 93 38 0 72 19 % 19 72 0 38 93 64 3 4 49 80 90 79 62
74 14 13 15 95 76 1 38 94 32 23 12 44 % 44 12 23 32 94 38 1 76 95 15 13 14 74
13 51 91 43 50 44 4 95 20 14 93 17 8 % 8 17 93 14 20 95 4 44 50 43 91 51 13
53 75 19 15 62 35 85 % 85 35 62 15 19 75 53
7 48 60 38 96 46 17 29 9 2 52 98 30 % 30 98 52 2 9 29 17 46 96 38 60 48 7
25 55 60 1 67 58 31 % 31 58 67 1 60 55 25
30 45 75 86 5 43 93 % 93 43 5 86 75 45 30
22 95 7 99 39 22 62 % 62 22 39 99 7 95 22
39 4 56 51 77 16 68 56 0 70 72 21 40 % 40 21 72 70 0 56 68 16 77 51 56 4 39
0 51 75 36 43 63 95 16 20 70 50 12 44 % 44 12 50 70 20 16 95 63 43 36 75 51 0
30 36 83 9 29 8 40 % 40 8 29 9 83 36 30
84 85 93 81 89 75 93 80 92 53 5 82 33 % 33 82 5 53 92 80 93 75 89 81 93 85 84
95 99 80 52 49 48 81 11 46 49 35 9 24 % 24 9 35 49 46 11 81 48 49 52 80 99 95
92 11 76 95 61 29 1 72 37 50 51 28 51 % 51 28 51 50 37 72 1 29 61 95 76 11 92
78 14 33 62 9 27 13 84 83 91 45 72 63 % 63 72 45 91 83 84 13 27 9 62 33 14 78
26 16 57 10 72 7 38 % 38 7 72 10 57 16 26
29 16 89 30 73 9 28 68 67 71 72 57 43 % 43 57 72 71 67 68 28 9 73 30 89 16 29
0 14 55 45 2 9 78 45 19 4 50 25 27 % 27 25 50 4 19 45 78 9 2 45 55 14 0
69 73 15 39 33 77 53 51 19 72 97 37 79 % 79 37 97 72 19 51 53 77 33 39 15 73 69
98 13 21 0 68 13 44 % 44 13 68 0 21 13 98
3 74 57 79 45 99 63 % 63 99 45 79 57 74 3
43 27 69 81 46 94 62 % 62 94 46 81 69 27 43
26 94 45 91 63 56 24 % 24 56 63 91 45 94 26
19 70 54 88 5 57 51 % 51 57 5 88 54 70 19
28 95 5 48 36 31 44 55 91 42 7 74 86 % 86 74 7 42 91 55 44 31 36 48 5 95 28
32 53 44 3 79 7 21 52 43 5 28 21 89 % 89 21 28 5 43 52 21 7 79 3 44 53 32
59 75 3 44 93 75 25 99 53 73 72 57 6 % 6 57 72 73 53 99 25 75 93 44 3 75 59
0 73 31 69 32 81 38 88 99 90 56 15 28 % 28 15 56 90 99 88 38 81 32 69 31 73 0
40 81 38 54 44 96 14 % 14 96 44 54 38 81 40
28 99 71 94 71 39 35 % 35 39 71 94 71 99 28
89 67 38 34 30 31 78 54 49 58 98 6 76 % 76 6 98 58 49 54 78 31 30 34 38 67 89
24 30 0 67 90 46 52 % 52 46 90 67 0 30 24
90 44 40 65 60 54 58 % 58 54 60 65 40 44 90
36 65 99 91 35 88 78 % 78 88 35 91 99 65 36
72 53 48 74 50 98 96 88 3 61 39 77 83 % 83 77 39 61 3 88 96 98 50 74 48 53 72
10 38 43 17 40 17 39 0 91 18 24 40 33 % 33 40 24 18 91 0 39 17 40 17 43 38 10
90 84 63 81 39 93 57 79 72 40 64 44 4 % 4 44 64 40 72 79 57 93 39 81 63 84 90
88 91 25 47 51 44 85 93 94 97 70 13 60 % 60 13 70 97 94 93 85 44 51 47 25 91 88
28 36 54 82 23 89 30 % 30 89 23 82 54 36 28
39 72 49 28 44 12 7 4 32 30 52 34 87 % 87 34 52 30 32 4 7 12 44 28 49 72 39
56 52 44 73 81 14 51 35 46 83 72 57 96 % 96 57 72 83 46 35 51 14 81 73 44 52 56
64 69 4 45 53 15 6 % 6 15 53 45 4 69 64
71 42 8 67 35 18 10 26 13 7 71 19 56 % 56 19 71 7 13 26 10 18 35 67 8 42 71
1 15 84 72 99 20 17 % 17 20 99 72 84 15 1
88 7 30 94 34 25 66 % 66 25 34 94 30 7 88
67 98 64 0 11 26 93 % 93 26 11 0 64 98 67
7 8 88 7 68 0 38 % 38 0 68 7 88 8 7
16 80 67 45 53 90 51 % 51 90 53 45 67 80 16
91 21 53 84 23 56 33 54 2 23 46 69 49 % 49 69 46 23 2 54 33 56 23 84 53 21 91
51 89 95 7 40 15 78 % 78 15 40 7 95 89 51
21 78 74 99 88 16 78 11 7 39 93 16 14 % 14 16 93 39 7 11 78 16 88 99 74 78 21
34 50 86 75 66 61 59 80 2 61 85 1 66 % 66 1 85 61 2 80 59 61 66 75 86 50 34
84 68 67 75 74 78 64 % 64 78 74 75 67 68 84
32 45 61 13 34 85 45 58 79 4 84 51 10 % 10 51 84 4 79 58 45 85 34 13 61 45 32
70 85 14 80 42 52 6 % 6 52 42 80 14 85 70
64 61 44 16 39 2 75 % 75 2 39 16 44 61 64
50 83 74 11 3 17 92 % 92 17 3 11 74 83 50
75 28 95 44 57 13 49 % 49 13 57 44 95 28 75
87 10 28 21 80 54 57 5 10 26 80 26 42 % 42 26 80 26 10 5 57 54 80 21 28 10 87
15 91 69 5 20 44 12 % 12 44 20 5 69 91 15
66 72 55 90 60 53 48 26 63 19 28 37 19 % 19 37 28 19 63 26 48 53 60 90 55 72 66
3 34 98 83 15 5 92 96 54 78 72 0 1 % 1 0 72 78 54 96 92 5 15 83 98 34 3
7 32 74 0 83 74 16 89 57 39 19 69 81 % 81 69 19 39 57 89 16 74 83 0 74 32 7
3 67 43 41 81 56 3 53 47 18 61 55 33 % 33 55 61 18 47 53 3 56 81 41 43 67 3
25 94 27 31 96 41 47 % 47 41 96 31 27 94 25
3 64 15 90 71 61 10 36 77 25 69 54 75 % 75 54 69 25 77 36 10 61 71 90 15 64 3
61 90 64 1 71 26 83 57 77 97 11 15 28 % 28 15 11 97 77 57 83 26 71 1 64 90 61
81 29 29 91 90 65 76 % 76 65 90 91 29 29 81
1 58 94 99 97 73 77 % 77 73 97 99 94 58 1
29 30 19 13 11 29 75 96 58 43 10 49 34 % 34 49 10 43 58 96 75 29 11 13 19 30 29
78 40 86 2 88 32 37 90 70 17 27 20 59 % 59 20 27 17 70 90 37 32 88 2 86 40 78
52 73 59 56 18 9 62 3 55 95 98 30 65 % 65 30 98 95 55 3 62 9 18 56 59 73 52
53 51 49 93 93 9 87 73 59 58 7 92 77 % 77 92 7 58 59 73 87 9 93 93 49 51 53
13 35 4 75 82 34 11 19 29 17 42 68 39 % 39 68 42 17 29 19 11 34 82 75 4 35 13
18 95 10 5 7 62 23 % 23 62 7 5 10 95 18
58 71 69 14 67 8 10 33 53 84 60 44 47 % 47 44 60 84 53 33 10 8 67 14 69 71 58
10 96 63 35 98 38 51 74 8 47 0 54 32 % 32 54 0 47 8 74 51 38 98 35 63 96 10
51 92 30 78 72 17 12 57 63 36 46 1 87 % 87 1 46 36 63 57 12 17 72 78 30 92 51
49 3 23 20 30 43 7 % 7 43 30 20 23 3 49
22 46 52 3 37 14 20 69 45 23 56 21 55 % 55 21 56 23 45 69 20 14 37 3 52 46 22
58 53 25 78 62 43 75 18 85 80 89 66 74 % 74 66 89 80 85 18 75 43 62 78 25 53 58
79 2 0 69 66 22 12 % 12 22 66 69 0 2 79
28 57 14 44 57 26 26 % 26 26 57 44 14 57 28
38 60 5 33 95 30 31 % 31 30 95 33 5 60 38
22 68 16 38 99 59 81 5 84 43 71 49 74 % 74 49 71 43 84 5 81 59 99 38 16 68 22
14 27 2 69 74 50 91 0 30 99 31 13 64 % 64 13 31 99 30 0 91 50 74 69 2 27 14
14 17 24 45 84 69 2 74 55 65 37 39 52 % 52 39 37 65 55 74 2 69 84 45 24 17 14
82 60 99 20 34 53 92 % 92 53 34 20 99 60 82
42 96 34 65 94 5 82 % 82 5 94 65 34 96 42
10 57 73 0 59 68 70 27 78 24 67 16 31 % 31 16 67 24 78 27 70 68 59 0 73 57 10
94 26 17 37 72 85 31 48 83 31 18 29 57 % 57 29 18 31 83 48 31 85 72 37 17 26 94
27 75 52 14 16 43 82 % 82 43 16 14 52 75 27
81 80 40 70 33 64 78 % 78 64 33 70 40 80 81
59 16 76 1 85 78 39 % 39 78 85 1 76 16 59
84 25 18 38 85 81 84 76 46 43 45 4 26 % 26 4 45 43 46 76 84 81 85 38 18 25 84
37 21 74 96 65 63 82 46 96 15 53 17 30 % 30 17 53 15 96 46 82 63 65 96 74 21 37
6 63 67 70 88 42 99 7 13 48 84 68 21 % 21 68 84 48 13 7 99 42 88 70 67 63 6
20 9 9 8 32 53 23 % 23 53 32 8 9 9 20
9 69 93 51 66 40 32 88 26 57 92 23 64 % 64 23 92 57 26 88 32 40 66 51 93 69 9
48 22 7 78 4 81 1 % 1 81 4 78 7 22 48
26 68 46 77 50 61 31 79 29 4 21 88 92 % 92 88 21 4 29 79 31 61 50 77 46 68 26
0 79 82 1 11 84 15 91 41 97 33 17 58 % 58 17 33 97 41 91 15 84 11 1 82 79 0
54 23 39 23 83 45 84 % 84 45 83 23 39 23 54
94 3 95 84 42 30 91 % 91 30 42 84 95 3 94
9 93 77 71 96 90 41 77 95 76 49 92 65 % 65 92 49 76 95 77 41 90 96 71 77 93 9
58 63 0 14 24 27 9 91 87 31 15 22 31 % 31 22 15 31 87 91 9 27 24 14 0 63 58
76 94 18 14 55 44 81 % 81 44 55 14 18 94 76
11 19 45 2 51 78 59 93 91 81 14 80 20 % 20 80 14 81 91 93 59 78 51 2 45 19 11
97 27 4 41 22 41 68 61 70 91 52 27 6 % 6 27 52 91 70 61 68 41 22 41 4 27 97
61 11 32 95 93 58 89 % 89 58 93 95 32 11 61
91 78 57 78 46 15 24 88 2 65 13 71 24 % 24 71 13 65 2 88 24 15 46 78 57 78 91
20 26 14 83 2 81 3 % 3 81 2 83 14 26 20
33 76 15 5 51 31 92 72 41 63 65 5 60 % 60 5 65 63 41 72 92 31 51 5 15 76 33
0 6 96 7 8 14 58 % 58 14 8 7 96 6 0
57 17 81 90 54 58 49 86 54 10 43 89 49 % 49 89 43 10 54 86 49 58 54 90 81 17 57
66 6 46 95 14 77 5 84 13 27 10 11 6 % 6 11 10 27 13 84 5 77 14 95 46 6 66
92 9 30 29 11 69 18 % 18 69 11 29 30 9 92
10 43 89 31 7 84 30 % 30 84 7 31 89 43 10
93 52 60 48 42 21 49 % 49 21 42 48 60 52 93
92 1 84 52 51 12 34 35 81 80 18 0 62 % 62 0 18 80 81 35 34 12 51 52 84 1 92
56 23 95 79 0 25 7 % 7 25 0 79 95 23 56
75 92 45 22 19 95 47 53 59 86 62 8 13 % 13 8 62 86 59 53 47 95 19 22 45 92 75
42 22 15 46 62 23 68 0 32 55 20 90 90 % 90 90 20 55 32 0 68 23 62 46 15 22 42
1 9 88 14 99 22 46 % 46 22 99 14 88 9 1
18 66 36 75 41 14 83 33 9 61 19 75 5 % 5 75 19 61 9 33 83 14 41 75 36 66 18
30 14 93 18 6 8 9 % 9 8 6 18 93 14 30
71 41 78 75 53 47 73 % 73 47 53 75 78 41 71
81 0 2 69 98 20 65 % 65 20 98 69 2 0 81
9 39 56 45 7 76 34 % 34 76 7 45 56 39 9
57 61 95 58 17 1 77 4 44 10 13 11 70 % 70 11 13 10 44 4 77 1 17 58 95 61 57
64 45 57 53 82 34 95 19 25 92 34 70 81 % 81 70 34 92 25 19 95 34 82 53 57 45 64
25 35 8 61 90 50 38 % 38 50 90 61 8 35 25
31 88 61 40 40 74 69 93 49 54 25 6 50 % 50 6 25 54 49 93 69 74 40 40 61 88 31
34 26 2 75 46 37 76 % 76 37 46 75 2 26 34
87 44 2 81 52 96 91 49 29 49 44 44 16 % 16 44 44 49 29 49 91 96 52 81 2 44 87
89 71 42 16 55 85 28 31 50 34 57 77 92 % 92 77 57 34 50 31 28 85 55 16 42 71 89
41 99 11 34 11 26 10 75 60 5 20 40 79 % 79 40 20 5 60 75 10 26 11 34 11 99 41
47 23 3 99 2 21 12 % 12 21 2 99 3 23 47
40 22 97 95 22 51 14 28 78 6 6 86 69 % 69 86 6 6 78 28 14 51 22 95 97 22 40
82 99 22 29 40 58 90 % 90 58 40 29 22 99 82
40 60 76 73 54 58 55 % 55 58 54 73 76 60 40
89 74 99 74 32 71 96 91 73 82 13 79 33 % 33 79 13 82 73 91 96 71 32 74 99 74 89
43 78 14 55 25 79 61 % 61 79 25 55 14 78 43
74 83 96 48 38 70 45 22 67 25 86 26 49 % 49 26 86 25 67 22 45 70 38 48 96 83 74
40 5 13 45 45 46 27 % 27 46 45 45 13 5 40
49 45 89 10 20 30 46 0 86 48 78 42 41 % 41 42 78 48 86 0 46 30 20 10 89 45 49
11 99 59 9 49 27 54 81 10 82 32 88 24 % 24 88 32 82 10 81 54 27 49 9 59 99 11
95 47 48 13 74 58 60 % 60 58 74 13 48 47 95
13 84 4 44 68 18 81 2 6 11 77 31 40 % 40 31 77 11 6 2 81 18 68 44 4 84 13
14 11 18 48 94 7 1 20 77 12 98 34 77 % 77 34 98 12 77 20 1 7 94 48 18 11 14
99 80 93 83 91 18 21 % 21 18 91 83 93 80 99
70 75 63 72 81 62 24 47 29 30 92 13 17 % 17 13 92 30 29 47 24 62 81 72 63 75 70
66 22 4 10 18 59 54 % 54 59 18 10 4 22 66
79 19 75 24 96 53 42 % 42 53 96 24 75 19 79
72 6 34 66 25 94 1 % 1 94 25 66 34 6 72
29 23 41 49 60 65 91 % 91 65 60 49 41 23 29
48 47 99 78 96 22 84 % 84 22 96 78 99 47 48
72 71 53 32 39 56 61 % 61 56 39 32 53 71 72
11 20 79 92 38 74 88 80 11 44 93 70 48 % 48 70 93 44 11 80 88 74 38 92 79 20 11
29 84 10 40 58 47 77 71 62 2 32 37 72 % 72 37 32 2 62 71 77 47 58 40 10 84 29
62 2 12 5 14 25 53 % 53 25 14 5 12 2 62
89 50 4 41 45 19 64 93 59 13 40 22 18 % 18 22 40 13 59 93 64 19 45 41 4 50 89
40 11 97 24 96 2 68 % 68 2 96 24 97 11 40
76 57 6 63 37 92 77 5 94 99 6 17 56 % 56 17 6 99 94 5 77 92 37 63 6 57 76
20 77 86 4 9 19 80 % 80 19 9 4 86 77 20
7 70 20 1 44 15 94 % 94 15 44 1 20 70 7
28 92 85 13 5 54 11 % 11 54 5 13 85 92 28
25 29 4 93 19 90 68 % 68 90 19 93 4 29 25
93 41 95 36 48 58 93 54 85 48 64 27 85 % 85 27 64 48 85 54 93 58 48 36 95 41 93
86 41 15 88 79 76 94 32 96 68 3 11 20 % 20 11 3 68 96 32 94 76 79 88 15 41 86
40 64 62 89 5 51 67 30 51 51 65 63 52 % 52 63 65 51 51 30 67 51 5 89 62 64 40
42 57 91 56 46 8 19 66 10 76 35 88 4 % 4 88 35 76 10 66 19 8 46 56 91 57 42
86 10 25 75 86 27 72 43 68 88 52 87 68 % 68 87 52 88 68 43 72 27 86 75 25 10 86
96 12 61 73 25 12 84 % 84 12 25 73 61 12 96
1 33 39 58 2 15 41 % 41 15 2 58 39 33 1
38 96 6 51 13 61 12 % 12 61 13 51 6 96 38
23 8 71 33 61 4 36 40 42 84 34 21 77 % 77 21 34 84 42 40 36 4 61 33 71 8 23
79 6 37 54 96 34 74 10 79 5 99 24 19 % 19 24 99 5 79 10 74 34 96 54 37 6 79
75 26 26 85 67 99 17 94 46 42 32 66 42 % 42 66 32 42 46 94 17 99 67 85 26 26 75
8 3 48 1 53 55 22 80 17 97 44 29 31 % 31 29 44 97 17 80 22 55 53 1 48 3 8
53 79 73 69 55 78 75 % 75 78 55 69 73 79 53
16 43 69 86 71 49 1 % 1 49 71 86 69 43 16
18 37 74 19 2 2 81 83 61 43 48 99 36 % 36 99 48 43 61 83 81 2 2 19 74 37 18
23 6 61 94 46 86 87 % 87 86 46 94 61 6 23
20 23 61 50 81 72 2 78 98 8 7 8 46 % 46 8 7 8 98 78 2 72 81 50 61 23 20
27 47 89 68 43 85 84 % 84 85 43 68 89 47 27
69 26 27 49 62 80 10 % 10 80 62 49 27 26 69
49 33 22 14 99 49 81 % 81 49 99 14 22 33 49
13 70 79 28 16 64 21 % 21 64 16 28 79 70 13
47 81 97 93 2 32 95 65 82 5 33 68 22 % 22 68 33 5 82 65 95 32 2 93 97 81 47
90 36 54 44 56 54 61 % 61 54 56 44 54 36 90
58 9 71 11 52 49 63 48 72 28 3 48 82 % 82 48 3 28 72 48 63 49 52 11 71 9 58
27 22 88 80 33 24 74 % 74 24 33 80 88 22 27
81 79 80 77 81 50 29 % 29 50 81 77 80 79 81
53 45 87 12 29 24 43 64 43 48 78 90 6 % 6 90 78 48 43 64 43 24 29 12 87 45 53
20 28 40 63 46 7 15 16 69 51 16 15 71 % 71 15 16 51 69 16 15 7 46 63 40 28 20
77 10 55 6 44 63 48 % 48 63 44 6 55 10 77
83 38 64 38 6 80 12 90 16 16 32 61 62 % 62 61 32 16 16 90 12 80 6 38 64 38 83
39 86 6 56 38 0 45 % 45 0 38 56 6 86 39
4 39 22 24 76 21 73 62 85 63 2 31 6 % 6 31 2 63 85 62 73 21 76 24 22 39 4
47 29 73 68 49 75 10 % 10 75 49 68 73 29 47
69 79 35 81 90 80 45 % 45 80 90 81 35 79 69
95 44 55 97 11 66 68 55 7 66 39 22 23 % 23 22 39 66 7 55 68 66 11 97 55 44 95
15 16 66 64 3 13 5 57 47 85 56 9 76 % 76 9 56 85 47 57 5 13 3 64 66 16 15
2 68 94 88 80 97 91 % 91 97 80 88 94 68 2
0 44 32 70 82 73 92 64 55 70 59 11 72 % 72 11 59 70 55 64 92 73 82 70 32 44 0
34 66 43 23 76 27 48 % 48 27 76 23 43 66 34
7 90 94 36 46 38 57 20 98 69 52 61 40 % 40 61 52 69 98 20 57 38 46 36 94 90 7
32 11 48 41 7 52 18 % 18 52 7 41 48 11 32
26 59 26 64 81 89 76 % 76 89 81 64 26 59 26
68 6 12 77 6 5 3 1 71 78 61 51 91 % 91 51 61 78 71 1 3 5 6 77 12 6 68
99 16 59 12 83 26 54 % 54 26 83 12 59 16 99
75 65 76 31 60 95 50 % 50 95 60 31 76 65 75
2 40 22 76 73 57 58 % 58 57 73 76 22 40 2
65 61 61 19 43 79 47 % 47 79 43 19 61 61 65
60 61 45 36 71 69 15 % 15 69 71 36 45 61 60
4 37 39 37 30 57 64 84 90 91 18 94 13 % 13 94 18 91 90 84 64 57 30 37 39 37 4
94 55 50 59 37 78 72 % 72 78 37 59 50 55 94
23 8 11 64 96 60 1 % 1 60 96 64 11 8 23
17 51 2 14 81 62 19 % 19 62 81 14 2 51 17
96 26 69 95 43 95 50 43 20 37 99 19 28 % 28 19 99 37 20 43 50 95 43 95 69 26 96
66 66 51 5 7 77 13 82 29 29 80 34 29 % 29 34 80 29 29 82 13 77 7 5 51 66 66
30 4 97 48 88 68 5 82 10 69 39 67 64 % 64 67 39 69 10 82 5 68 88 48 97 4 30
50 55 34 95 30 46 19 12 46 33 44 90 41 % 41 90 44 33 46 12 19 46 30 95 34 55 50
28 30 45 23 14 19 60 % 60 19 14 23 45 30 28
73 35 90 83 65 94 62 % 62 94 65 83 90 35 73
73 75 47 3 55 50 3 61 25 74 73 99 88 % 88 99 73 74 25 61 3 50 55 3 47 75 73
89 53 70 58 46 95 70 10 98 57 96 9 55 % 55 9 96 57 98 10 70 95 46 58 70 53 89
3 72 96 0 8 19 42 75 25 25 87 80 46 % 46 80 87 25 25 75 42 19 8 0 96 72 3
75 72 58 8 45 59 58 % 58 59 45 8 58 72 75
23 5 14 19 94 45 7 % 7 45 94 19 14 5 23
34 85 86 47 8 77 34 40 38 29 69 71 62 % 62 71 69 29 38 40 34 77 8 47 86 85 34
44 61 11 35 78 11 33 % 33 11 78 35 11 61 44
54 79 46 37 30 17 49 99 97 58 41 88 87 % 87 88 41 58 97 99 49 17 30 37 46 79 54
31 66 27 88 70 78 72 59 89 90 54 91 30 % 30 91 54 90 89 59 72 78 70 88 27 66 31
28 20 13 82 89 18 48 74 52 9 28 82 37 % 37 82 28 9 52 74 48 18 89 82 13 20 28
68 63 86 82 70 9 66 43 11 41 41 86 97 % 97 86 41 41 11 43 66 9 70 82 86 63 68
70 36 60 75 68 25 54 % 54 25 68 75 60 36 70
18 25 16 31 72 24 88 % 88 24 72 31 16 25 18
66 42 13 3 63 36 14 % 14 36 63 3 13 42 66
30 15 36 17 51 38 61 75 37 90 7 82 20 % 20 82 7 90 37 75 61 38 51 17 36 15 30
82 53 49 49 41 78 46 71 72 44 46 15 39 % 39 15 46 44 72 71 46 78 41 49 49 53 82
11 18 58 95 63 34 96 38 58 80 8 66 20 % 20 66 8 80 58 38 96 34 63 95 58 18 11
23 14 86 52 52 46 48 % 48 46 52 52 86 14 23
17 72 20 48 32 23 18 70 83 20 62 42 96 % 96 42 62 20 83 70 18 23 32 48 20 72 17
46 96 17 66 17 71 13 69 46 46 39 5 1 % 1 5 39 46 46 69 13 71 17 66 17 96 46
53 54 1 87 7 54 81 15 76 79 39 58 16 % 16 58 39 79 76 15 81 54 7 87 1 54 53
60 3 77 72 55 94 47 % 47 94 55 72 77 3 60
15 41 50 17 80 63 27 20 35 53 19 6 36 % 36 6 19 53 35 20 27 63 80 17 50 41 15
39 93 35 59 92 18 12 45 75 48 10 10 91 % 91 10 10 48 75 45 12 18 92 59 35 93 39
85 71 35 94 94 30 83 % 83 30 94 94 35 71 85
14 45 23 26 41 79 99 % 99 79 41 26 23 45 14
29 32 79 47 5 50 57 76 43 74 35 72 66 % 66 72 35 74 43 76 57 50 5 47 79 32 29
2 0 1 49 77 69 68 91 98 21 49 86 66 % 66 86 49 21 98 91 68 69 77 49 1 0 2
3 82 56 69 42 93 18 % 18 93 42 69 56 82 3
45 48 29 84 45 97 91 % 91 97 45 84 29 48 45
73 66 49 83 19 4 68 % 68 4 19 83 49 66 73
97 81 20 20 39 78 96 26 79 59 11 20 46 % 46 20 11 59 79 26 96 78 39 20 20 81 97
76 98 81 54 71 7 17 % 17 7 71 54 81 98 76
94 45 20 37 16 64 89 % 89 64 16 37 20 45 94
21 4 18 3 25 19 85 19 30 36 71 68 54 % 54 68 71 36 30 19 85 19 25 3 18 4 21
93 67 22 34 58 62 94 1 28 21 42 2 9 % 9 2 42 21 28 1 94 62 58 34 22 67 93
13 33 3 61 13 44 90 % 90 44 13 61 3 33 13
73 99 75 32 84 24 2 % 2 24 84 32 75 99 73
36 15 79 99 84 37 66 8 51 17 19 5 31 % 31 5 19 17 51 8 66 37 84 99 79 15 36
52 53 47 27 97 23 87 83 72 69 42 29 41 % 41 29 42 69 72 83 87 23 97 27 47 53 52
17 42 66 92 61 53 40 % 40 53 61 92 66 42 17
54 47 95 22 77 72 39 % 39 72 77 22 95 47 54
22 50 31 0 55 38 92 % 92 38 55 0 31 50 22
29 93 57 8 80 52 31 57 94 77 80 84 85 % 85 84 80 77 94 57 31 52 80 8 57 93 29
88 36 27 30 59 69 73 63 81 28 25 78 79 % 79 78 25 28 81 63 73 69 59 30 27 36 88
98 98 25 64 0 44 24 % 24 44 0 64 25 98 98
54 14 57 29 5 50 97 67 81 81 24 15 46 % 46 15 24 81 81 67 97 50 5 29 57 14 54
20 73 98 46 78 14 55 % 55 14 78 46 98 73 20
83 77 1 95 79 52 19 16 63 4 18 15 10 % 10 15 18 4 63 16 19 52 79 95 1 77 83
48 38 24 39 48 49 36 82 86 68 76 51 4 % 4 51 76 68 86 82 36 49 48 39 24 38 48
17 42 12 90 6 70 88 % 88 70 6 90 12 42 17
21 2 49 71 59 21 70 % 70 21 59 71 49 2 21
74 4 47 32 44 59 11 % 11 59 44 32 47 4 74
97 58 62 21 30 78 79 % 79 78 30 21 62 58 97
27 81 52 20 94 19 8 % 8 19 94 20 52 81 27
17 84 17 97 44 20 32 % 32 20 44 97 17 84 17
11 65 79 13 85 17 68 25 14 23 60 65 24 % 24 65 60 23 14 25 68 17 85 13 79 65 11
3 32 76 86 87 98 34 51 92 13 48 61 51 % 51 61 48 13 92 51 34 98 87 86 76 32 3
90 77 59 22 23 73 42 65 32 10 51 28 22 % 22 28 51 10 32 65 42 73 23 22 59 77 90
4 64 50 16 75 52 82 20 29 68 98 6 43 % 43 6 98 68 29 20 82 52 75 16 50 64 4
75 11 18 85 58 19 25 % 25 19 58 85 18 11 75
75 84 12 91 5 69 69 % 69 69 5 91 12 84 75
6 63 36 86 38 40 40 32 59 33 41 37 36 % 36 37 41 33 59 32 40 40 38 86 36 63 6
16 71 51 49 99 15 51 % 51 15 99 49 51 71 16
11 58 64 21 21 42 97 54 95 46 51 50 17 % 17 50 51 46 95 54 97 42 21 21 64 58 11
98 53 25 3 69 37 60 % 60 37 69 3 25 53 98
84 23 37 61 82 87 9 % 9 87 82 61 37 23 84
27 49 37 78 37 58 81 96 41 47 92 2 0 % 0 2 92 47 41 96 81 58 37 78 37 49 27
70 31 40 62 59 65 32 % 32 65 59 62 40 31 70
67 53 31 52 16 96 82 % 82 96 16 52 31 53 67
0 52 50 59 49 78 2 7 58 22 44 24 53 % 53 24 44 22 58 7 2 78 49 59 50 52 0
32 53 64 30 15 43 11 % 11 43 15 30 64 53 32
27 82 2 57 84 44 11 % 11 44 84 57 2 82 27
59 20 15 89 62 38 41 % 41 38 62 89 15 20 59
21 68 66 6 92 6 38 66 59 35 2 78 5 % 5 78 2 35 59 66 38 6 92 6 66 68 21
72 96 18 61 34 2 68 12 33 23 56 60 49 % 49 60 56 23 33 12 68 2 34 61 18 96 72
11 81 75 79 11 99 2 76 98 50 44 15 67 % 67 15 44 50 98 76 2 99 11 79 75 81 11
17 92 68 31 89 71 66 % 66 71 89 31 68 92 17
95 4 4 42 5 91 90 21 49 27 4 27 2 % 2 27 4 27 49 21 90 91 5 42 4 4 95
32 65 20 77 95 95 4 79 63 38 38 45 6 % 6 45 38 38 63 79 4 95 95 77 20 65 32
26 37 63 90 72 21 50 99 53 72 63 14 19 % 19 14 63 72 53 99 50 21 72 90 63 37 26
70 71 97 72 72 18 66 44 90 10 81 58 88 % 88 58 81 10 90 44 66 18 72 72 97 71 70
27 68 55 29 98 37 70 7 92 86 73 50 26 % 26 50 73 86 92 7 70 37 98 29 55 68 27
83 98 70 41 20 48 77 % 77 48 20 41 70 98 83
71 87 83 35 37 51 68 % 68 51 37 35 83 87 71
80 38 88 24 86 60 7 88 46 13 7 87 67 % 67 87 7 13 46 88 7 60 86 24 88 38 80
78 16 72 44 65 53 20 % 20 53 65 44 72 16 78
14 32 67 52 58 11 47 % 47 11 58 52 67 32 14
83 31 95 42 9 5 32 % 32 5 9 42 95 31 83
68 37 46 58 94 51 48 % 48 51 94 58 46 37 68
87 40 81 54 57 86 43 83 18 29 35 72 26 % 26 72 35 29 18 83 43 86 57 54 81 40 87
82 86 11 33 15 31 63 42 77 31 8 88 9 % 9 88 8 31 77 42 63 31 15 33 11 86 82
14 95 73 48 88 99 50 17 77 49 1 65 19 % 19 65 1 49 77 17 50 99 88 48 73 95 14
1 83 86 1 67 91 77 98 71 74 73 69 20 % 20 69 73 74 71 98 77 91 67 1 86 83 1
72 12 54 13 62 34 81 23 57 45 69 85 64 % 64 85 69 45 57 23 81 34 62 13 54 12 72
36 54 15 27 92 18 99 % 99 18 92 27 15 54 36
64 12 85 42 22 14 65 26 51 8 77 41 33 % 33 41 77 8 51 26 65 14 22 42 85 12 64
92 43 19 55 66 50 11 % 11 50 66 55 19 43 92
65 78 58 55 84 71 36 % 36 71 84 55 58 78 65
3 39 66 86 76 95 74 % 74 95 76 86 66 39 3
90 99 62 0 35 39 2 % 2 39 35 0 62 99 90
61 71 45 10 24 22 53 84 48 39 28 73 20 % 20 73 28 39 48 84 53 22 24 10 45 71 61
56 25 13 8 97 28 15 % 15 28 97 8 13 25 56
95 2 28 62 21 18 52 69 61 98 83 87 34 % 34 87 83 98 61 69 52 18 21 62 28 2 95
97 40 61 90 21 78 99 51 22 95 38 92 29 % 29 92 38 95 22 51 99 78 21 90 61 40 97
61 86 76 20 90 85 77 % 77 85 90 20 76 86 61
97 3 34 98 64 11 19 80 6 36 74 61 89 % 89 61 74 36 6 80 19 11 64 98 34 3 97
65 19 10 56 36 41 41 35 64 6 79 72 7 % 7 72 79 6 64 35 41 41 36 56 10 19 65
6 21 69 90 9 56 21 50 91 76 86 33 87 % 87 33 86 76 91 50 21 56 9 90 69 21 6
56 79 50 35 74 15 15 20 91 99 28 32 30 % 30 32 28 99 91 20 15 15 74 35 50 79 56
94 83 97 31 90 32 92 % 92 32 90 31 97 83 94
23 16 22 38 76 62 65 23 45 11 84 76 71 % 71 76 84 11 45 23 65 62 76 38 22 16 23
31 56 88 86 91 35 19 % 19 35 91 86 88 56 31
78 4 22 58 45 0 83 33 12 48 61 18 15 % 15 18 61 48 12 33 83 0 45 58 22 4 78
27 47 25 18 94 56 19 % 19 56 94 18 25 47 27
19 98 80 86 71 27 90 1 57 27 0 27 30 % 30 27 0 27 57 1 90 27 71 86 80 98 19
0 6 61 60 76 81 37 72 1 43 10 47 67 % 67 47 10 43 1 72 37 81 76 60 61 6 0
83 95 1 69 57 33 84 7 44 76 15 24 81 % 81 24 15 76 44 7 84 33 57 69 1 95 83
72 71 68 88 11 79 23 30 98 89 28 20 82 % 82 20 28 89 98 30 23 79 11 88 68 71 72
25 69 84 98 1 27 84 47 9 18 69 15 14 % 14 15 69 18 9 47 84 27 1 98 84 69 25
85 29 34 61 68 11 64 % 64 11 68 61 34 29 85
97 48 80 18 65 11 34 0 82 75 17 74 3 % 3 74 17 75 82 0 34 11 65 18 80 48 97
95 7 79 92 44 19 46 % 46 19 44 92 79 7 95
25 42 46 86 21 84 76 37 12 51 84 60 36 % 36 60 84 51 12 37 76 84 21 86 46 42 25
22 27 16 12 89 55 27 % 27 55 89 12 16 27 22
4 24 52 36 62 21 90 21 32 55 74 26 66 % 66 26 74 55 32 21 90 21 62 36 52 24 4
30 27 87 7 9 94 33 % 33 94 9 7 87 27 30
13 80 76 73 79 73 53 % 53 73 79 73 76 80 13
12 57 29 93 2 85 37 % 37 85 2 93 29 57 12
90 40 62 48 89 58 4 80 18 94 26 80 87 % 87 80 26 94 18 80 4 58 89 48 62 40 90
30 56 18 10 95 86 56 % 56 86 95 10 18 56 30
14 36 6 30 14 77 37 % 37 77 14 30 6 36 14
49 82 67 24 96 72 39 % 39 72 96 24 67 82 49
57 75 43 90 0 27 78 39 13 58 31 95 82 % 82 95 31 58 13 39 78 27 0 90 43 75 57
86 53 87 67 61 69 67 % 67 69 61 67 87 53 86
49 98 30 81 45 31 15 % 15 31 45 81 30 98 49
83 66 10 20 35 44 17 % 17 44 35 20 10 66 83
75 16 61 42 95 88 84 % 84 88 95 42 61 16 75
27 29 43 13 66 32 13 49 76 26 56 30 97 % 97 30 56 26 76 49 13 32 66 13 43 29 27
61 3 81 53 36 61 92 42 35 4 42 78 6 % 6 78 42 4 35 42 92 61 36 53 81 3 61
46 68 3 34 95 39 40 65 30 43 15 75 42 % 42 75 15 43 30 65 40 39 95 34 3 68 46
33 86 31 65 51 68 98 33 66 81 30 67 23 % 23 67 30 81 66 33 98 68 51 65 31 86 33
22 57 10 35 46 50 66 70 1 49 42 68 62 % 62 68 42 49 1 70 66 50 46 35 10 57 22
21 6 39 53 58 12 28 % 28 12 58 53 39 6 21
78 53 27 30 58 11 97 0 54 19 46 73 14 % 14 73 46 19 54 0 97 11 58 30 27 53 78
21 11 80 67 2 46 41 % 41 46 2 67 80 11 21
27 95 95 45 12 34 56 16 10 29 33 4 28 % 28 4 33 29 10 16 56 34 12 45 95 95 27
66 20 14 80 34 86 45 37 90 58 72 4 99 % 99 4 72 58 90 37 45 86 34 80 14 20 66
82 42 70 91 16 2 67 25 18 35 11 33 47 % 47 33 11 35 18 25 67 2 16 91 70 42 82
49 44 77 20 34 3 1 % 1 3 34 20 77 44 49
76 65 78 44 34 79 13 65 6 8 99 43 57 % 57 43 99 8 6 65 13 79 34 44 78 65 76
35 47 99 33 70 7 19 72 37 59 76 16 26 % 26 16 76 59 37 72 19 7 70 33 99 47 35
41 63 22 44 33 87 2 35 24 78 40 89 36 % 36 89 40 78 24 35 2 87 33 44 22 63 41
47 70 16 17 91 24 16 % 16 24 91 17 16 70 47
92 36 78 63 40 30 82 17 19 10 18 34 0 % 0 34 18 10 19 17 82 30 40 63 78 36 92
21 44 66 11 7 37 16 11 2 14 83 66 3 % 3 66 83 14 2 11 16 37 7 11 66 44 21
36 67 54 91 42 62 91 % 91 62 42 91 54 67 36
32 68 12 23 80 3 6 36 29 40 91 2 47 % 47 2 91 40 29 36 6 3 80 23 12 68 32
73 24 69 46 50 5 73 16 42 4 87 36 83 % 83 36 87 4 42 16 73 5 50 46 69 24 73
26 31 10 88 3 96 30 % 30 96 3 88 10 31 26
43 73 99 9 77 30 41 0 8 26 73 25 29 % 29 25 73 26 8 0 41 30 77 9 99 73 43
64 48 62 11 73 68 58 % 58 68 73 11 62 48 64
59 48 59 27 64 56 86 % 86 56 64 27 59 48 59
34 36 23 57 0 38 68 68 39 83 84 18 71 % 71 18 84 83 39 68 68 38 0 57 23 36 34
44 79 92 46 18 37 91 % 91 37 18 46 92 79 44
21 7 44 70 33 39 18 25 74 22 11 41 16 % 16 41 11 22 74 25 18 39 33 70 44 7 21
31 14 17 64 81 9 60 % 60 9 81 64 17 14 31
24 73 54 83 2 80 65 % 65 80 2 83 54 73 24
96 43 63 94 81 80 39 93 45 66 85 65 92 % 92 65 85 66 45 93 39 80 81 94 63 43 96
38 2 38 29 52 58 8 % 8 58 52 29 38 2 38
44 82 97 98 82 87 32 40 24 39 88 89 5 % 5 89 88 39 24 40 32 87 82 98 97 82 44
4 42 85 68 36 61 85 % 85 61 36 68 85 42 4
40 6 39 11 78 98 42 33 41 10 30 50 50 % 50 50 30 10 41 33 42 98 78 11 39 6 40
16 90 19 67 25 30 5 % 5 30 25 67 19 90 16
33 4 17 16 71 31 49 % 49 31 71 16 17 4 33
49 91 95 19 99 75 43 74 80 27 83 12 51 % 51 12 83 27 80 74 43 75 99 19 95 91 49
82 4 20 17 0 53 80 11 76 2 5 72 66 % 66 72 5 2 76 11 80 53 0 17 20 4 82
26 77 75 60 68 22 86 % 86 22 68 60 75 77 26
7 18 74 31 73 12 34 98 40 2 36 51 14 % 14 51 36 2 40 98 34 12 73 31 74 18 7
49 48 14 16 9 11 82 % 82 11 9 16 14 48 49
87 36 11 56 60 98 48 7 76 5 58 66 33 % 33 66 58 5 76 7 48 98 60 56 11 36 87
72 93 62 78 34 75 63 % 63 75 34 78 62 93 72
32 24 24 47 71 92 68 50 32 94 18 15 8 % 8 15 18 94 32 50 68 92 71 47 24 24 32
29 35 7 53 80 90 65 % 65 90 80 53 7 35 29
20 40 95 41 76 91 36 % 36 91 76 41 95 40 20
85 74 90 34 44 52 51 31 42 0 17 86 59 % 59 86 17 0 42 31 51 52 44 34 90 74 85
5 54 67 54 71 18 1 28 78 94 48 55 94 % 94 55 48 94 78 28 1 18 71 54 67 54 5
3 48 63 61 71 87 37 37 31 86 2 85 62 % 62 85 2 86 31 37 37 87 71 61 63 48 3
39 28 3 2 8 77 91 2 32 52 84 28 63 % 63 28 84 52 32 2 91 77 8 2 3 28 39
57 82 5 33 35 96 4 81 44 46 81 80 91 % 91 80 81 46 44 81 4 96 35 33 5 82 57
66 69 81 72 19 4 1 % 1 4 19 72 81 69 66
16 65 39 3 82 16 90 % 90 16 82 3 39 65 16
39 14 44 78 5 53 51 % 51 53 5 78 44 14 39
65 96 59 42 66 44 56 % 56 44 66 42 59 96 65
1 30 49 96 82 0 94 57 39 78 86 46 92 % 92 46 86 78 39 57 94 0 82 96 49 30 1
97 0 18 66 25 17 87 50 73 17 23 17 3 % 3 17 23 17 73 50 87 17 25 66 18 0 97
44 11 4 48 6 4 2 % 2 4 6 48 4 11 44
85 58 35 8 62 50 75 % 75 50 62 8 35 58 85
70 19 1 38 55 77 50 % 50 77 55 38 1 19 70
27 37 68 43 92 93 55 84 79 48 38 6 33 % 33 6 38 48 79 84 55 93 92 43 68 37 27
79 65 86 60 39 92 14 96 45 73 36 3 37 % 37 3 36 73 45 96 14 92 39 60 86 65 79
30 55 54 54 87 99 84 35 52 42 6 17 23 % 23 17 6 42 52 35 84 99 87 54 54 55 30
35 48 82 81 18 4 33 % 33 4 18 81 82 48 35
30 83 27 47 4 37 3 % 3 37 4 47 27 83 30
75 72 65 98 66 23 75 24 75 77 67 1 26 % 26 1 67 77 75 24 75 23 66 98 65 72 75
90 14 1 77 57 20 53 % 53 20 57 77 1 14 90
64 65 82 74 19 75 8 55 86 12 37 25 40 % 40 25 37 12 86 55 8 75 19 74 82 65 64
14 44 7 1 72 47 97 80 7 26 47 5 89 % 89 5 47 26 7 80 97 47 72 1 7 44 14
22 99 34 25 17 67 98 92 20 47 89 23 39 % 39 23 89 47 20 92 98 67 17 25 34 99 22
0 88 0 87 53 43 46 % 46 43 53 87 0 88 0
15 81 50 37 27 42 62 40 34 99 5 13 81 % 81 13 5 99 34 40 62 42 27 37 50 81 15
93 84 82 50 50 72 0 3 48 86 93 88 42 % 42 88 93 86 48 3 0 72 50 50 82 84 93
63 14 50 10 44 63 81 71 29 94 37 6 10 % 10 6 37 94 29 71 81 63 44 10 50 14 63
1 47 16 20 37 46 64 % 64 46 37 20 16 47 1
17 96 10 12 18 86 61 % 61 86 18 12 10 96 17
66 3 26 85 59 69 50 % 50 69 59 85 26 3 66
58 59 44 16 44 25 85 % 85 25 44 16 44 59 58
16 28 55 33 30 64 91 10 67 37 28 29 16 % 16 29 28 37 67 10 91 64 30 33 55 28 16
86 16 29 60 54 51 55 63 71 46 47 52 4 % 4 52 47 46 71 63 55 51 54 60 29 16 86
69 50 53 2 24 77 57 % 57 77 24 2 53 50 69
14 0 79 8 38 50 68 62 72 89 21 11 78 % 78 11 21 89 72 62 68 50 38 8 79 0 14
64 83 65 40 25 48 49 82 98 7 77 76 46 % 46 76 77 7 98 82 49 48 25 40 65 83 64
3 97 40 86 90 26 2 20 53 21 95 18 28 % 28 18 95 21 53 20 2 26 90 86 40 97 3
80 43 45 68 10 99 34 15 15 35 12 23 30 % 30 23 12 35 15 15 34 99 10 68 45 43 80
87 84 26 71 72 53 7 89 87 45 76 6 51 % 51 6 76 45 87 89 7 53 72 71 26 84 87
78 43 4 91 13 40 6 % 6 40 13 91 4 43 78
48 29 25 84 39 15 38 % 38 15 39 84 25 29 48
66 19 55 67 94 38 64 % 64 38 94 67 55 19 66
77 98 48 97 57 35 65 55 17 32 72 39 68 % 68 39 72 32 17 55 65 35 57 97 48 98 77
60 49 8 57 93 40 14 83 84 15 46 37 85 % 85 37 46 15 84 83 14 40 93 57 8 49 60
63 38 71 62 17 82 57 4 53 14 70 22 61 % 61 22 70 14 53 4 57 82 17 62 71 38 63
70 47 11 45 91 93 45 % 45 93 91 45 11 47 70
94 92 45 55 55 99 48 % 48 99 55 55 45 92 94
2 50 61 75 17 85 50 69 2 2 70 60 50 % 50 60 70 2 2 69 50 85 17 75 61 50 2
4 90 20 90 21 39 88 59 70 11 87 25 86 % 86 25 87 11 70 59 88 39 21 90 20 90 4
88 96 59 9 43 90 96 % 96 90 43 9 59 96 88
18 21 72 64 82 46 16 % 16 46 82 64 72 21 18
94 23 0 31 29 60 99 81 68 75 69 59 60 % 60 59 69 75 68 81 99 60 29 31 0 23 94
37 78 46 41 65 77 86 % 86 77 65 41 46 78 37
9 9 89 45 37 81 9 % 9 81 37 45 89 9 9
60 78 44 73 21 7 37 76 87 29 18 67 51 % 51 67 18 29 87 76 37 7 21 73 44 78 60
61 19 92 59 80 57 73 54 7 44 50 9 55 % 55 9 50 44 7 54 73 57 80 59 92 19 61
59 8 20 30 56 52 50 % 50 52 56 30 20 8 59
96 49 64 98 46 54 47 84 16 51 96 29 95 % 95 29 96 51 16 84 47 54 46 98 64 49 96
93 82 13 67 91 82 91 % 91 82 91 67 13 82 93
28 79 51 42 27 69 80 2 52 44 14 61 87 % 87 61 14 44 52 2 80 69 27 42 51 79 28
93 14 2 46 64 43 91 % 91 43 64 46 2 14 93
63 83 85 22 60 57 38 % 38 57 60 22 85 83 63
14 89 8 73 72 89 34 % 34 89 72 73 8 89 14
84 80 13 41 2 94 82 73 5 96 43 79 40 % 40 79 43 96 5 73 82 94 2 41 13 80 84
64 67 0 68 61 40 83 % 83 40 61 68 0 67 64
58 46 40 8 74 34 75 73 40 2 9 80 29 % 29 80 9 2 40 73 75 34 74 8 40 46 58
73 85 63 72 77 67 87 45 63 59 17 67 8 % 8 67 17 59 63 45 87 67 77 72 63 85 73
19 59 23 52 34 69 15 % 15 69 34 52 23 59 19
68 27 25 79 99 88 99 % 99 88 99 79 25 27 68
7 94 82 68 12 38 7 % 7 38 12 68 82 94 7
48 92 11 96 10 90 42 % 42 90 10 96 11 92 48
17 31 72 50 38 58 76 71 73 84 44 83 60 % 60 83 44 84 73 71 76 58 38 50 72 31 17
72 13 51 51 88 59 62 % 62 59 88 51 51 13 72
92 82 76 75 84 5 86 % 86 5 84 75 76 82 92
74 82 52 28 61 47 28 15 2 29 58 42 21 % 21 42 58 29 2 15 28 47 61 28 52 82 74
35 70 40 35 45 37 19 48 33 79 44 85 40 % 40 85 44 79 33 48 19 37 45 35 40 70 35
73 90 28 93 38 53 30 % 30 53 38 93 28 90 73
85 60 34 2 48 99 74 % 74 99 48 2 34 60 85
28 58 43 36 33 39 90 % 90 39 33 36 43 58 28
42 32 4 42 98 39 83 32 42 86 94 19 78 % 78 19 94 86 42 32 83 39 98 42 4 32 42
92 76 69 54 92 65 13 % 13 65 92 54 69 76 92
94 30 72 3 29 49 50 % 50 49 29 3 72 30 94
60 71 40 62 43 48 94 % 94 48 43 62 40 71 60
68 97 46 19 42 24 69 % 69 24 42 19 46 97 68
99 39 0 86 92 63 41 % 41 63 92 86 0 39 99
37 28 50 41 91 11 99 % 99 11 91 41 50 28 37
81 33 99 61 36 68 24 12 31 81 8 68 28 % 28 68 8 81 31 12 24 68 36 61 99 33 81
55 57 99 44 68 50 99 36 97 26 54 82 72 % 72 82 54 26 97 36 99 50 68 44 99 57 55
75 28 65 64 84 47 85 % 85 47 84 64 65 28 75
16 69 1 46 62 10 53 43 34 15 45 56 13 % 13 56 45 15 34 43 53 10 62 46 1 69 16
24 14 61 60 93 53 9 % 9 53 93 60 61 14 24
43 48 13 94 3 76 11 % 11 76 3 94 13 48 43
97 54 33 34 47 38 45 90 95 59 40 31 63 % 63 31 40 59 95 90 45 38 47 34 33 54 97
48 43 75 39 74 36 69 61 98 80 62 15 81 % 81 15 62 80 98 61 69 36 74 39 75 43 48
10 13 90 0 13 41 17 % 17 41 13 0 90 13 10
49 57 56 93 38 65 29 % 29 65 38 93 56 57 49
66 64 93 86 57 21 76 % 76 21 57 86 93 64 66
33 4 63 47 29 11 83 % 83 11 29 47 63 4 33
89 29 91 79 77 78 36 % 36 78 77 79 91 29 89
75 29 99 29 79 28 39 % 39 28 79 29 99 29 75
68 82 6 39 78 76 68 95 40 88 60 23 84 % 84 23 60 88 40 95 68 76 78 39 6 82 68
91 50 2 78 54 58 91 33 95 92 50 87 67 % 67 87 50 92 95 33 91 58 54 78 2 50 91
2 0 79 24 66 22 21 99 12 79 99 49 74 % 74 49 99 79 12 99 21 22 66 24 79 0 2
5 56 83 37 64 76 36 % 36 76 64 37 83 56 5
7 39 19 28 14 88 52 10 58 13 71 8 81 % 81 8 71 13 58 10 52 88 14 28 19 39 7
49 65 62 34 27 18 87 % 87 18 27 34 62 65 49
44 93 69 70 19 25 11 % 11 25 19 70 69 93 44
45 55 54 14 51 38 85 % 85 38 51 14 54 55 45
60 61 66 94 53 50 56 % 56 50 53 94 66 61 60
31 64 33 84 65 40 11 96 45 76 5 4 38 % 38 4 5 76 45 96 11 40 65 84 33 64 31
33 94 20 9 66 43 83 % 83 43 66 9 20 94 33
13 52 59 17 63 5 62 55 53 1 3 59 84 % 84 59 3 1 53 55 62 5 63 17 59 52 13
57 63 84 58 92 57 12 9 92 0 72 2 9 % 9 2 72 0 92 9 12 57 92 58 84 63 57
97 71 68 94 67 48 60 % 60 48 67 94 68 71 97
64 33 24 70 2 46 65 62 24 18 87 38 50 % 50 38 87 18 24 62 65 46 2 70 24 33 64
68 29 70 7 57 10 81 37 84 49 29 54 57 % 57 54 29 49 84 37 81 10 57 7 70 29 68
10 56 5 98 70 20 47 12 80 92 43 86 83 % 83 86 43 92 80 12 47 20 70 98 5 56 10
7 57 78 47 58 1 58 68 48 93 96 17 67 % 67 17 96 93 48 68 58 1 58 47 78 57 7
58 14 89 63 16 12 56 % 56 12 16 63 89 14 58
82 37 37 63 11 70 51 % 51 70 11 63 37 37 82
1 73 33 55 80 46 70 23 32 6 3 59 33 % 33 59 3 6 32 23 70 46 80 55 33 73 1
60 95 35 81 35 17 56 30 23 98 41 74 75 % 75 74 41 98 23 30 56 17 35 81 35 95 60
11 37 19 48 4 13 45 % 45 13 4 48 19 37 11
21 61 69 60 33 55 73 % 73 55 33 60 69 61 21
92 69 87 54 60 10 20 75 1 77 54 48 68 % 68 48 54 77 1 75 20 10 60 54 87 69 92
19 72 4 39 83 90 64 72 20 86 66 84 84 % 84 84 66 86 20 72 64 90 83 39 4 72 19
78 35 34 31 35 9 96 66 71 3 98 93 38 % 38 93 98 3 71 66 96 9 35 31 34 35 78
60 61 19 8 97 11 76 % 76 11 97 8 19 61 60
80 44 14 65 78 36 37 % 37 36 78 65 14 44 80
65 42 30 81 18 52 0 % 0 52 18 81 30 42 65
99 43 25 20 15 71 12 % 12 71 15 20 25 43 99
58 76 63 13 64 1 45 65 30 11 64 98 82 % 82 98 64 11 30 65 45 1 64 13 63 76 58
6 35 46 12 54 47 68 48 29 85 0 90 46 % 46 90 0 85 29 48 68 47 54 12 46 35 6
97 34 56 38 77 91 30 % 30 91 77 38 56 34 97
91 99 51 34 49 37 71 49 10 42 81 96 60 % 60 96 81 42 10 49 71 37 49 34 51 99 91
1 23 15 2 25 80 24 % 24 80 25 2 15 23 1
18 17 53 49 23 83 47 % 47 83 23 49 53 17 18
53 4 81 9 29 30 10 % 10 30 29 9 81 4 53
28 13 24 35 35 66 65 79 1 65 28 99 20 % 20 99 28 65 1 79 65 66 35 35 24 13 28
98 93 11 77 30 67 92 67 72 15 98 84 3 % 3 84 98 15 72 67 92 67 30 77 11 93 98
36 72 49 81 68 16 67 19 97 57 20 11 25 % 25 11 20 57 97 19 67 16 68 81 49 72 36
67 31 40 69 79 82 18 33 44 81 17 89 63 % 63 89 17 81 44 33 18 82 79 69 40 31 67
5 51 95 26 35 58 26 % 26 58 35 26 95 51 5
13 77 16 87 53 47 35 % 35 47 53 87 16 77 13
79 36 49 99 81 21 37 62 67 21 50 20 54 % 54 20 50 21 67 62 37 21 81 99 49 36 79
0 88 70 46 34 72 17 87 94 84 15 92 74 % 74 92 15 84 94 87 17 72 34 46 70 88 0
24 49 16 61 52 86 85 61 23 33 58 63 70 % 70 63 58 33 23 61 85 86 52 61 16 49 24
97 67 58 78 54 80 31 51 36 43 46 88 87 % 87 88 46 43 36 51 31 80 54 78 58 67 97
17 44 45 25 6 40 71 49 25 49 58 19 81 % 81 19 58 49 25 49 71 40 6 25 45 44 17
80 96 64 28 78 49 47 61 26 70 84 17 33 % 33 17 84 70 26 61 47 49 78 28 64 96 80
54 68 81 3 0 7 24 40 84 61 37 83 32 % 32 83 37 61 84 40 24 7 0 3 81 68 54
1 24 78 27 7 54 67 95 7 0 29 26 44 % 44 26 29 0 7 95 67 54 7 27 78 24 1
73 95 46 36 87 69 70 90 91 60 64 27 97 % 97 27 64 60 91 90 70 69 87 36 46 95 73
69 22 73 70 37 76 12 49 35 14 42 91 61 % 61 91 42 14 35 49 12 76 37 70 73 22 69
82 74 68 97 90 59 36 3 13 54 79 10 96 % 96 10 79 54 13 3 36 59 90 97 68 74 82
19 39 83 78 23 56 98 % 98 56 23 78 83 39 19
76 43 58 67 65 64 86 % 86 64 65 67 58 43 76
0 31 89 40 11 16 85 % 85 16 11 40 89 31 0
51 83 46 55 61 90 74 54 46 22 93 97 45 % 45 97 93 22 46 54 74 90 61 55 46 83 51
32 24 63 93 27 22 86 19 9 7 44 66 78 % 78 66 44 7 9 19 86 22 27 93 63 24 32
29 2 49 14 52 28 39 35 37 9 69 8 10 % 10 8 69 9 37 35 39 28 52 14 49 2 29
40 85 69 5 38 6 76 47 55 59 17 25 60 % 60 25 17 59 55 47 76 6 38 5 69 85 40
53 99 96 61 98 24 13 50 48 61 20 44 97 % 97 44 20 61 48 50 13 24 98 61 96 99 53
53 1 36 74 74 47 58 64 11 75 30 46 2 % 2 46 30 75 11 64 58 47 74 74 36 1 53
95 6 18 43 55 66 85 % 85 66 55 43 18 6 95
43 2 85 0 30 91 76 76 96 73 75 89 64 % 64 89 75 73 96 76 76 91 30 0 85 2 43
7 52 16 30 12 69 96 38 41 68 70 4 79 % 79 4 70 68 41 38 96 69 12 30 16 52 7
53 32 85 70 60 18 48 4 51 19 7 29 35 % 35 29 7 19 51 4 48 18 60 70 85 32 53
4 58 77 72 35 3 11 % 11 3 35 72 77 58 4
93 37 59 18 91 45 55 15 11 54 9 23 69 % 69 23 9 54 11 15 55 45 91 18 59 37 93
99 46 63 76 66 1 65 17 63 10 23 24 82 % 82 24 23 10 63 17 65 1 66 76 63 46 99
5 93 5 62 10 47 78 16 23 41 79 33 71 % 71 33 79 41 23 16 78 47 10 62 5 93 5
78 89 63 86 57 50 20 38 59 49 33 26 95 % 95 26 33 49 59 38 20 50 57 86 63 89 78
13 92 66 74 58 31 25 % 25 31 58 74 66 92 13
83 67 43 22 93 5 36 % 36 5 93 22 43 67 83
82 15 37 27 8 9 37 44 26 46 69 49 27 % 27 49 69 46 26 44 37 9 8 27 37 15 82
79 20 8 72 15 87 58 % 58 87 15 72 8 20 79
88 43 42 84 50 61 78 39 48 60 59 24 88 % 88 24 59 60 48 39 78 61 50 84 42 43 88
83 39 95 31 2 20 1 28 1 19 69 17 94 % 94 17 69 19 1 28 1 20 2 31 95 39 83
77 32 13 0 51 91 98 % 98 91 51 0 13 32 77
66 96 85 69 51 67 1 % 1 67 51 69 85 96 66
